1	19	A	16	 	A	17	 
1	21	A	17	 	A	16	 
1	83	A	16	 	A	15	 
1	277	A	15	 	A	16	 
1	1	A	17	 	A	15	 
1	1	A	15	 	A	17	 
1	19	A	16	 	A	19	 
1	21	A	19	 	A	16	 
1	19	A	17	 	A	19	 
1	21	A	19	 	A	17	 
1	17	A	16	 	A	14	 
1	17	A	14	 	A	16	 
1	17	A	16	 	A	18	 
1	17	A	18	 	A	16	 
1	95	A	17	 	A	18	 
1	287	A	18	 	A	17	 
1	21	A	9	 	A	5	 
1	19	A	5	 	A	9	 
1	21	A	9	 	A	6	 
1	19	A	6	 	A	9	 
1	31	A	9	 	A	8	 
1	31	A	8	 	A	9	 
1	17	A	9	 	A	11	 
1	17	A	11	 	A	9	 
1	17	A	9	 	A	12	 
1	17	A	12	 	A	9	 
1	27	A	9	 	A	13	 
1	29	A	13	 	A	9	 
1	36891	A	15	 	A	13	 
1	36893	A	13	 	A	15	 
1	343	A	15	 	A	14	 
1	343	A	14	 	A	15	 
1	17	A	9	 	A	7	 
1	17	A	7	 	A	9	 
1	23	A	9	 	A	10	 
1	23	A	10	 	A	9	 
1	37149	A	3	 	A	5	 
1	36955	A	5	 	A	3	 
1	37151	A	3	 	A	6	 
1	36959	A	6	 	A	3	 
1	23	A	5	 	A	6	 
1	23	A	6	 	A	5	 
1	19	A	5	 	A	8	 
1	21	A	8	 	A	5	 
1	17	A	6	 	A	8	 
1	17	A	8	 	A	6	 
1	17	A	3	 	A	1	 
1	17	A	1	 	A	3	 
1	279	A	3	 	A	2	 
1	87	A	2	 	A	3	 
1	279	A	3	 	A	4	 
1	87	A	4	 	A	3	 
1	19	A	3	 	A	7	 
1	21	A	7	 	A	3	 
1	23	A	5	 	A	4	 
1	23	A	4	 	A	5	 
1	17	A	5	 	A	7	 
1	17	A	7	 	A	5	 
1	36878	A	6	 	A	2	 
1	36878	A	2	 	A	6	 
1	17	A	6	 	A	4	 
1	17	A	4	 	A	6	 
1	23	A	6	 	A	7	 
1	23	A	7	 	A	6	 
1	19	A	6	 	A	10	 
1	21	A	10	 	A	6	 
1	46367	A	87	 	A	89	 
1	46175	A	89	 	A	87	 
1	46431	A	87	 	A	90	 
1	46431	A	90	 	A	87	 
1	37151	A	87	 	A	96	 
1	36959	A	96	 	A	87	 
1	279	A	89	 	A	90	 
1	87	A	90	 	A	89	 
1	19	A	89	 	A	91	 
1	21	A	91	 	A	89	 
1	1	A	89	 	A	94	 
1	1	A	94	 	A	89	 
1	279	A	90	 	A	91	 
1	87	A	91	 	A	90	 
1	277	A	90	 	A	94	 
1	83	A	94	 	A	90	 
1	46349	A	90	 	A	95	 
1	46155	A	95	 	A	90	 
1	37135	A	90	 	A	96	 
1	36943	A	96	 	A	90	 
1	23	A	91	 	A	94	 
1	23	A	94	 	A	91	 
1	17	A	91	 	A	95	 
1	17	A	95	 	A	91	 
1	1	A	91	 	A	96	 
1	1	A	96	 	A	91	 
1	87	A	94	 	A	95	 
1	279	A	95	 	A	94	 
1	19	A	94	 	A	96	 
1	21	A	96	 	A	94	 
1	279	A	95	 	A	96	 
1	87	A	96	 	A	95	 
1	46088	A	90	 	A	40	 
1	46088	A	40	 	A	90	 
1	17	A	90	 	A	92	 
1	17	A	92	 	A	90	 
1	66	A	91	 	A	40	 
1	260	A	40	 	A	91	 
1	23	A	91	 	A	92	 
1	23	A	92	 	A	91	 
1	19	A	91	 	A	93	 
1	21	A	93	 	A	91	 
1	2	A	94	 	A	40	 
1	4	A	40	 	A	94	 
1	19	A	94	 	A	92	 
1	21	A	92	 	A	94	 
1	37151	A	94	 	A	93	 
1	36959	A	93	 	A	94	 
1	46414	A	95	 	A	40	 
1	46414	A	40	 	A	95	 
1	269	A	95	 	A	92	 
1	75	A	92	 	A	95	 
1	277	A	95	 	A	93	 
1	83	A	93	 	A	95	 
1	21	A	87	 	A	85	 
1	19	A	85	 	A	87	 
1	279	A	87	 	A	86	 
1	87	A	86	 	A	87	 
1	277	A	87	 	A	88	 
1	83	A	88	 	A	87	 
1	13	A	87	 	A	98	 
1	11	A	98	 	A	87	 
1	277	A	89	 	A	88	 
1	83	A	88	 	A	89	 
1	46094	A	90	 	A	86	 
1	46094	A	86	 	A	90	 
1	17	A	90	 	A	88	 
1	17	A	88	 	A	90	 
1	66	A	91	 	A	86	 
1	260	A	86	 	A	91	 
1	1	A	96	 	A	85	 
1	1	A	85	 	A	96	 
1	19	A	96	 	A	86	 
1	21	A	86	 	A	96	 
1	17	A	96	 	A	98	 
1	17	A	98	 	A	96	 
1	261	A	87	 	A	97	 
1	67	A	97	 	A	87	 
1	2	A	95	 	A	27	 
1	4	A	27	 	A	95	 
1	46107	A	95	 	A	97	 
1	46109	A	97	 	A	95	 
1	36938	A	96	 	A	27	 
1	37132	A	27	 	A	96	 
1	23	A	96	 	A	97	 
1	23	A	97	 	A	96	 
1	36876	A	95	 	A	36	 
1	36874	A	36	 	A	95	 
1	260	A	95	 	A	39	 
1	66	A	39	 	A	95	 
1	270	A	40	 	A	92	 
1	78	A	92	 	A	40	 
1	31	A	92	 	A	93	 
1	31	A	93	 	A	92	 
1	46090	A	40	 	A	86	 
1	46092	A	86	 	A	40	 
1	17	A	40	 	A	35	 
1	17	A	35	 	A	40	 
1	46154	A	40	 	A	97	 
1	46348	A	97	 	A	40	 
1	3	A	40	 	A	36	 
1	5	A	36	 	A	40	 
1	1	A	40	 	A	38	 
1	1	A	38	 	A	40	 
1	279	A	40	 	A	39	 
1	87	A	39	 	A	40	 
1	260	A	92	 	A	36	 
1	66	A	36	 	A	92	 
1	4	A	92	 	A	37	 
1	2	A	37	 	A	92	 
1	260	A	92	 	A	38	 
1	66	A	38	 	A	92	 
1	260	A	92	 	A	39	 
1	66	A	39	 	A	92	 
1	23	A	40	 	A	41	 
1	23	A	41	 	A	40	 
1	19	A	40	 	A	42	 
1	21	A	42	 	A	40	 
1	23	A	85	 	A	86	 
1	23	A	86	 	A	85	 
1	23	A	85	 	A	98	 
1	23	A	98	 	A	85	 
1	17	A	86	 	A	88	 
1	17	A	88	 	A	86	 
1	1	A	86	 	A	98	 
1	1	A	98	 	A	86	 
1	19	A	85	 	A	97	 
1	21	A	97	 	A	85	 
1	11	A	86	 	A	97	 
1	13	A	97	 	A	86	 
1	66	A	98	 	A	26	 
1	260	A	26	 	A	98	 
1	23	A	98	 	A	97	 
1	23	A	97	 	A	98	 
1	343	A	98	 	A	99	 
1	343	A	99	 	A	98	 
1	46175	A	98	 	A	100	 
1	46367	A	100	 	A	98	 
1	21	A	85	 	A	42	 
1	19	A	42	 	A	85	 
1	36875	A	85	 	A	43	 
1	36877	A	43	 	A	85	 
1	91	A	85	 	A	83	 
1	285	A	83	 	A	85	 
1	23	A	85	 	A	84	 
1	23	A	84	 	A	85	 
1	4	A	86	 	A	41	 
1	2	A	41	 	A	86	 
1	37149	A	86	 	A	42	 
1	36955	A	42	 	A	86	 
1	17	A	86	 	A	84	 
1	17	A	84	 	A	86	 
1	3	A	98	 	A	83	 
1	5	A	83	 	A	98	 
1	83	A	98	 	A	84	 
1	277	A	84	 	A	98	 
1	14	A	19	 	A	14	 
1	14	A	14	 	A	19	 
1	95	A	19	 	A	18	 
1	287	A	18	 	A	19	 
1	23	A	19	 	A	20	 
1	23	A	20	 	A	19	 
1	19	A	19	 	A	21	 
1	21	A	21	 	A	19	 
1	66	A	19	 	A	24	 
1	260	A	24	 	A	19	 
1	2	A	19	 	A	28	 
1	4	A	28	 	A	19	 
1	19	A	8	 	A	11	 
1	21	A	11	 	A	8	 
1	91	A	8	 	A	12	 
1	285	A	12	 	A	8	 
1	27	A	8	 	A	13	 
1	29	A	13	 	A	8	 
1	46175	A	11	 	A	12	 
1	46367	A	12	 	A	11	 
1	17	A	11	 	A	13	 
1	17	A	13	 	A	11	 
1	23	A	12	 	A	13	 
1	23	A	13	 	A	12	 
1	17	A	12	 	A	14	 
1	17	A	14	 	A	12	 
1	23	A	13	 	A	14	 
1	23	A	14	 	A	13	 
1	21	A	8	 	A	4	 
1	19	A	4	 	A	8	 
1	23	A	8	 	A	7	 
1	23	A	7	 	A	8	 
1	17	A	8	 	A	10	 
1	17	A	10	 	A	8	 
1	46109	A	11	 	A	7	 
1	46107	A	7	 	A	11	 
1	36895	A	11	 	A	10	 
1	36895	A	10	 	A	11	 
1	17	A	12	 	A	7	 
1	17	A	7	 	A	12	 
1	17	A	12	 	A	10	 
1	17	A	10	 	A	12	 
1	17	A	13	 	A	10	 
1	17	A	10	 	A	13	 
1	23	A	1	 	A	2	 
1	23	A	2	 	A	1	 
1	17	A	2	 	A	4	 
1	17	A	4	 	A	2	 
1	268	A	2	 	A	7	 
1	74	A	7	 	A	2	 
1	64520	A	2	 	A	10	 
1	64520	A	10	 	A	2	 
1	19	A	4	 	A	7	 
1	21	A	7	 	A	4	 
1	36955	A	7	 	A	10	 
1	37149	A	10	 	A	7	 
1	17	A	18	 	A	20	 
1	17	A	20	 	A	18	 
1	46175	A	18	 	A	21	 
1	46367	A	21	 	A	18	 
1	279	A	20	 	A	21	 
1	87	A	21	 	A	20	 
1	17	A	20	 	A	22	 
1	17	A	22	 	A	20	 
1	46431	A	21	 	A	22	 
1	46431	A	22	 	A	21	 
1	46431	A	21	 	A	23	 
1	46431	A	23	 	A	21	 
1	351	A	22	 	A	23	 
1	351	A	23	 	A	22	 
1	66	A	18	 	A	24	 
1	260	A	24	 	A	18	 
1	2	A	20	 	A	24	 
1	4	A	24	 	A	20	 
1	46431	A	21	 	A	24	 
1	46431	A	24	 	A	21	 
1	17	A	21	 	A	25	 
1	17	A	25	 	A	21	 
1	17	A	22	 	A	24	 
1	17	A	24	 	A	22	 
1	19	A	22	 	A	25	 
1	21	A	25	 	A	22	 
1	17	A	22	 	A	26	 
1	17	A	26	 	A	22	 
1	66	A	22	 	A	99	 
1	260	A	99	 	A	22	 
1	46367	A	23	 	A	24	 
1	46175	A	24	 	A	23	 
1	17	A	23	 	A	25	 
1	17	A	25	 	A	23	 
1	17	A	23	 	A	26	 
1	17	A	26	 	A	23	 
1	66	A	23	 	A	27	 
1	260	A	27	 	A	23	 
1	1	A	23	 	A	97	 
1	1	A	97	 	A	23	 
1	83	A	23	 	A	99	 
1	277	A	99	 	A	23	 
1	46088	A	22	 	A	101	 
1	46088	A	101	 	A	22	 
1	23	A	24	 	A	25	 
1	23	A	25	 	A	24	 
1	17	A	24	 	A	26	 
1	17	A	26	 	A	24	 
1	46171	A	24	 	A	27	 
1	46365	A	27	 	A	24	 
1	27	A	24	 	A	28	 
1	29	A	28	 	A	24	 
1	66	A	24	 	A	99	 
1	260	A	99	 	A	24	 
1	31	A	25	 	A	26	 
1	31	A	26	 	A	25	 
1	17	A	25	 	A	27	 
1	17	A	27	 	A	25	 
1	19	A	25	 	A	28	 
1	21	A	28	 	A	25	 
1	36891	A	25	 	A	29	 
1	36893	A	29	 	A	25	 
1	17	A	25	 	A	30	 
1	17	A	30	 	A	25	 
1	74	A	25	 	A	99	 
1	268	A	99	 	A	25	 
1	279	A	26	 	A	27	 
1	87	A	27	 	A	26	 
1	17	A	26	 	A	28	 
1	17	A	28	 	A	26	 
1	19	A	26	 	A	29	 
1	21	A	29	 	A	26	 
1	27	A	26	 	A	30	 
1	29	A	30	 	A	26	 
1	17	A	26	 	A	31	 
1	17	A	31	 	A	26	 
1	14	A	26	 	A	97	 
1	14	A	97	 	A	26	 
1	46414	A	26	 	A	99	 
1	46414	A	99	 	A	26	 
1	31	A	27	 	A	28	 
1	31	A	28	 	A	27	 
1	17	A	27	 	A	29	 
1	17	A	29	 	A	27	 
1	19	A	27	 	A	30	 
1	21	A	30	 	A	27	 
1	83	A	27	 	A	31	 
1	277	A	31	 	A	27	 
1	270	A	27	 	A	97	 
1	78	A	97	 	A	27	 
1	66	A	27	 	A	99	 
1	260	A	99	 	A	27	 
1	23	A	28	 	A	29	 
1	23	A	29	 	A	28	 
1	17	A	28	 	A	30	 
1	17	A	30	 	A	28	 
1	83	A	28	 	A	31	 
1	277	A	31	 	A	28	 
1	83	A	28	 	A	32	 
1	277	A	32	 	A	28	 
1	17	A	28	 	A	33	 
1	17	A	33	 	A	28	 
1	23	A	29	 	A	30	 
1	23	A	30	 	A	29	 
1	19	A	29	 	A	31	 
1	21	A	31	 	A	29	 
1	91	A	29	 	A	32	 
1	285	A	32	 	A	29	 
1	36891	A	29	 	A	33	 
1	36893	A	33	 	A	29	 
1	2	A	29	 	A	35	 
1	4	A	35	 	A	29	 
1	23	A	30	 	A	31	 
1	23	A	31	 	A	30	 
1	17	A	30	 	A	32	 
1	17	A	32	 	A	30	 
1	19	A	30	 	A	33	 
1	21	A	33	 	A	30	 
1	36895	A	30	 	A	35	 
1	36895	A	35	 	A	30	 
1	36872	A	30	 	A	97	 
1	36872	A	97	 	A	30	 
1	279	A	31	 	A	32	 
1	87	A	32	 	A	31	 
1	17	A	31	 	A	33	 
1	17	A	33	 	A	31	 
1	17	A	31	 	A	35	 
1	17	A	35	 	A	31	 
1	9503	A	32	 	A	33	 
1	9311	A	33	 	A	32	 
1	27	A	33	 	A	35	 
1	29	A	35	 	A	33	 
1	66	A	35	 	A	97	 
1	260	A	97	 	A	35	 
1	83	A	97	 	A	99	 
1	277	A	99	 	A	97	 
1	17	A	29	 	A	34	 
1	17	A	34	 	A	29	 
1	17	A	30	 	A	34	 
1	17	A	34	 	A	30	 
1	91	A	30	 	A	36	 
1	285	A	36	 	A	30	 
1	19	A	31	 	A	34	 
1	21	A	34	 	A	31	 
1	74	A	31	 	A	36	 
1	268	A	36	 	A	31	 
1	19	A	32	 	A	34	 
1	21	A	34	 	A	32	 
1	23	A	33	 	A	34	 
1	23	A	34	 	A	33	 
1	23	A	35	 	A	34	 
1	23	A	34	 	A	35	 
1	95	A	35	 	A	36	 
1	287	A	36	 	A	35	 
1	17	A	35	 	A	37	 
1	17	A	37	 	A	35	 
1	1	A	35	 	A	39	 
1	1	A	39	 	A	35	 
1	36872	A	97	 	A	36	 
1	36872	A	36	 	A	97	 
1	260	A	26	 	A	100	 
1	66	A	100	 	A	26	 
1	343	A	99	 	A	100	 
1	343	A	100	 	A	99	 
1	29	A	99	 	A	101	 
1	27	A	101	 	A	99	 
1	8	A	25	 	A	46	 
1	8	A	46	 	A	25	 
1	8	A	25	 	A	82	 
1	8	A	82	 	A	25	 
1	8	A	25	 	A	84	 
1	8	A	84	 	A	25	 
1	36872	A	26	 	A	82	 
1	36872	A	82	 	A	26	 
1	260	A	26	 	A	83	 
1	66	A	83	 	A	26	 
1	46414	A	26	 	A	84	 
1	46414	A	84	 	A	26	 
1	36874	A	29	 	A	46	 
1	36876	A	46	 	A	29	 
1	12	A	30	 	A	41	 
1	10	A	41	 	A	30	 
1	36876	A	30	 	A	44	 
1	36874	A	44	 	A	30	 
1	10	A	30	 	A	46	 
1	12	A	46	 	A	30	 
1	8	A	30	 	A	84	 
1	8	A	84	 	A	30	 
1	8	A	33	 	A	46	 
1	8	A	46	 	A	33	 
1	27	A	35	 	A	41	 
1	29	A	41	 	A	35	 
1	36872	A	35	 	A	44	 
1	36872	A	44	 	A	35	 
1	36872	A	35	 	A	46	 
1	36872	A	46	 	A	35	 
1	268	A	97	 	A	41	 
1	74	A	41	 	A	97	 
1	260	A	97	 	A	42	 
1	66	A	42	 	A	97	 
1	12	A	97	 	A	84	 
1	10	A	84	 	A	97	 
1	36874	A	99	 	A	82	 
1	36876	A	82	 	A	99	 
1	21	A	99	 	A	83	 
1	19	A	83	 	A	99	 
1	1	A	99	 	A	84	 
1	1	A	84	 	A	99	 
1	46088	A	25	 	A	48	 
1	46088	A	48	 	A	25	 
1	17	A	34	 	A	36	 
1	17	A	36	 	A	34	 
1	27	A	34	 	A	37	 
1	29	A	37	 	A	34	 
1	279	A	36	 	A	37	 
1	87	A	37	 	A	36	 
1	17	A	36	 	A	38	 
1	17	A	38	 	A	36	 
1	21	A	36	 	A	39	 
1	19	A	39	 	A	36	 
1	21	A	37	 	A	38	 
1	19	A	38	 	A	37	 
1	19	A	37	 	A	39	 
1	21	A	39	 	A	37	 
1	19	A	38	 	A	39	 
1	21	A	39	 	A	38	 
1	21	A	39	 	A	41	 
1	19	A	41	 	A	39	 
1	279	A	100	 	A	101	 
1	87	A	101	 	A	100	 
1	36891	A	100	 	A	102	 
1	36893	A	102	 	A	100	 
1	23	A	101	 	A	102	 
1	23	A	102	 	A	101	 
1	17	A	101	 	A	103	 
1	17	A	103	 	A	101	 
1	23	A	102	 	A	103	 
1	23	A	103	 	A	102	 
1	29	A	102	 	A	104	 
1	27	A	104	 	A	102	 
1	23	A	103	 	A	104	 
1	23	A	104	 	A	103	 
1	17	A	103	 	A	105	 
1	17	A	105	 	A	103	 
1	23	A	104	 	A	105	 
1	23	A	105	 	A	104	 
1	1	A	100	 	A	81	 
1	1	A	81	 	A	100	 
1	83	A	100	 	A	82	 
1	277	A	82	 	A	100	 
1	46367	A	100	 	A	83	 
1	46175	A	83	 	A	100	 
1	21	A	101	 	A	81	 
1	19	A	81	 	A	101	 
1	46091	A	101	 	A	82	 
1	46093	A	82	 	A	101	 
1	36895	A	102	 	A	81	 
1	36895	A	81	 	A	102	 
1	3	A	103	 	A	81	 
1	5	A	81	 	A	103	 
1	10	A	104	 	A	81	 
1	12	A	81	 	A	104	 
1	46348	A	104	 	A	123	 
1	46154	A	123	 	A	104	 
1	17	A	105	 	A	107	 
1	17	A	107	 	A	105	 
1	1	A	105	 	A	122	 
1	1	A	122	 	A	105	 
1	83	A	105	 	A	123	 
1	277	A	123	 	A	105	 
1	13	A	104	 	A	124	 
1	11	A	124	 	A	104	 
1	287	A	105	 	A	124	 
1	95	A	124	 	A	105	 
1	46088	A	101	 	A	80	 
1	46088	A	80	 	A	101	 
1	1	A	102	 	A	79	 
1	1	A	79	 	A	102	 
1	19	A	102	 	A	80	 
1	21	A	80	 	A	102	 
1	46090	A	103	 	A	78	 
1	46092	A	78	 	A	103	 
1	21	A	103	 	A	79	 
1	19	A	79	 	A	103	 
1	9229	A	103	 	A	80	 
1	9227	A	80	 	A	103	 
1	1	A	104	 	A	77	 
1	1	A	77	 	A	104	 
1	19	A	104	 	A	78	 
1	21	A	78	 	A	104	 
1	19	A	104	 	A	79	 
1	21	A	79	 	A	104	 
1	277	A	105	 	A	77	 
1	83	A	77	 	A	105	 
1	37135	A	105	 	A	78	 
1	36943	A	78	 	A	105	 
1	1	A	105	 	A	79	 
1	1	A	79	 	A	105	 
1	66	A	104	 	A	75	 
1	260	A	75	 	A	104	 
1	19	A	104	 	A	106	 
1	21	A	106	 	A	104	 
1	9551	A	105	 	A	75	 
1	9551	A	75	 	A	105	 
1	23	A	105	 	A	106	 
1	23	A	106	 	A	105	 
1	260	A	105	 	A	76	 
1	66	A	76	 	A	105	 
1	9224	A	105	 	A	74	 
1	9224	A	74	 	A	105	 
1	31	A	41	 	A	42	 
1	31	A	42	 	A	41	 
1	277	A	41	 	A	43	 
1	83	A	43	 	A	41	 
1	46092	A	41	 	A	44	 
1	46090	A	44	 	A	41	 
1	36895	A	42	 	A	43	 
1	36895	A	43	 	A	42	 
1	17	A	42	 	A	44	 
1	17	A	44	 	A	42	 
1	1	A	42	 	A	84	 
1	1	A	84	 	A	42	 
1	23	A	43	 	A	44	 
1	23	A	44	 	A	43	 
1	17	A	43	 	A	45	 
1	17	A	45	 	A	43	 
1	36872	A	43	 	A	83	 
1	36872	A	83	 	A	43	 
1	21	A	43	 	A	84	 
1	19	A	84	 	A	43	 
1	343	A	44	 	A	45	 
1	343	A	45	 	A	44	 
1	36895	A	44	 	A	46	 
1	36895	A	46	 	A	44	 
1	1	A	44	 	A	82	 
1	1	A	82	 	A	44	 
1	17	A	44	 	A	83	 
1	17	A	83	 	A	44	 
1	95	A	44	 	A	84	 
1	287	A	84	 	A	44	 
1	279	A	45	 	A	46	 
1	87	A	46	 	A	45	 
1	36876	A	45	 	A	81	 
1	36874	A	81	 	A	45	 
1	277	A	45	 	A	82	 
1	83	A	82	 	A	45	 
1	46093	A	45	 	A	83	 
1	46091	A	83	 	A	45	 
1	1	A	45	 	A	84	 
1	1	A	84	 	A	45	 
1	36874	A	45	 	A	120	 
1	36876	A	120	 	A	45	 
1	19	A	46	 	A	81	 
1	21	A	81	 	A	46	 
1	95	A	46	 	A	82	 
1	287	A	82	 	A	46	 
1	36872	A	46	 	A	84	 
1	36872	A	84	 	A	46	 
1	87	A	81	 	A	82	 
1	279	A	82	 	A	81	 
1	17	A	81	 	A	83	 
1	17	A	83	 	A	81	 
1	36872	A	81	 	A	120	 
1	36872	A	120	 	A	81	 
1	36872	A	81	 	A	123	 
1	36872	A	123	 	A	81	 
1	279	A	82	 	A	83	 
1	87	A	83	 	A	82	 
1	36955	A	82	 	A	84	 
1	37149	A	84	 	A	82	 
1	343	A	83	 	A	84	 
1	343	A	84	 	A	83	 
1	1	A	107	 	A	119	 
1	1	A	119	 	A	107	 
1	3	A	107	 	A	120	 
1	5	A	120	 	A	107	 
1	27	A	107	 	A	121	 
1	29	A	121	 	A	107	 
1	36893	A	107	 	A	122	 
1	36891	A	122	 	A	107	 
1	5	A	107	 	A	123	 
1	3	A	123	 	A	107	 
1	279	A	119	 	A	120	 
1	87	A	120	 	A	119	 
1	46365	A	119	 	A	121	 
1	46171	A	121	 	A	119	 
1	23	A	120	 	A	121	 
1	23	A	121	 	A	120	 
1	21	A	120	 	A	122	 
1	19	A	122	 	A	120	 
1	36876	A	120	 	A	123	 
1	36874	A	123	 	A	120	 
1	37151	A	121	 	A	122	 
1	36959	A	122	 	A	121	 
1	1	A	121	 	A	123	 
1	1	A	123	 	A	121	 
1	87	A	122	 	A	123	 
1	279	A	123	 	A	122	 
1	36872	A	107	 	A	124	 
1	36872	A	124	 	A	107	 
1	46088	A	119	 	A	66	 
1	46088	A	66	 	A	119	 
1	66	A	120	 	A	66	 
1	260	A	66	 	A	120	 
1	4	A	121	 	A	64	 
1	2	A	64	 	A	121	 
1	46348	A	121	 	A	65	 
1	46154	A	65	 	A	121	 
1	55630	A	121	 	A	66	 
1	55630	A	66	 	A	121	 
1	36874	A	122	 	A	66	 
1	36876	A	66	 	A	122	 
1	17	A	122	 	A	124	 
1	17	A	124	 	A	122	 
1	279	A	123	 	A	124	 
1	87	A	124	 	A	123	 
1	1	A	46	 	A	80	 
1	1	A	80	 	A	46	 
1	29	A	81	 	A	79	 
1	27	A	79	 	A	81	 
1	23	A	81	 	A	80	 
1	23	A	80	 	A	81	 
1	17	A	82	 	A	80	 
1	17	A	80	 	A	82	 
1	36895	A	45	 	A	47	 
1	36895	A	47	 	A	45	 
1	23	A	46	 	A	47	 
1	23	A	47	 	A	46	 
1	91	A	46	 	A	48	 
1	285	A	48	 	A	46	 
1	13	A	81	 	A	47	 
1	11	A	47	 	A	81	 
1	67	A	81	 	A	48	 
1	261	A	48	 	A	81	 
1	8	A	81	 	A	106	 
1	8	A	106	 	A	81	 
1	46154	A	82	 	A	48	 
1	46348	A	48	 	A	82	 
1	23	A	107	 	A	106	 
1	23	A	106	 	A	107	 
1	23	A	107	 	A	108	 
1	23	A	108	 	A	107	 
1	17	A	107	 	A	109	 
1	17	A	109	 	A	107	 
1	19	A	119	 	A	108	 
1	21	A	108	 	A	119	 
1	36895	A	119	 	A	109	 
1	36895	A	109	 	A	119	 
1	17	A	119	 	A	117	 
1	17	A	117	 	A	119	 
1	8	A	120	 	A	47	 
1	8	A	47	 	A	120	 
1	12	A	120	 	A	106	 
1	10	A	106	 	A	120	 
1	11	A	120	 	A	108	 
1	13	A	108	 	A	120	 
1	5	A	121	 	A	108	 
1	3	A	108	 	A	121	 
1	5	A	121	 	A	109	 
1	3	A	109	 	A	121	 
1	19	A	122	 	A	106	 
1	21	A	106	 	A	122	 
1	13	A	123	 	A	106	 
1	11	A	106	 	A	123	 
1	31	A	119	 	A	118	 
1	31	A	118	 	A	119	 
1	17	A	120	 	A	118	 
1	17	A	118	 	A	120	 
1	36872	A	107	 	A	63	 
1	36872	A	63	 	A	107	 
1	12	A	107	 	A	72	 
1	10	A	72	 	A	107	 
1	21	A	107	 	A	73	 
1	19	A	73	 	A	107	 
1	36879	A	107	 	A	74	 
1	36879	A	74	 	A	107	 
1	46088	A	121	 	A	72	 
1	46088	A	72	 	A	121	 
1	343	A	64	 	A	65	 
1	343	A	65	 	A	64	 
1	17	A	64	 	A	66	 
1	17	A	66	 	A	64	 
1	279	A	65	 	A	66	 
1	87	A	66	 	A	65	 
1	4	A	64	 	A	68	 
1	2	A	68	 	A	64	 
1	277	A	64	 	A	69	 
1	83	A	69	 	A	64	 
1	46111	A	65	 	A	67	 
1	46111	A	67	 	A	65	 
1	21	A	65	 	A	68	 
1	19	A	68	 	A	65	 
1	285	A	65	 	A	69	 
1	91	A	69	 	A	65	 
1	87	A	66	 	A	67	 
1	279	A	67	 	A	66	 
1	17	A	66	 	A	68	 
1	17	A	68	 	A	66	 
1	36876	A	65	 	A	109	 
1	36874	A	109	 	A	65	 
1	17	A	64	 	A	62	 
1	17	A	62	 	A	64	 
1	279	A	64	 	A	63	 
1	87	A	63	 	A	64	 
1	83	A	64	 	A	72	 
1	277	A	72	 	A	64	 
1	277	A	65	 	A	63	 
1	83	A	63	 	A	65	 
1	46414	A	65	 	A	72	 
1	46414	A	72	 	A	65	 
1	36872	A	124	 	A	74	 
1	36872	A	74	 	A	124	 
1	36879	A	64	 	A	70	 
1	36879	A	70	 	A	64	 
1	261	A	65	 	A	70	 
1	67	A	70	 	A	65	 
1	46348	A	65	 	A	71	 
1	46154	A	71	 	A	65	 
1	277	A	67	 	A	68	 
1	83	A	68	 	A	67	 
1	287	A	67	 	A	69	 
1	95	A	69	 	A	67	 
1	19	A	68	 	A	69	 
1	21	A	69	 	A	68	 
1	1	A	69	 	A	63	 
1	1	A	63	 	A	69	 
1	19	A	68	 	A	70	 
1	21	A	70	 	A	68	 
1	46175	A	69	 	A	70	 
1	46367	A	70	 	A	69	 
1	46111	A	69	 	A	71	 
1	46111	A	71	 	A	69	 
1	343	A	77	 	A	78	 
1	343	A	78	 	A	77	 
1	19	A	77	 	A	79	 
1	21	A	79	 	A	77	 
1	279	A	78	 	A	79	 
1	87	A	79	 	A	78	 
1	17	A	78	 	A	80	 
1	17	A	80	 	A	78	 
1	23	A	79	 	A	80	 
1	23	A	80	 	A	79	 
1	83	A	77	 	A	75	 
1	277	A	75	 	A	77	 
1	17	A	77	 	A	106	 
1	17	A	106	 	A	77	 
1	2	A	78	 	A	49	 
1	4	A	49	 	A	78	 
1	66	A	78	 	A	75	 
1	260	A	75	 	A	78	 
1	8	A	79	 	A	47	 
1	8	A	47	 	A	79	 
1	74	A	79	 	A	49	 
1	268	A	49	 	A	79	 
1	12	A	79	 	A	53	 
1	10	A	53	 	A	79	 
1	36876	A	79	 	A	54	 
1	36874	A	54	 	A	79	 
1	36872	A	79	 	A	57	 
1	36872	A	57	 	A	79	 
1	36872	A	79	 	A	75	 
1	36872	A	75	 	A	79	 
1	36872	A	79	 	A	106	 
1	36872	A	106	 	A	79	 
1	19	A	80	 	A	47	 
1	21	A	47	 	A	80	 
1	91	A	80	 	A	48	 
1	285	A	48	 	A	80	 
1	91	A	80	 	A	49	 
1	285	A	49	 	A	80	 
1	287	A	77	 	A	76	 
1	95	A	76	 	A	77	 
1	17	A	78	 	A	76	 
1	17	A	76	 	A	78	 
1	66	A	77	 	A	60	 
1	260	A	60	 	A	77	 
1	87	A	47	 	A	48	 
1	279	A	48	 	A	47	 
1	29	A	47	 	A	49	 
1	27	A	49	 	A	47	 
1	36872	A	47	 	A	54	 
1	36872	A	54	 	A	47	 
1	36872	A	47	 	A	106	 
1	36872	A	106	 	A	47	 
1	23	A	48	 	A	49	 
1	23	A	49	 	A	48	 
1	17	A	48	 	A	50	 
1	17	A	50	 	A	48	 
1	343	A	49	 	A	50	 
1	343	A	50	 	A	49	 
1	17	A	49	 	A	51	 
1	17	A	51	 	A	49	 
1	36872	A	49	 	A	53	 
1	36872	A	53	 	A	49	 
1	10	A	49	 	A	54	 
1	12	A	54	 	A	49	 
1	279	A	50	 	A	51	 
1	87	A	51	 	A	50	 
1	37151	A	50	 	A	52	 
1	36959	A	52	 	A	50	 
1	46431	A	50	 	A	53	 
1	46431	A	53	 	A	50	 
1	19	A	50	 	A	54	 
1	21	A	54	 	A	50	 
1	23	A	51	 	A	52	 
1	23	A	52	 	A	51	 
1	17	A	51	 	A	53	 
1	17	A	53	 	A	51	 
1	27	A	51	 	A	54	 
1	29	A	54	 	A	51	 
1	36895	A	51	 	A	55	 
1	36895	A	55	 	A	51	 
1	17	A	51	 	A	56	 
1	17	A	56	 	A	51	 
1	36895	A	52	 	A	53	 
1	36895	A	53	 	A	52	 
1	17	A	52	 	A	54	 
1	17	A	54	 	A	52	 
1	19	A	52	 	A	55	 
1	21	A	55	 	A	52	 
1	19	A	52	 	A	56	 
1	21	A	56	 	A	52	 
1	31	A	53	 	A	54	 
1	31	A	54	 	A	53	 
1	17	A	53	 	A	55	 
1	17	A	55	 	A	53	 
1	19	A	53	 	A	56	 
1	21	A	56	 	A	53	 
1	19	A	53	 	A	57	 
1	21	A	57	 	A	53	 
1	23	A	54	 	A	55	 
1	23	A	55	 	A	54	 
1	17	A	54	 	A	56	 
1	17	A	56	 	A	54	 
1	19	A	54	 	A	57	 
1	21	A	57	 	A	54	 
1	83	A	54	 	A	58	 
1	277	A	58	 	A	54	 
1	36872	A	54	 	A	106	 
1	36872	A	106	 	A	54	 
1	36874	A	54	 	A	117	 
1	36876	A	117	 	A	54	 
1	23	A	55	 	A	56	 
1	23	A	56	 	A	55	 
1	19	A	55	 	A	57	 
1	21	A	57	 	A	55	 
1	83	A	55	 	A	58	 
1	277	A	58	 	A	55	 
1	10	A	55	 	A	117	 
1	12	A	117	 	A	55	 
1	23	A	56	 	A	57	 
1	23	A	57	 	A	56	 
1	19	A	56	 	A	58	 
1	21	A	58	 	A	56	 
1	87	A	57	 	A	58	 
1	279	A	58	 	A	57	 
1	36876	A	57	 	A	75	 
1	36874	A	75	 	A	57	 
1	36876	A	57	 	A	106	 
1	36874	A	106	 	A	57	 
1	36872	A	57	 	A	108	 
1	36872	A	108	 	A	57	 
1	2	A	57	 	A	110	 
1	4	A	110	 	A	57	 
1	36872	A	58	 	A	108	 
1	36872	A	108	 	A	58	 
1	46414	A	58	 	A	110	 
1	46414	A	110	 	A	58	 
1	37132	A	58	 	A	117	 
1	36938	A	117	 	A	58	 
1	287	A	75	 	A	106	 
1	95	A	106	 	A	75	 
1	36889	A	106	 	A	108	 
1	36889	A	108	 	A	106	 
1	23	A	108	 	A	109	 
1	23	A	109	 	A	108	 
1	36955	A	108	 	A	110	 
1	37149	A	110	 	A	108	 
1	36876	A	108	 	A	117	 
1	36874	A	117	 	A	108	 
1	87	A	109	 	A	110	 
1	279	A	110	 	A	109	 
1	19	A	109	 	A	117	 
1	21	A	117	 	A	109	 
1	37133	A	110	 	A	117	 
1	36939	A	117	 	A	110	 
1	1	A	55	 	A	115	 
1	1	A	115	 	A	55	 
1	36872	A	55	 	A	116	 
1	36872	A	116	 	A	55	 
1	46414	A	58	 	A	115	 
1	46414	A	115	 	A	58	 
1	260	A	58	 	A	116	 
1	66	A	116	 	A	58	 
1	17	A	109	 	A	111	 
1	17	A	111	 	A	109	 
1	1	A	109	 	A	116	 
1	1	A	116	 	A	109	 
1	36891	A	109	 	A	118	 
1	36893	A	118	 	A	109	 
1	277	A	110	 	A	111	 
1	83	A	111	 	A	110	 
1	17	A	110	 	A	112	 
1	17	A	112	 	A	110	 
1	46158	A	110	 	A	115	 
1	46350	A	115	 	A	110	 
1	277	A	110	 	A	116	 
1	83	A	116	 	A	110	 
1	3	A	110	 	A	118	 
1	5	A	118	 	A	110	 
1	21	A	117	 	A	115	 
1	19	A	115	 	A	117	 
1	31	A	117	 	A	116	 
1	31	A	116	 	A	117	 
1	23	A	117	 	A	118	 
1	23	A	118	 	A	117	 
1	279	A	75	 	A	76	 
1	87	A	76	 	A	75	 
1	66	A	53	 	A	60	 
1	260	A	60	 	A	53	 
1	17	A	55	 	A	59	 
1	17	A	59	 	A	55	 
1	36955	A	56	 	A	59	 
1	37149	A	59	 	A	56	 
1	36955	A	56	 	A	60	 
1	37149	A	60	 	A	56	 
1	17	A	57	 	A	59	 
1	17	A	59	 	A	57	 
1	36955	A	57	 	A	60	 
1	37149	A	60	 	A	57	 
1	17	A	57	 	A	61	 
1	17	A	61	 	A	57	 
1	15	A	57	 	A	73	 
1	15	A	73	 	A	57	 
1	5	A	57	 	A	74	 
1	3	A	74	 	A	57	 
1	87	A	58	 	A	59	 
1	279	A	59	 	A	58	 
1	17	A	58	 	A	60	 
1	17	A	60	 	A	58	 
1	74	A	58	 	A	73	 
1	268	A	73	 	A	58	 
1	74	A	75	 	A	60	 
1	268	A	60	 	A	75	 
1	17	A	75	 	A	73	 
1	17	A	73	 	A	75	 
1	279	A	75	 	A	74	 
1	87	A	74	 	A	75	 
1	1	A	106	 	A	73	 
1	1	A	73	 	A	106	 
1	19	A	106	 	A	74	 
1	21	A	74	 	A	106	 
1	83	A	108	 	A	72	 
1	277	A	72	 	A	108	 
1	31	A	108	 	A	73	 
1	31	A	73	 	A	108	 
1	36943	A	109	 	A	72	 
1	37135	A	72	 	A	109	 
1	1	A	109	 	A	73	 
1	1	A	73	 	A	109	 
1	1	A	110	 	A	72	 
1	1	A	72	 	A	110	 
1	10	A	110	 	A	73	 
1	12	A	73	 	A	110	 
1	1	A	108	 	A	71	 
1	1	A	71	 	A	108	 
1	36895	A	109	 	A	71	 
1	36895	A	71	 	A	109	 
1	343	A	110	 	A	71	 
1	343	A	71	 	A	110	 
1	17	A	111	 	A	112	 
1	17	A	112	 	A	111	 
1	17	A	111	 	A	113	 
1	17	A	113	 	A	111	 
1	1	A	111	 	A	114	 
1	1	A	114	 	A	111	 
1	83	A	111	 	A	115	 
1	277	A	115	 	A	111	 
1	19	A	111	 	A	116	 
1	21	A	116	 	A	111	 
1	3	A	111	 	A	118	 
1	5	A	118	 	A	111	 
1	19	A	112	 	A	113	 
1	21	A	113	 	A	112	 
1	17	A	112	 	A	114	 
1	17	A	114	 	A	112	 
1	83	A	112	 	A	115	 
1	277	A	115	 	A	112	 
1	31	A	113	 	A	114	 
1	31	A	114	 	A	113	 
1	5	A	113	 	A	115	 
1	3	A	115	 	A	113	 
1	23	A	114	 	A	115	 
1	23	A	115	 	A	114	 
1	19	A	114	 	A	116	 
1	21	A	116	 	A	114	 
1	279	A	115	 	A	116	 
1	87	A	116	 	A	115	 
1	36891	A	116	 	A	118	 
1	36893	A	118	 	A	116	 
1	2	A	111	 	A	71	 
1	4	A	71	 	A	111	 
1	74	A	76	 	A	60	 
1	268	A	60	 	A	76	 
1	17	A	76	 	A	74	 
1	17	A	74	 	A	76	 
1	287	A	59	 	A	60	 
1	95	A	60	 	A	59	 
1	17	A	59	 	A	61	 
1	17	A	61	 	A	59	 
1	2	A	59	 	A	73	 
1	4	A	73	 	A	59	 
1	31	A	60	 	A	61	 
1	31	A	61	 	A	60	 
1	19	A	60	 	A	62	 
1	21	A	62	 	A	60	 
1	2	A	60	 	A	73	 
1	4	A	73	 	A	60	 
1	5	A	60	 	A	74	 
1	3	A	74	 	A	60	 
1	23	A	61	 	A	62	 
1	23	A	62	 	A	61	 
1	36895	A	61	 	A	63	 
1	36895	A	63	 	A	61	 
1	1	A	61	 	A	72	 
1	1	A	72	 	A	61	 
1	19	A	61	 	A	73	 
1	21	A	73	 	A	61	 
1	46111	A	61	 	A	74	 
1	46111	A	74	 	A	61	 
1	279	A	62	 	A	63	 
1	87	A	63	 	A	62	 
1	21	A	62	 	A	72	 
1	19	A	72	 	A	62	 
1	11	A	62	 	A	73	 
1	13	A	73	 	A	62	 
1	95	A	63	 	A	72	 
1	287	A	72	 	A	63	 
1	21	A	63	 	A	73	 
1	19	A	73	 	A	63	 
1	36876	A	63	 	A	74	 
1	36874	A	74	 	A	63	 
1	279	A	72	 	A	73	 
1	87	A	73	 	A	72	 
1	17	A	72	 	A	74	 
1	17	A	74	 	A	72	 
1	23	A	73	 	A	74	 
1	23	A	74	 	A	73	 
1	46348	A	62	 	A	70	 
1	46154	A	70	 	A	62	 
1	4	A	62	 	A	71	 
1	2	A	71	 	A	62	 
1	3	A	63	 	A	70	 
1	5	A	70	 	A	63	 
1	17	A	63	 	A	71	 
1	17	A	71	 	A	63	 
1	17	A	72	 	A	70	 
1	17	A	70	 	A	72	 
1	46431	A	72	 	A	71	 
1	46431	A	71	 	A	72	 
1	21	A	73	 	A	71	 
1	19	A	71	 	A	73	 
1	343	A	70	 	A	71	 
1	343	A	71	 	A	70	 
2	95	B	76	 	B	77	 
2	287	B	77	 	B	76	 
2	46154	B	76	 	B	60	 
2	46348	B	60	 	B	76	 
2	87	B	76	 	B	75	 
2	279	B	75	 	B	76	 
2	66	B	77	 	B	60	 
2	260	B	60	 	B	77	 
2	83	B	77	 	B	75	 
2	277	B	75	 	B	77	 
2	17	B	76	 	B	78	 
2	17	B	78	 	B	76	 
2	66	B	76	 	B	105	 
2	260	B	105	 	B	76	 
2	343	B	77	 	B	78	 
2	343	B	78	 	B	77	 
2	1	B	77	 	B	104	 
2	1	B	104	 	B	77	 
2	83	B	77	 	B	105	 
2	277	B	105	 	B	77	 
2	17	B	76	 	B	74	 
2	17	B	74	 	B	76	 
2	17	B	77	 	B	106	 
2	17	B	106	 	B	77	 
2	19	B	77	 	B	79	 
2	21	B	79	 	B	77	 
2	23	B	56	 	B	57	 
2	23	B	57	 	B	56	 
2	17	B	56	 	B	58	 
2	17	B	58	 	B	56	 
2	36955	B	56	 	B	59	 
2	37149	B	59	 	B	56	 
2	36955	B	56	 	B	60	 
2	37149	B	60	 	B	56	 
2	23	B	57	 	B	58	 
2	23	B	58	 	B	57	 
2	83	B	57	 	B	59	 
2	277	B	59	 	B	57	 
2	36955	B	57	 	B	60	 
2	37149	B	60	 	B	57	 
2	17	B	57	 	B	61	 
2	17	B	61	 	B	57	 
2	15	B	57	 	B	73	 
2	15	B	73	 	B	57	 
2	36876	B	57	 	B	75	 
2	36874	B	75	 	B	57	 
2	2	B	57	 	B	110	 
2	4	B	110	 	B	57	 
2	87	B	58	 	B	59	 
2	279	B	59	 	B	58	 
2	17	B	58	 	B	60	 
2	17	B	60	 	B	58	 
2	74	B	58	 	B	73	 
2	268	B	73	 	B	58	 
2	46414	B	58	 	B	110	 
2	46414	B	110	 	B	58	 
2	46414	B	58	 	B	115	 
2	46414	B	115	 	B	58	 
2	260	B	58	 	B	116	 
2	66	B	116	 	B	58	 
2	37132	B	58	 	B	117	 
2	36938	B	117	 	B	58	 
2	287	B	59	 	B	60	 
2	95	B	60	 	B	59	 
2	17	B	59	 	B	61	 
2	17	B	61	 	B	59	 
2	2	B	59	 	B	73	 
2	4	B	73	 	B	59	 
2	31	B	60	 	B	61	 
2	31	B	61	 	B	60	 
2	19	B	60	 	B	62	 
2	21	B	62	 	B	60	 
2	2	B	60	 	B	73	 
2	4	B	73	 	B	60	 
2	268	B	60	 	B	75	 
2	74	B	75	 	B	60	 
2	23	B	61	 	B	62	 
2	23	B	62	 	B	61	 
2	19	B	61	 	B	73	 
2	21	B	73	 	B	61	 
2	46091	B	62	 	B	73	 
2	46093	B	73	 	B	62	 
2	17	B	73	 	B	75	 
2	17	B	75	 	B	73	 
2	12	B	73	 	B	110	 
2	10	B	110	 	B	73	 
2	46158	B	110	 	B	115	 
2	46350	B	115	 	B	110	 
2	277	B	110	 	B	116	 
2	83	B	116	 	B	110	 
2	37133	B	110	 	B	117	 
2	36939	B	117	 	B	110	 
2	279	B	115	 	B	116	 
2	87	B	116	 	B	115	 
2	17	B	115	 	B	117	 
2	17	B	117	 	B	115	 
2	31	B	116	 	B	117	 
2	31	B	117	 	B	116	 
2	277	B	110	 	B	111	 
2	83	B	111	 	B	110	 
2	1	B	110	 	B	112	 
2	1	B	112	 	B	110	 
2	277	B	115	 	B	111	 
2	83	B	111	 	B	115	 
2	277	B	115	 	B	112	 
2	83	B	112	 	B	115	 
2	1	B	115	 	B	113	 
2	1	B	113	 	B	115	 
2	23	B	115	 	B	114	 
2	23	B	114	 	B	115	 
2	21	B	116	 	B	111	 
2	19	B	111	 	B	116	 
2	29	B	116	 	B	114	 
2	27	B	114	 	B	116	 
2	17	B	56	 	B	51	 
2	17	B	51	 	B	56	 
2	21	B	56	 	B	52	 
2	19	B	52	 	B	56	 
2	21	B	56	 	B	53	 
2	19	B	53	 	B	56	 
2	21	B	56	 	B	54	 
2	19	B	54	 	B	56	 
2	23	B	56	 	B	55	 
2	23	B	55	 	B	56	 
2	21	B	57	 	B	53	 
2	19	B	53	 	B	57	 
2	21	B	57	 	B	54	 
2	19	B	54	 	B	57	 
2	21	B	57	 	B	55	 
2	19	B	55	 	B	57	 
2	17	B	58	 	B	54	 
2	17	B	54	 	B	58	 
2	277	B	58	 	B	55	 
2	83	B	55	 	B	58	 
2	17	B	59	 	B	55	 
2	17	B	55	 	B	59	 
2	1	B	115	 	B	55	 
2	1	B	55	 	B	115	 
2	8	B	116	 	B	55	 
2	8	B	55	 	B	116	 
2	36876	B	117	 	B	54	 
2	36874	B	54	 	B	117	 
2	12	B	117	 	B	55	 
2	10	B	55	 	B	117	 
2	260	B	75	 	B	78	 
2	66	B	78	 	B	75	 
2	260	B	75	 	B	104	 
2	66	B	104	 	B	75	 
2	9551	B	75	 	B	105	 
2	9551	B	105	 	B	75	 
2	5	B	57	 	B	74	 
2	3	B	74	 	B	57	 
2	36876	B	57	 	B	106	 
2	36874	B	106	 	B	57	 
2	36872	B	57	 	B	108	 
2	36872	B	108	 	B	57	 
2	36872	B	58	 	B	108	 
2	36872	B	108	 	B	58	 
2	5	B	60	 	B	74	 
2	3	B	74	 	B	60	 
2	27	B	61	 	B	63	 
2	29	B	63	 	B	61	 
2	1	B	61	 	B	72	 
2	1	B	72	 	B	61	 
2	46111	B	61	 	B	74	 
2	46111	B	74	 	B	61	 
2	23	B	62	 	B	63	 
2	23	B	63	 	B	62	 
2	17	B	62	 	B	64	 
2	17	B	64	 	B	62	 
2	36876	B	62	 	B	71	 
2	36874	B	71	 	B	62	 
2	277	B	62	 	B	72	 
2	83	B	72	 	B	62	 
2	19	B	73	 	B	63	 
2	21	B	63	 	B	73	 
2	29	B	73	 	B	71	 
2	27	B	71	 	B	73	 
2	87	B	73	 	B	72	 
2	279	B	72	 	B	73	 
2	23	B	73	 	B	74	 
2	23	B	74	 	B	73	 
2	1	B	73	 	B	106	 
2	1	B	106	 	B	73	 
2	19	B	73	 	B	107	 
2	21	B	107	 	B	73	 
2	31	B	73	 	B	108	 
2	31	B	108	 	B	73	 
2	279	B	75	 	B	74	 
2	87	B	74	 	B	75	 
2	37151	B	75	 	B	106	 
2	36959	B	106	 	B	75	 
2	1	B	75	 	B	107	 
2	1	B	107	 	B	75	 
2	279	B	110	 	B	71	 
2	87	B	71	 	B	110	 
2	1	B	110	 	B	72	 
2	1	B	72	 	B	110	 
2	37149	B	110	 	B	108	 
2	36955	B	108	 	B	110	 
2	279	B	110	 	B	109	 
2	87	B	109	 	B	110	 
2	1	B	116	 	B	109	 
2	1	B	109	 	B	116	 
2	36874	B	117	 	B	108	 
2	36876	B	108	 	B	117	 
2	21	B	117	 	B	109	 
2	19	B	109	 	B	117	 
2	3	B	110	 	B	118	 
2	5	B	118	 	B	110	 
2	36891	B	116	 	B	118	 
2	36893	B	118	 	B	116	 
2	23	B	117	 	B	118	 
2	23	B	118	 	B	117	 
2	17	B	117	 	B	119	 
2	17	B	119	 	B	117	 
2	36872	B	57	 	B	79	 
2	36872	B	79	 	B	57	 
2	36872	B	75	 	B	79	 
2	36872	B	79	 	B	75	 
2	17	B	111	 	B	112	 
2	17	B	112	 	B	111	 
2	17	B	111	 	B	113	 
2	17	B	113	 	B	111	 
2	1	B	111	 	B	114	 
2	1	B	114	 	B	111	 
2	19	B	112	 	B	113	 
2	21	B	113	 	B	112	 
2	17	B	112	 	B	114	 
2	17	B	114	 	B	112	 
2	31	B	113	 	B	114	 
2	31	B	114	 	B	113	 
2	17	B	111	 	B	109	 
2	17	B	109	 	B	111	 
2	3	B	111	 	B	118	 
2	5	B	118	 	B	111	 
2	279	B	49	 	B	50	 
2	87	B	50	 	B	49	 
2	17	B	49	 	B	51	 
2	17	B	51	 	B	49	 
2	36872	B	49	 	B	53	 
2	36872	B	53	 	B	49	 
2	10	B	49	 	B	54	 
2	12	B	54	 	B	49	 
2	279	B	50	 	B	51	 
2	87	B	51	 	B	50	 
2	37149	B	50	 	B	52	 
2	36955	B	52	 	B	50	 
2	46431	B	50	 	B	53	 
2	46431	B	53	 	B	50	 
2	19	B	50	 	B	54	 
2	21	B	54	 	B	50	 
2	23	B	51	 	B	52	 
2	23	B	52	 	B	51	 
2	17	B	51	 	B	53	 
2	17	B	53	 	B	51	 
2	27	B	51	 	B	54	 
2	29	B	54	 	B	51	 
2	36891	B	51	 	B	55	 
2	36893	B	55	 	B	51	 
2	36895	B	52	 	B	53	 
2	36895	B	53	 	B	52	 
2	17	B	52	 	B	54	 
2	17	B	54	 	B	52	 
2	19	B	52	 	B	55	 
2	21	B	55	 	B	52	 
2	23	B	53	 	B	54	 
2	23	B	54	 	B	53	 
2	17	B	53	 	B	55	 
2	17	B	55	 	B	53	 
2	23	B	54	 	B	55	 
2	23	B	55	 	B	54	 
2	4	B	49	 	B	78	 
2	2	B	78	 	B	49	 
2	36872	B	54	 	B	106	 
2	36872	B	106	 	B	54	 
2	36872	B	54	 	B	108	 
2	36872	B	108	 	B	54	 
2	268	B	49	 	B	79	 
2	74	B	79	 	B	49	 
2	64799	B	49	 	B	80	 
2	64607	B	80	 	B	49	 
2	10	B	53	 	B	79	 
2	12	B	79	 	B	53	 
2	36874	B	54	 	B	79	 
2	36876	B	79	 	B	54	 
2	27	B	49	 	B	47	 
2	29	B	47	 	B	49	 
2	23	B	49	 	B	48	 
2	23	B	48	 	B	49	 
2	17	B	50	 	B	48	 
2	17	B	48	 	B	50	 
2	36872	B	54	 	B	47	 
2	36872	B	47	 	B	54	 
2	21	B	78	 	B	104	 
2	19	B	104	 	B	78	 
2	36943	B	78	 	B	105	 
2	37135	B	105	 	B	78	 
2	23	B	104	 	B	105	 
2	23	B	105	 	B	104	 
2	13	B	104	 	B	124	 
2	11	B	124	 	B	104	 
2	287	B	105	 	B	124	 
2	95	B	124	 	B	105	 
2	19	B	104	 	B	106	 
2	21	B	106	 	B	104	 
2	46092	B	104	 	B	123	 
2	46090	B	123	 	B	104	 
2	8	B	105	 	B	74	 
2	8	B	74	 	B	105	 
2	23	B	105	 	B	106	 
2	23	B	106	 	B	105	 
2	17	B	105	 	B	107	 
2	17	B	107	 	B	105	 
2	1	B	105	 	B	122	 
2	1	B	122	 	B	105	 
2	83	B	105	 	B	123	 
2	277	B	123	 	B	105	 
2	36872	B	124	 	B	66	 
2	36872	B	66	 	B	124	 
2	36872	B	124	 	B	74	 
2	36872	B	74	 	B	124	 
2	1	B	124	 	B	106	 
2	1	B	106	 	B	124	 
2	36872	B	124	 	B	107	 
2	36872	B	107	 	B	124	 
2	17	B	124	 	B	122	 
2	17	B	122	 	B	124	 
2	87	B	124	 	B	123	 
2	279	B	123	 	B	124	 
2	279	B	78	 	B	79	 
2	87	B	79	 	B	78	 
2	17	B	78	 	B	80	 
2	17	B	80	 	B	78	 
2	46092	B	78	 	B	103	 
2	46090	B	103	 	B	78	 
2	19	B	104	 	B	79	 
2	21	B	79	 	B	104	 
2	10	B	104	 	B	81	 
2	12	B	81	 	B	104	 
2	25	B	104	 	B	102	 
2	25	B	102	 	B	104	 
2	23	B	104	 	B	103	 
2	23	B	103	 	B	104	 
2	1	B	105	 	B	79	 
2	1	B	79	 	B	105	 
2	1	B	105	 	B	103	 
2	1	B	103	 	B	105	 
2	87	B	63	 	B	64	 
2	279	B	64	 	B	63	 
2	83	B	63	 	B	65	 
2	277	B	65	 	B	63	 
2	31	B	63	 	B	72	 
2	31	B	72	 	B	63	 
2	36877	B	63	 	B	74	 
2	36875	B	74	 	B	63	 
2	36872	B	63	 	B	107	 
2	36872	B	107	 	B	63	 
2	343	B	64	 	B	65	 
2	343	B	65	 	B	64	 
2	19	B	64	 	B	66	 
2	21	B	66	 	B	64	 
2	2	B	64	 	B	72	 
2	4	B	72	 	B	64	 
2	2	B	64	 	B	107	 
2	4	B	107	 	B	64	 
2	279	B	65	 	B	66	 
2	87	B	66	 	B	65	 
2	277	B	65	 	B	67	 
2	83	B	67	 	B	65	 
2	46365	B	65	 	B	69	 
2	46171	B	69	 	B	65	 
2	260	B	65	 	B	71	 
2	66	B	71	 	B	65	 
2	46414	B	65	 	B	72	 
2	46414	B	72	 	B	65	 
2	46090	B	65	 	B	121	 
2	46092	B	121	 	B	65	 
2	31	B	66	 	B	67	 
2	31	B	67	 	B	66	 
2	36872	B	66	 	B	107	 
2	36872	B	107	 	B	66	 
2	74	B	66	 	B	121	 
2	268	B	121	 	B	66	 
2	8	B	66	 	B	122	 
2	8	B	122	 	B	66	 
2	36955	B	67	 	B	69	 
2	37149	B	69	 	B	67	 
2	260	B	67	 	B	120	 
2	66	B	120	 	B	67	 
2	46431	B	67	 	B	121	 
2	46431	B	121	 	B	67	 
2	4	B	67	 	B	122	 
2	2	B	122	 	B	67	 
2	17	B	69	 	B	71	 
2	17	B	71	 	B	69	 
2	46088	B	69	 	B	72	 
2	46088	B	72	 	B	69	 
2	36876	B	69	 	B	109	 
2	36874	B	109	 	B	69	 
2	260	B	69	 	B	120	 
2	66	B	120	 	B	69	 
2	46092	B	69	 	B	121	 
2	46090	B	121	 	B	69	 
2	87	B	71	 	B	72	 
2	279	B	72	 	B	71	 
2	1	B	71	 	B	108	 
2	1	B	108	 	B	71	 
2	19	B	71	 	B	109	 
2	21	B	109	 	B	71	 
2	17	B	72	 	B	74	 
2	17	B	74	 	B	72	 
2	10	B	72	 	B	107	 
2	12	B	107	 	B	72	 
2	277	B	72	 	B	108	 
2	83	B	108	 	B	72	 
2	37135	B	72	 	B	109	 
2	36943	B	109	 	B	72	 
2	46088	B	72	 	B	121	 
2	46088	B	121	 	B	72	 
2	21	B	74	 	B	106	 
2	19	B	106	 	B	74	 
2	36879	B	74	 	B	107	 
2	36879	B	107	 	B	74	 
2	23	B	106	 	B	107	 
2	23	B	107	 	B	106	 
2	36889	B	106	 	B	108	 
2	36889	B	108	 	B	106	 
2	10	B	106	 	B	120	 
2	12	B	120	 	B	106	 
2	21	B	106	 	B	122	 
2	19	B	122	 	B	106	 
2	11	B	106	 	B	123	 
2	13	B	123	 	B	106	 
2	23	B	107	 	B	108	 
2	23	B	108	 	B	107	 
2	17	B	107	 	B	109	 
2	17	B	109	 	B	107	 
2	3	B	107	 	B	120	 
2	5	B	120	 	B	107	 
2	36891	B	107	 	B	121	 
2	36893	B	121	 	B	107	 
2	36893	B	107	 	B	122	 
2	36891	B	122	 	B	107	 
2	1	B	107	 	B	123	 
2	1	B	123	 	B	107	 
2	23	B	108	 	B	109	 
2	23	B	109	 	B	108	 
2	13	B	108	 	B	120	 
2	11	B	120	 	B	108	 
2	3	B	108	 	B	121	 
2	5	B	121	 	B	108	 
2	3	B	109	 	B	121	 
2	5	B	121	 	B	109	 
2	23	B	120	 	B	121	 
2	23	B	121	 	B	120	 
2	21	B	120	 	B	122	 
2	19	B	122	 	B	120	 
2	12	B	120	 	B	123	 
2	10	B	123	 	B	120	 
2	37151	B	121	 	B	122	 
2	36959	B	122	 	B	121	 
2	1	B	121	 	B	123	 
2	1	B	123	 	B	121	 
2	87	B	122	 	B	123	 
2	279	B	123	 	B	122	 
2	260	B	65	 	B	70	 
2	66	B	70	 	B	65	 
2	17	B	66	 	B	68	 
2	17	B	68	 	B	66	 
2	21	B	67	 	B	68	 
2	19	B	68	 	B	67	 
2	21	B	69	 	B	68	 
2	19	B	68	 	B	69	 
2	343	B	69	 	B	70	 
2	343	B	70	 	B	69	 
2	46088	B	69	 	B	119	 
2	46088	B	119	 	B	69	 
2	46431	B	71	 	B	70	 
2	46431	B	70	 	B	71	 
2	277	B	72	 	B	70	 
2	83	B	70	 	B	72	 
2	1	B	107	 	B	119	 
2	1	B	119	 	B	107	 
2	21	B	108	 	B	119	 
2	19	B	119	 	B	108	 
2	5	B	109	 	B	70	 
2	3	B	70	 	B	109	 
2	36891	B	109	 	B	118	 
2	36893	B	118	 	B	109	 
2	31	B	109	 	B	119	 
2	31	B	119	 	B	109	 
2	17	B	120	 	B	118	 
2	17	B	118	 	B	120	 
2	87	B	120	 	B	119	 
2	279	B	119	 	B	120	 
2	17	B	121	 	B	119	 
2	17	B	119	 	B	121	 
2	36872	B	106	 	B	79	 
2	36872	B	79	 	B	106	 
2	8	B	106	 	B	81	 
2	8	B	81	 	B	106	 
2	36872	B	123	 	B	81	 
2	36872	B	81	 	B	123	 
2	36872	B	106	 	B	47	 
2	36872	B	47	 	B	106	 
2	36876	B	120	 	B	45	 
2	36874	B	45	 	B	120	 
2	8	B	120	 	B	47	 
2	8	B	47	 	B	120	 
2	1	B	68	 	B	70	 
2	1	B	70	 	B	68	 
2	36959	B	118	 	B	119	 
2	37151	B	119	 	B	118	 
2	23	B	79	 	B	80	 
2	23	B	80	 	B	79	 
2	27	B	79	 	B	81	 
2	29	B	81	 	B	79	 
2	1	B	79	 	B	102	 
2	1	B	102	 	B	79	 
2	19	B	79	 	B	103	 
2	21	B	103	 	B	79	 
2	23	B	80	 	B	81	 
2	23	B	81	 	B	80	 
2	21	B	80	 	B	102	 
2	19	B	102	 	B	80	 
2	11	B	80	 	B	103	 
2	13	B	103	 	B	80	 
2	1	B	81	 	B	100	 
2	1	B	100	 	B	81	 
2	19	B	81	 	B	101	 
2	21	B	101	 	B	81	 
2	36895	B	81	 	B	102	 
2	36895	B	102	 	B	81	 
2	5	B	81	 	B	103	 
2	3	B	103	 	B	81	 
2	343	B	99	 	B	100	 
2	343	B	100	 	B	99	 
2	29	B	99	 	B	101	 
2	27	B	101	 	B	99	 
2	279	B	100	 	B	101	 
2	87	B	101	 	B	100	 
2	36891	B	100	 	B	102	 
2	36893	B	102	 	B	100	 
2	23	B	101	 	B	102	 
2	23	B	102	 	B	101	 
2	1	B	101	 	B	103	 
2	1	B	103	 	B	101	 
2	23	B	102	 	B	103	 
2	23	B	103	 	B	102	 
2	8	B	79	 	B	47	 
2	8	B	47	 	B	79	 
2	1	B	80	 	B	46	 
2	1	B	46	 	B	80	 
2	19	B	80	 	B	47	 
2	21	B	47	 	B	80	 
2	351	B	80	 	B	48	 
2	351	B	48	 	B	80	 
2	17	B	80	 	B	82	 
2	17	B	82	 	B	80	 
2	36874	B	81	 	B	45	 
2	36876	B	45	 	B	81	 
2	21	B	81	 	B	46	 
2	19	B	46	 	B	81	 
2	13	B	81	 	B	47	 
2	11	B	47	 	B	81	 
2	67	B	81	 	B	48	 
2	261	B	48	 	B	81	 
2	87	B	81	 	B	82	 
2	279	B	82	 	B	81	 
2	17	B	81	 	B	83	 
2	17	B	83	 	B	81	 
2	268	B	99	 	B	25	 
2	74	B	25	 	B	99	 
2	46414	B	99	 	B	26	 
2	46414	B	26	 	B	99	 
2	36874	B	99	 	B	82	 
2	36876	B	82	 	B	99	 
2	21	B	99	 	B	83	 
2	19	B	83	 	B	99	 
2	66	B	100	 	B	26	 
2	260	B	26	 	B	100	 
2	83	B	100	 	B	82	 
2	277	B	82	 	B	100	 
2	287	B	100	 	B	83	 
2	95	B	83	 	B	100	 
2	46095	B	101	 	B	82	 
2	46095	B	82	 	B	101	 
2	1	B	101	 	B	83	 
2	1	B	83	 	B	101	 
2	260	B	99	 	B	22	 
2	66	B	22	 	B	99	 
2	260	B	99	 	B	24	 
2	66	B	24	 	B	99	 
2	277	B	99	 	B	97	 
2	83	B	97	 	B	99	 
2	279	B	99	 	B	98	 
2	87	B	98	 	B	99	 
2	285	B	100	 	B	98	 
2	91	B	98	 	B	100	 
2	277	B	99	 	B	23	 
2	83	B	23	 	B	99	 
2	260	B	99	 	B	27	 
2	66	B	27	 	B	99	 
2	31	B	25	 	B	26	 
2	31	B	26	 	B	25	 
2	36891	B	25	 	B	29	 
2	36893	B	29	 	B	25	 
2	17	B	25	 	B	30	 
2	17	B	30	 	B	25	 
2	8	B	25	 	B	46	 
2	8	B	46	 	B	25	 
2	46088	B	25	 	B	48	 
2	46088	B	48	 	B	25	 
2	46088	B	25	 	B	82	 
2	46088	B	82	 	B	25	 
2	8	B	25	 	B	84	 
2	8	B	84	 	B	25	 
2	19	B	26	 	B	29	 
2	21	B	29	 	B	26	 
2	27	B	26	 	B	30	 
2	29	B	30	 	B	26	 
2	36872	B	26	 	B	82	 
2	36872	B	82	 	B	26	 
2	260	B	26	 	B	83	 
2	66	B	83	 	B	26	 
2	46414	B	26	 	B	84	 
2	46414	B	84	 	B	26	 
2	23	B	29	 	B	30	 
2	23	B	30	 	B	29	 
2	36891	B	29	 	B	33	 
2	36893	B	33	 	B	29	 
2	2	B	29	 	B	35	 
2	4	B	35	 	B	29	 
2	36874	B	29	 	B	46	 
2	36876	B	46	 	B	29	 
2	19	B	30	 	B	33	 
2	21	B	33	 	B	30	 
2	36895	B	30	 	B	35	 
2	36895	B	35	 	B	30	 
2	12	B	30	 	B	41	 
2	10	B	41	 	B	30	 
2	36876	B	30	 	B	44	 
2	36874	B	44	 	B	30	 
2	10	B	30	 	B	46	 
2	12	B	46	 	B	30	 
2	8	B	30	 	B	84	 
2	8	B	84	 	B	30	 
2	27	B	33	 	B	35	 
2	29	B	35	 	B	33	 
2	8	B	33	 	B	46	 
2	8	B	46	 	B	33	 
2	27	B	35	 	B	41	 
2	29	B	41	 	B	35	 
2	36872	B	35	 	B	44	 
2	36872	B	44	 	B	35	 
2	36872	B	35	 	B	46	 
2	36872	B	46	 	B	35	 
2	277	B	41	 	B	43	 
2	83	B	43	 	B	41	 
2	46092	B	41	 	B	44	 
2	46090	B	44	 	B	41	 
2	23	B	43	 	B	44	 
2	23	B	44	 	B	43	 
2	17	B	43	 	B	45	 
2	17	B	45	 	B	43	 
2	36872	B	43	 	B	83	 
2	36872	B	83	 	B	43	 
2	21	B	43	 	B	84	 
2	19	B	84	 	B	43	 
2	343	B	44	 	B	45	 
2	343	B	45	 	B	44	 
2	36895	B	44	 	B	46	 
2	36895	B	46	 	B	44	 
2	1	B	44	 	B	82	 
2	1	B	82	 	B	44	 
2	19	B	44	 	B	83	 
2	21	B	83	 	B	44	 
2	95	B	44	 	B	84	 
2	287	B	84	 	B	44	 
2	279	B	45	 	B	46	 
2	87	B	46	 	B	45	 
2	36895	B	45	 	B	47	 
2	36895	B	47	 	B	45	 
2	277	B	45	 	B	82	 
2	83	B	82	 	B	45	 
2	46093	B	45	 	B	83	 
2	46091	B	83	 	B	45	 
2	1	B	45	 	B	84	 
2	1	B	84	 	B	45	 
2	23	B	46	 	B	47	 
2	23	B	47	 	B	46	 
2	91	B	46	 	B	48	 
2	285	B	48	 	B	46	 
2	95	B	46	 	B	82	 
2	287	B	82	 	B	46	 
2	8	B	46	 	B	84	 
2	8	B	84	 	B	46	 
2	87	B	47	 	B	48	 
2	279	B	48	 	B	47	 
2	46348	B	48	 	B	82	 
2	46154	B	82	 	B	48	 
2	279	B	82	 	B	83	 
2	87	B	83	 	B	82	 
2	36959	B	82	 	B	84	 
2	37151	B	84	 	B	82	 
2	343	B	83	 	B	84	 
2	343	B	84	 	B	83	 
2	17	B	35	 	B	37	 
2	17	B	37	 	B	35	 
2	17	B	25	 	B	21	 
2	17	B	21	 	B	25	 
2	21	B	25	 	B	22	 
2	19	B	22	 	B	25	 
2	87	B	25	 	B	24	 
2	279	B	24	 	B	25	 
2	19	B	25	 	B	28	 
2	21	B	28	 	B	25	 
2	17	B	26	 	B	24	 
2	17	B	24	 	B	26	 
2	17	B	26	 	B	28	 
2	17	B	28	 	B	26	 
2	17	B	26	 	B	31	 
2	17	B	31	 	B	26	 
2	23	B	29	 	B	28	 
2	23	B	28	 	B	29	 
2	17	B	29	 	B	31	 
2	17	B	31	 	B	29	 
2	19	B	29	 	B	32	 
2	21	B	32	 	B	29	 
2	17	B	30	 	B	28	 
2	17	B	28	 	B	30	 
2	23	B	30	 	B	31	 
2	23	B	31	 	B	30	 
2	17	B	30	 	B	32	 
2	17	B	32	 	B	30	 
2	17	B	33	 	B	28	 
2	17	B	28	 	B	33	 
2	17	B	33	 	B	31	 
2	17	B	31	 	B	33	 
2	9311	B	33	 	B	32	 
2	9503	B	32	 	B	33	 
2	17	B	35	 	B	31	 
2	17	B	31	 	B	35	 
2	17	B	29	 	B	34	 
2	17	B	34	 	B	29	 
2	17	B	30	 	B	34	 
2	17	B	34	 	B	30	 
2	23	B	33	 	B	34	 
2	23	B	34	 	B	33	 
2	23	B	35	 	B	34	 
2	23	B	34	 	B	35	 
2	14	B	26	 	B	97	 
2	14	B	97	 	B	26	 
2	260	B	26	 	B	98	 
2	66	B	98	 	B	26	 
2	36872	B	30	 	B	97	 
2	36872	B	97	 	B	30	 
2	17	B	35	 	B	40	 
2	17	B	40	 	B	35	 
2	66	B	35	 	B	97	 
2	260	B	97	 	B	35	 
2	23	B	41	 	B	40	 
2	23	B	40	 	B	41	 
2	31	B	41	 	B	42	 
2	31	B	42	 	B	41	 
2	2	B	41	 	B	86	 
2	4	B	86	 	B	41	 
2	74	B	41	 	B	97	 
2	268	B	97	 	B	41	 
2	31	B	43	 	B	42	 
2	31	B	42	 	B	43	 
2	36879	B	43	 	B	85	 
2	36879	B	85	 	B	43	 
2	17	B	44	 	B	42	 
2	17	B	42	 	B	44	 
2	64797	B	83	 	B	85	 
2	64603	B	85	 	B	83	 
2	1	B	83	 	B	98	 
2	1	B	98	 	B	83	 
2	1	B	84	 	B	42	 
2	1	B	42	 	B	84	 
2	23	B	84	 	B	85	 
2	23	B	85	 	B	84	 
2	17	B	84	 	B	86	 
2	17	B	86	 	B	84	 
2	10	B	84	 	B	97	 
2	12	B	97	 	B	84	 
2	21	B	84	 	B	98	 
2	19	B	98	 	B	84	 
2	91	B	30	 	B	36	 
2	285	B	36	 	B	30	 
2	95	B	35	 	B	36	 
2	287	B	36	 	B	35	 
2	1	B	35	 	B	39	 
2	1	B	39	 	B	35	 
2	1	B	41	 	B	36	 
2	1	B	36	 	B	41	 
2	19	B	41	 	B	39	 
2	21	B	39	 	B	41	 
2	17	B	25	 	B	23	 
2	17	B	23	 	B	25	 
2	17	B	26	 	B	23	 
2	17	B	23	 	B	26	 
2	17	B	25	 	B	27	 
2	17	B	27	 	B	25	 
2	279	B	26	 	B	27	 
2	87	B	27	 	B	26	 
2	17	B	29	 	B	27	 
2	17	B	27	 	B	29	 
2	21	B	30	 	B	27	 
2	19	B	27	 	B	30	 
2	285	B	37	 	B	34	 
2	91	B	34	 	B	37	 
2	87	B	37	 	B	36	 
2	279	B	36	 	B	37	 
2	21	B	37	 	B	38	 
2	19	B	38	 	B	37	 
2	19	B	37	 	B	39	 
2	21	B	39	 	B	37	 
2	2	B	37	 	B	92	 
2	4	B	92	 	B	37	 
2	37151	B	18	 	B	19	 
2	36959	B	19	 	B	18	 
2	46367	B	18	 	B	20	 
2	46175	B	20	 	B	18	 
2	351	B	18	 	B	21	 
2	351	B	21	 	B	18	 
2	87	B	19	 	B	20	 
2	279	B	20	 	B	19	 
2	19	B	19	 	B	21	 
2	21	B	21	 	B	19	 
2	279	B	20	 	B	21	 
2	87	B	21	 	B	20	 
2	83	B	20	 	B	22	 
2	277	B	22	 	B	20	 
2	343	B	21	 	B	22	 
2	343	B	22	 	B	21	 
2	287	B	21	 	B	24	 
2	95	B	24	 	B	21	 
2	19	B	22	 	B	24	 
2	21	B	24	 	B	22	 
2	46431	B	21	 	B	23	 
2	46431	B	23	 	B	21	 
2	343	B	22	 	B	23	 
2	343	B	23	 	B	22	 
2	66	B	18	 	B	14	 
2	260	B	14	 	B	18	 
2	17	B	18	 	B	16	 
2	17	B	16	 	B	18	 
2	343	B	18	 	B	17	 
2	343	B	17	 	B	18	 
2	21	B	19	 	B	17	 
2	19	B	17	 	B	19	 
2	46088	B	21	 	B	17	 
2	46088	B	17	 	B	21	 
2	36895	B	24	 	B	28	 
2	36895	B	28	 	B	24	 
2	83	B	28	 	B	31	 
2	277	B	31	 	B	28	 
2	83	B	28	 	B	32	 
2	277	B	32	 	B	28	 
2	279	B	31	 	B	32	 
2	87	B	32	 	B	31	 
2	83	B	31	 	B	34	 
2	277	B	34	 	B	31	 
2	83	B	32	 	B	34	 
2	277	B	34	 	B	32	 
2	46154	B	31	 	B	36	 
2	46348	B	36	 	B	31	 
2	95	B	24	 	B	23	 
2	287	B	23	 	B	24	 
2	46088	B	24	 	B	17	 
2	46088	B	17	 	B	24	 
2	46431	B	24	 	B	27	 
2	46431	B	27	 	B	24	 
2	23	B	28	 	B	27	 
2	23	B	27	 	B	28	 
2	277	B	31	 	B	27	 
2	83	B	27	 	B	31	 
2	36895	B	10	 	B	11	 
2	36895	B	11	 	B	10	 
2	17	B	10	 	B	12	 
2	17	B	12	 	B	10	 
2	37149	B	10	 	B	7	 
2	36955	B	7	 	B	10	 
2	17	B	34	 	B	36	 
2	17	B	36	 	B	34	 
2	17	B	10	 	B	8	 
2	17	B	8	 	B	10	 
2	23	B	10	 	B	9	 
2	23	B	9	 	B	10	 
2	17	B	10	 	B	13	 
2	17	B	13	 	B	10	 
2	64520	B	10	 	B	2	 
2	64520	B	2	 	B	10	 
2	21	B	10	 	B	6	 
2	19	B	6	 	B	10	 
2	46175	B	11	 	B	12	 
2	46367	B	12	 	B	11	 
2	46109	B	11	 	B	7	 
2	46107	B	7	 	B	11	 
2	17	B	12	 	B	7	 
2	17	B	7	 	B	12	 
2	17	B	12	 	B	14	 
2	17	B	14	 	B	12	 
2	21	B	11	 	B	8	 
2	19	B	8	 	B	11	 
2	17	B	11	 	B	9	 
2	17	B	9	 	B	11	 
2	17	B	11	 	B	13	 
2	17	B	13	 	B	11	 
2	285	B	12	 	B	8	 
2	91	B	8	 	B	12	 
2	17	B	12	 	B	9	 
2	17	B	9	 	B	12	 
2	23	B	12	 	B	13	 
2	23	B	13	 	B	12	 
2	23	B	7	 	B	8	 
2	23	B	8	 	B	7	 
2	17	B	7	 	B	9	 
2	17	B	9	 	B	7	 
2	74	B	7	 	B	2	 
2	268	B	2	 	B	7	 
2	87	B	7	 	B	3	 
2	279	B	3	 	B	7	 
2	21	B	7	 	B	4	 
2	19	B	4	 	B	7	 
2	17	B	7	 	B	5	 
2	17	B	5	 	B	7	 
2	23	B	7	 	B	6	 
2	23	B	6	 	B	7	 
2	19	B	40	 	B	42	 
2	21	B	42	 	B	40	 
2	46090	B	40	 	B	86	 
2	46092	B	86	 	B	40	 
2	46088	B	40	 	B	90	 
2	46088	B	90	 	B	40	 
2	260	B	40	 	B	91	 
2	66	B	91	 	B	40	 
2	46414	B	40	 	B	95	 
2	46414	B	95	 	B	40	 
2	46154	B	40	 	B	97	 
2	46348	B	97	 	B	40	 
2	19	B	42	 	B	85	 
2	21	B	85	 	B	42	 
2	36955	B	42	 	B	86	 
2	37149	B	86	 	B	42	 
2	66	B	42	 	B	97	 
2	260	B	97	 	B	42	 
2	23	B	85	 	B	86	 
2	23	B	86	 	B	85	 
2	19	B	85	 	B	87	 
2	21	B	87	 	B	85	 
2	1	B	85	 	B	96	 
2	1	B	96	 	B	85	 
2	19	B	85	 	B	97	 
2	21	B	97	 	B	85	 
2	31	B	85	 	B	98	 
2	31	B	98	 	B	85	 
2	87	B	86	 	B	87	 
2	279	B	87	 	B	86	 
2	17	B	86	 	B	88	 
2	17	B	88	 	B	86	 
2	46094	B	86	 	B	90	 
2	46094	B	90	 	B	86	 
2	260	B	86	 	B	91	 
2	66	B	91	 	B	86	 
2	4	B	86	 	B	95	 
2	2	B	95	 	B	86	 
2	21	B	86	 	B	96	 
2	19	B	96	 	B	86	 
2	11	B	86	 	B	97	 
2	13	B	97	 	B	86	 
2	1	B	86	 	B	98	 
2	1	B	98	 	B	86	 
2	277	B	87	 	B	88	 
2	83	B	88	 	B	87	 
2	46367	B	87	 	B	89	 
2	46175	B	89	 	B	87	 
2	46431	B	87	 	B	90	 
2	46431	B	90	 	B	87	 
2	37151	B	87	 	B	96	 
2	36959	B	96	 	B	87	 
2	261	B	87	 	B	97	 
2	67	B	97	 	B	87	 
2	13	B	87	 	B	98	 
2	11	B	98	 	B	87	 
2	83	B	88	 	B	89	 
2	277	B	89	 	B	88	 
2	17	B	88	 	B	90	 
2	17	B	90	 	B	88	 
2	279	B	89	 	B	90	 
2	87	B	90	 	B	89	 
2	19	B	89	 	B	91	 
2	21	B	91	 	B	89	 
2	279	B	90	 	B	91	 
2	87	B	91	 	B	90	 
2	46349	B	90	 	B	95	 
2	46155	B	95	 	B	90	 
2	37135	B	90	 	B	96	 
2	36943	B	96	 	B	90	 
2	17	B	91	 	B	95	 
2	17	B	95	 	B	91	 
2	279	B	95	 	B	96	 
2	87	B	96	 	B	95	 
2	46107	B	95	 	B	97	 
2	46109	B	97	 	B	95	 
2	23	B	96	 	B	97	 
2	23	B	97	 	B	96	 
2	17	B	96	 	B	98	 
2	17	B	98	 	B	96	 
2	23	B	97	 	B	98	 
2	23	B	98	 	B	97	 
2	1	B	40	 	B	36	 
2	1	B	36	 	B	40	 
2	1	B	40	 	B	38	 
2	1	B	38	 	B	40	 
2	279	B	40	 	B	39	 
2	87	B	39	 	B	40	 
2	270	B	40	 	B	92	 
2	78	B	92	 	B	40	 
2	17	B	90	 	B	92	 
2	17	B	92	 	B	90	 
2	23	B	91	 	B	92	 
2	23	B	92	 	B	91	 
2	46348	B	95	 	B	36	 
2	46154	B	36	 	B	95	 
2	260	B	95	 	B	39	 
2	66	B	39	 	B	95	 
2	269	B	95	 	B	92	 
2	75	B	92	 	B	95	 
2	36872	B	97	 	B	36	 
2	36872	B	36	 	B	97	 
2	1	B	97	 	B	23	 
2	1	B	23	 	B	97	 
2	260	B	40	 	B	94	 
2	66	B	94	 	B	40	 
2	1	B	89	 	B	94	 
2	1	B	94	 	B	89	 
2	277	B	90	 	B	94	 
2	83	B	94	 	B	90	 
2	23	B	91	 	B	94	 
2	23	B	94	 	B	91	 
2	2	B	95	 	B	27	 
2	4	B	27	 	B	95	 
2	279	B	95	 	B	94	 
2	87	B	94	 	B	95	 
2	36938	B	96	 	B	27	 
2	37132	B	27	 	B	96	 
2	21	B	96	 	B	94	 
2	19	B	94	 	B	96	 
2	95	B	97	 	B	27	 
2	287	B	27	 	B	97	 
2	19	B	91	 	B	93	 
2	21	B	93	 	B	91	 
2	277	B	95	 	B	93	 
2	83	B	93	 	B	95	 
2	17	B	36	 	B	38	 
2	17	B	38	 	B	36	 
2	21	B	36	 	B	39	 
2	19	B	39	 	B	36	 
2	66	B	36	 	B	92	 
2	260	B	92	 	B	36	 
2	19	B	38	 	B	39	 
2	21	B	39	 	B	38	 
2	66	B	38	 	B	92	 
2	260	B	92	 	B	38	 
2	66	B	39	 	B	92	 
2	260	B	92	 	B	39	 
2	21	B	92	 	B	94	 
2	19	B	94	 	B	92	 
2	31	B	92	 	B	93	 
2	31	B	93	 	B	92	 
2	343	B	14	 	B	15	 
2	343	B	15	 	B	14	 
2	17	B	14	 	B	16	 
2	17	B	16	 	B	14	 
2	46111	B	14	 	B	17	 
2	46111	B	17	 	B	14	 
2	277	B	15	 	B	16	 
2	83	B	16	 	B	15	 
2	19	B	15	 	B	17	 
2	21	B	17	 	B	15	 
2	19	B	16	 	B	17	 
2	21	B	17	 	B	16	 
2	37151	B	94	 	B	93	 
2	36959	B	93	 	B	94	 
2	23	B	14	 	B	13	 
2	23	B	13	 	B	14	 
2	36891	B	15	 	B	13	 
2	36893	B	13	 	B	15	 
2	31	B	8	 	B	9	 
2	31	B	9	 	B	8	 
2	27	B	8	 	B	13	 
2	29	B	13	 	B	8	 
2	27	B	9	 	B	13	 
2	29	B	13	 	B	9	 
2	17	B	8	 	B	3	 
2	17	B	3	 	B	8	 
2	21	B	8	 	B	4	 
2	19	B	4	 	B	8	 
2	21	B	8	 	B	5	 
2	19	B	5	 	B	8	 
2	17	B	8	 	B	6	 
2	17	B	6	 	B	8	 
2	21	B	9	 	B	5	 
2	19	B	5	 	B	9	 
2	21	B	9	 	B	6	 
2	19	B	6	 	B	9	 
2	287	B	1	 	B	2	 
2	95	B	2	 	B	1	 
2	21	B	1	 	B	3	 
2	19	B	3	 	B	1	 
2	87	B	2	 	B	3	 
2	279	B	3	 	B	2	 
2	17	B	2	 	B	4	 
2	17	B	4	 	B	2	 
2	36878	B	2	 	B	6	 
2	36878	B	6	 	B	2	 
2	279	B	3	 	B	4	 
2	87	B	4	 	B	3	 
2	37149	B	3	 	B	5	 
2	36955	B	5	 	B	3	 
2	37151	B	3	 	B	6	 
2	36959	B	6	 	B	3	 
2	23	B	4	 	B	5	 
2	23	B	5	 	B	4	 
2	17	B	4	 	B	6	 
2	17	B	6	 	B	4	 
2	23	B	5	 	B	6	 
2	23	B	6	 	B	5	 
3	66	A	16	 	B	80	 
3	46154	A	17	 	B	80	 
3	83	A	16	 	B	48	 
3	36872	A	9	 	B	51	 
3	55304	A	9	 	B	55	 
3	277	A	15	 	B	49	 
3	268	A	15	 	B	50	 
3	260	A	15	 	B	51	 
3	66	A	9	 	B	33	 
3	277	A	15	 	B	47	 
3	343	A	15	 	B	48	 
3	36874	A	5	 	B	116	 
3	21	A	5	 	B	117	 
3	36874	A	5	 	B	118	 
3	8	A	19	 	B	80	 
3	36872	A	19	 	B	101	 
3	10	A	19	 	B	25	 
3	36872	A	19	 	B	48	 
3	36877	A	8	 	B	117	 
3	36872	A	8	 	B	54	 
3	4	A	13	 	B	49	 
3	4	A	13	 	B	50	 
3	36876	A	13	 	B	51	 
3	36872	A	13	 	B	54	 
3	36872	A	8	 	B	108	 
3	12	A	8	 	B	120	 
3	268	A	12	 	B	120	 
3	21	A	8	 	B	118	 
3	4	A	8	 	B	119	 
3	2	A	11	 	B	33	 
3	10	A	11	 	B	35	 
3	46088	A	11	 	B	41	 
3	46154	A	11	 	B	44	 
3	1	A	11	 	B	45	 
3	3	A	11	 	B	46	 
3	2	A	12	 	B	33	 
3	46088	A	12	 	B	41	 
3	46094	A	12	 	B	44	 
3	285	A	12	 	B	45	 
3	279	A	12	 	B	46	 
3	27	A	12	 	B	47	 
3	2	A	13	 	B	29	 
3	66	A	13	 	B	33	 
3	2	A	13	 	B	46	 
3	36893	A	13	 	B	47	 
3	46088	A	14	 	B	25	 
3	36872	A	14	 	B	29	 
3	55306	A	14	 	B	33	 
3	10	A	14	 	B	46	 
3	21	A	14	 	B	47	 
3	9307	A	14	 	B	48	 
3	1	A	4	 	B	117	 
3	36875	A	4	 	B	118	 
3	335	A	10	 	B	33	 
3	10	A	10	 	B	35	 
3	2	A	10	 	B	46	 
3	268	A	10	 	B	34	 
3	2	A	18	 	B	80	 
3	46088	A	20	 	B	101	 
3	10	A	20	 	B	25	 
3	1	A	20	 	B	19	 
3	46431	A	20	 	B	22	 
3	1	A	21	 	B	19	 
3	287	A	22	 	B	19	 
3	269	A	22	 	B	20	 
3	8	A	28	 	B	25	 
3	36872	A	28	 	B	29	 
3	260	A	31	 	B	33	 
3	4	A	25	 	B	18	 
3	12	A	25	 	B	19	 
3	36872	A	99	 	B	19	 
3	8	A	25	 	B	28	 
3	36879	A	28	 	B	28	 
3	36939	A	28	 	B	32	 
3	36874	A	29	 	B	28	 
3	46351	A	31	 	B	32	 
3	260	A	32	 	B	28	 
3	46159	A	32	 	B	31	 
3	335	A	32	 	B	32	 
3	66	A	33	 	B	31	 
3	46154	A	31	 	B	34	 
3	335	A	33	 	B	10	 
3	14	A	35	 	B	10	 
3	4	A	33	 	B	11	 
3	4	A	33	 	B	12	 
3	12	A	35	 	B	11	 
3	46088	A	25	 	B	14	 
3	46088	A	25	 	B	17	 
3	36872	A	29	 	B	14	 
3	55308	A	33	 	B	14	 
3	4	A	29	 	B	13	 
3	260	A	33	 	B	9	 
3	260	A	33	 	B	13	 
3	46088	A	34	 	B	37	 
3	74	A	34	 	B	10	 
3	46088	A	101	 	B	18	 
3	37132	A	101	 	B	19	 
3	46348	A	101	 	B	20	 
3	36872	A	82	 	B	19	 
3	4	A	46	 	B	10	 
3	46088	A	41	 	B	11	 
3	46088	A	41	 	B	12	 
3	46348	A	44	 	B	11	 
3	46094	A	44	 	B	12	 
3	1	A	45	 	B	11	 
3	91	A	45	 	B	12	 
3	4	A	46	 	B	11	 
3	87	A	46	 	B	12	 
3	74	A	120	 	B	12	 
3	8	A	46	 	B	14	 
3	4	A	46	 	B	13	 
3	2	A	119	 	B	8	 
3	10	A	120	 	B	8	 
3	46088	A	80	 	B	18	 
3	260	A	48	 	B	18	 
3	36876	A	48	 	B	19	 
3	29	A	47	 	B	12	 
3	19	A	47	 	B	14	 
3	17	A	47	 	B	15	 
3	9501	A	48	 	B	14	 
3	1	A	48	 	B	15	 
3	17	A	48	 	B	16	 
3	285	A	48	 	B	17	 
3	17	A	49	 	B	14	 
3	83	A	49	 	B	15	 
3	66	A	50	 	B	15	 
3	74	A	51	 	B	15	 
3	27	A	47	 	B	13	 
3	2	A	49	 	B	13	 
3	2	A	50	 	B	13	 
3	36872	A	51	 	B	9	 
3	36874	A	51	 	B	13	 
3	36872	A	54	 	B	8	 
3	36872	A	54	 	B	13	 
3	55304	A	55	 	B	9	 
3	36872	A	108	 	B	8	 
3	36875	A	117	 	B	8	 
3	1	A	117	 	B	4	 
3	19	A	117	 	B	5	 
3	3	A	118	 	B	8	 
3	36876	A	116	 	B	5	 
3	36879	A	118	 	B	4	 
3	4	A	118	 	B	5	 
4	260	B	80	 	A	16	 
4	46348	B	80	 	A	17	 
4	277	B	48	 	A	16	 
4	36872	B	51	 	A	9	 
4	55304	B	55	 	A	9	 
4	83	B	49	 	A	15	 
4	74	B	50	 	A	15	 
4	66	B	51	 	A	15	 
4	260	B	33	 	A	9	 
4	83	B	47	 	A	15	 
4	343	B	48	 	A	15	 
4	36876	B	116	 	A	5	 
4	19	B	117	 	A	5	 
4	36876	B	118	 	A	5	 
4	8	B	80	 	A	19	 
4	36872	B	101	 	A	19	 
4	12	B	25	 	A	19	 
4	36872	B	48	 	A	19	 
4	36875	B	117	 	A	8	 
4	36872	B	54	 	A	8	 
4	2	B	49	 	A	13	 
4	2	B	50	 	A	13	 
4	36874	B	51	 	A	13	 
4	36872	B	54	 	A	13	 
4	36872	B	108	 	A	8	 
4	10	B	120	 	A	8	 
4	74	B	120	 	A	12	 
4	19	B	118	 	A	8	 
4	2	B	119	 	A	8	 
4	4	B	33	 	A	11	 
4	12	B	35	 	A	11	 
4	46088	B	41	 	A	11	 
4	46348	B	44	 	A	11	 
4	1	B	45	 	A	11	 
4	5	B	46	 	A	11	 
4	4	B	33	 	A	12	 
4	46088	B	41	 	A	12	 
4	46094	B	44	 	A	12	 
4	91	B	45	 	A	12	 
4	87	B	46	 	A	12	 
4	29	B	47	 	A	12	 
4	4	B	29	 	A	13	 
4	260	B	33	 	A	13	 
4	4	B	46	 	A	13	 
4	36891	B	47	 	A	13	 
4	46088	B	25	 	A	14	 
4	36872	B	29	 	A	14	 
4	55308	B	33	 	A	14	 
4	12	B	46	 	A	14	 
4	19	B	47	 	A	14	 
4	9501	B	48	 	A	14	 
4	1	B	117	 	A	4	 
4	36877	B	118	 	A	4	 
4	335	B	33	 	A	10	 
4	12	B	35	 	A	10	 
4	4	B	46	 	A	10	 
4	74	B	34	 	A	10	 
4	4	B	80	 	A	18	 
4	46088	B	101	 	A	20	 
4	12	B	25	 	A	20	 
4	1	B	19	 	A	20	 
4	46431	B	22	 	A	20	 
4	1	B	19	 	A	21	 
4	95	B	19	 	A	22	 
4	75	B	20	 	A	22	 
4	8	B	25	 	A	28	 
4	36872	B	29	 	A	28	 
4	66	B	33	 	A	31	 
4	2	B	18	 	A	25	 
4	10	B	19	 	A	25	 
4	36872	B	19	 	A	99	 
4	8	B	28	 	A	25	 
4	36879	B	28	 	A	28	 
4	37133	B	32	 	A	28	 
4	36876	B	28	 	A	29	 
4	46159	B	32	 	A	31	 
4	66	B	28	 	A	32	 
4	46351	B	31	 	A	32	 
4	335	B	32	 	A	32	 
4	260	B	31	 	A	33	 
4	46348	B	34	 	A	31	 
4	335	B	10	 	A	33	 
4	14	B	10	 	A	35	 
4	2	B	11	 	A	33	 
4	2	B	12	 	A	33	 
4	10	B	11	 	A	35	 
4	46088	B	14	 	A	25	 
4	46088	B	17	 	A	25	 
4	36872	B	14	 	A	29	 
4	55306	B	14	 	A	33	 
4	2	B	13	 	A	29	 
4	66	B	9	 	A	33	 
4	66	B	13	 	A	33	 
4	46088	B	37	 	A	34	 
4	268	B	10	 	A	34	 
4	46088	B	18	 	A	101	 
4	36938	B	19	 	A	101	 
4	46154	B	20	 	A	101	 
4	36872	B	19	 	A	82	 
4	2	B	10	 	A	46	 
4	46088	B	11	 	A	41	 
4	46088	B	12	 	A	41	 
4	46154	B	11	 	A	44	 
4	46094	B	12	 	A	44	 
4	1	B	11	 	A	45	 
4	285	B	12	 	A	45	 
4	2	B	11	 	A	46	 
4	279	B	12	 	A	46	 
4	268	B	12	 	A	120	 
4	8	B	14	 	A	46	 
4	2	B	13	 	A	46	 
4	4	B	8	 	A	119	 
4	12	B	8	 	A	120	 
4	46088	B	18	 	A	80	 
4	66	B	18	 	A	48	 
4	36874	B	19	 	A	48	 
4	27	B	12	 	A	47	 
4	21	B	14	 	A	47	 
4	17	B	15	 	A	47	 
4	9307	B	14	 	A	48	 
4	1	B	15	 	A	48	 
4	17	B	16	 	A	48	 
4	91	B	17	 	A	48	 
4	17	B	14	 	A	49	 
4	277	B	15	 	A	49	 
4	260	B	15	 	A	50	 
4	268	B	15	 	A	51	 
4	29	B	13	 	A	47	 
4	4	B	13	 	A	49	 
4	4	B	13	 	A	50	 
4	36872	B	9	 	A	51	 
4	36876	B	13	 	A	51	 
4	36872	B	8	 	A	54	 
4	36872	B	13	 	A	54	 
4	55304	B	9	 	A	55	 
4	36872	B	8	 	A	108	 
4	36877	B	8	 	A	117	 
4	1	B	4	 	A	117	 
4	21	B	5	 	A	117	 
4	5	B	8	 	A	118	 
4	36874	B	5	 	A	116	 
4	36879	B	4	 	A	118	 
4	2	B	5	 	A	118	 
5	66	A	17	 	A	23	 
5	66	A	17	 	A	21	 
5	260	A	21	 	A	17	 
5	260	A	23	 	A	17	 
5	46088	A	18	 	A	18	 
5	46090	A	18	 	A	21	 
5	46092	A	21	 	A	18	 
6	260	A	23	 	A	17	 
6	260	A	21	 	A	17	 
6	66	A	17	 	A	21	 
6	66	A	17	 	A	23	 
6	46088	A	18	 	A	18	 
6	46092	A	21	 	A	18	 
6	46090	A	18	 	A	21	 
7	55304	A	98	 	B	103	 
7	46088	A	22	 	B	101	 
7	2	A	99	 	B	103	 
7	46348	A	101	 	B	101	 
7	36872	A	103	 	B	100	 
7	46154	A	100	 	B	103	 
7	23	A	101	 	B	102	 
7	95	A	101	 	B	103	 
7	2	A	102	 	B	102	 
7	13	A	102	 	B	103	 
7	36874	A	103	 	B	102	 
7	55304	A	103	 	B	104	 
7	36872	A	80	 	B	100	 
7	260	A	80	 	B	101	 
8	55304	B	103	 	A	98	 
8	46088	B	101	 	A	22	 
8	4	B	103	 	A	99	 
8	46154	B	101	 	A	101	 
8	36872	B	100	 	A	103	 
8	46348	B	103	 	A	100	 
8	23	B	102	 	A	101	 
8	287	B	103	 	A	101	 
8	4	B	102	 	A	102	 
8	11	B	103	 	A	102	 
8	36876	B	102	 	A	103	 
8	55304	B	104	 	A	103	 
8	36872	B	100	 	A	80	 
8	66	B	101	 	A	80	 
9	55304	B	104	 	A	103	 
9	55304	B	103	 	A	98	 
9	36872	B	100	 	A	103	 
9	36876	B	102	 	A	103	 
9	46088	B	101	 	A	22	 
9	46154	B	101	 	A	101	 
9	23	B	102	 	A	101	 
9	4	B	102	 	A	102	 
9	4	B	103	 	A	99	 
9	46348	B	103	 	A	100	 
9	287	B	103	 	A	101	 
9	11	B	103	 	A	102	 
9	36872	B	100	 	A	80	 
9	66	B	101	 	A	80	 
10	55304	A	103	 	B	104	 
10	55304	A	98	 	B	103	 
10	36872	A	103	 	B	100	 
10	36874	A	103	 	B	102	 
10	46088	A	22	 	B	101	 
10	46348	A	101	 	B	101	 
10	23	A	101	 	B	102	 
10	2	A	102	 	B	102	 
10	2	A	99	 	B	103	 
10	46154	A	100	 	B	103	 
10	95	A	101	 	B	103	 
10	13	A	102	 	B	103	 
10	36872	A	80	 	B	100	 
10	260	A	80	 	B	101	 
11	46348	B	101	 	B	20	 
11	269	B	22	 	B	20	 
11	75	B	20	 	B	22	 
11	46154	B	20	 	B	101	 
11	46414	B	22	 	B	22	 
12	46154	B	20	 	B	101	 
12	75	B	20	 	B	22	 
12	269	B	22	 	B	20	 
12	46348	B	101	 	B	20	 
12	46414	B	22	 	B	22	 
