1	23	A	113	 	A	112	 
1	23	A	112	 	A	113	 
1	36895	A	113	 	A	110	 
1	36895	A	110	 	A	113	 
1	17	A	113	 	A	115	 
1	17	A	115	 	A	113	 
1	17	A	113	 	A	116	 
1	17	A	116	 	A	113	 
1	17	A	113	 	A	111	 
1	17	A	111	 	A	113	 
1	21	A	113	 	A	114	 
1	19	A	114	 	A	113	 
1	2	A	113	 	A	117	 
1	4	A	117	 	A	113	 
1	17	A	112	 	A	110	 
1	17	A	110	 	A	112	 
1	19	A	112	 	A	115	 
1	21	A	115	 	A	112	 
1	287	A	112	 	A	111	 
1	95	A	111	 	A	112	 
1	55306	A	112	 	A	208	 
1	55308	A	208	 	A	112	 
1	17	A	112	 	A	114	 
1	17	A	114	 	A	112	 
1	17	A	110	 	A	115	 
1	17	A	115	 	A	110	 
1	23	A	110	 	A	111	 
1	23	A	111	 	A	110	 
1	37151	A	110	 	A	106	 
1	36959	A	106	 	A	110	 
1	277	A	110	 	A	114	 
1	83	A	114	 	A	110	 
1	277	A	110	 	A	105	 
1	83	A	105	 	A	110	 
1	17	A	110	 	A	108	 
1	17	A	108	 	A	110	 
1	37215	A	110	 	A	109	 
1	37215	A	109	 	A	110	 
1	31	A	115	 	A	116	 
1	31	A	116	 	A	115	 
1	19	A	115	 	A	118	 
1	21	A	118	 	A	115	 
1	27	A	115	 	A	119	 
1	29	A	119	 	A	115	 
1	17	A	115	 	A	120	 
1	17	A	120	 	A	115	 
1	37132	A	115	 	A	165	 
1	36938	A	165	 	A	115	 
1	17	A	116	 	A	118	 
1	17	A	118	 	A	116	 
1	19	A	116	 	A	119	 
1	21	A	119	 	A	116	 
1	91	A	116	 	A	120	 
1	285	A	120	 	A	116	 
1	31	A	118	 	A	119	 
1	31	A	119	 	A	118	 
1	17	A	118	 	A	120	 
1	17	A	120	 	A	118	 
1	27	A	118	 	A	122	 
1	29	A	122	 	A	118	 
1	46088	A	118	 	A	162	 
1	46088	A	162	 	A	118	 
1	8	A	118	 	A	165	 
1	8	A	165	 	A	118	 
1	23	A	119	 	A	120	 
1	23	A	120	 	A	119	 
1	19	A	119	 	A	122	 
1	21	A	122	 	A	119	 
1	19	A	119	 	A	123	 
1	21	A	123	 	A	119	 
1	36876	A	119	 	A	165	 
1	36874	A	165	 	A	119	 
1	36872	A	119	 	A	166	 
1	36872	A	166	 	A	119	 
1	17	A	120	 	A	122	 
1	17	A	122	 	A	120	 
1	19	A	120	 	A	123	 
1	21	A	123	 	A	120	 
1	31	A	122	 	A	123	 
1	31	A	123	 	A	122	 
1	36876	A	122	 	A	162	 
1	36874	A	162	 	A	122	 
1	36872	A	122	 	A	166	 
1	36872	A	166	 	A	122	 
1	36872	A	122	 	A	169	 
1	36872	A	169	 	A	122	 
1	23	A	162	 	A	163	 
1	23	A	163	 	A	162	 
1	36891	A	162	 	A	165	 
1	36893	A	165	 	A	162	 
1	19	A	162	 	A	166	 
1	21	A	166	 	A	162	 
1	17	A	162	 	A	167	 
1	17	A	167	 	A	162	 
1	74	A	162	 	A	169	 
1	268	A	169	 	A	162	 
1	17	A	163	 	A	165	 
1	17	A	165	 	A	163	 
1	21	A	163	 	A	166	 
1	19	A	166	 	A	163	 
1	23	A	163	 	A	167	 
1	23	A	167	 	A	163	 
1	277	A	163	 	A	168	 
1	83	A	168	 	A	163	 
1	46414	A	163	 	A	169	 
1	46414	A	169	 	A	163	 
1	31	A	165	 	A	166	 
1	31	A	166	 	A	165	 
1	19	A	165	 	A	167	 
1	21	A	167	 	A	165	 
1	31	A	166	 	A	167	 
1	31	A	167	 	A	166	 
1	17	A	166	 	A	168	 
1	17	A	168	 	A	166	 
1	36955	A	166	 	A	169	 
1	37149	A	169	 	A	166	 
1	21	A	167	 	A	168	 
1	19	A	168	 	A	167	 
1	17	A	167	 	A	169	 
1	17	A	169	 	A	167	 
1	19	A	168	 	A	169	 
1	21	A	169	 	A	168	 
1	46109	A	115	 	A	111	 
1	46107	A	111	 	A	115	 
1	8	A	115	 	A	209	 
1	8	A	209	 	A	115	 
1	268	A	118	 	A	103	 
1	74	A	103	 	A	118	 
1	12	A	162	 	A	103	 
1	10	A	103	 	A	162	 
1	287	A	162	 	A	161	 
1	95	A	161	 	A	162	 
1	17	A	162	 	A	164	 
1	17	A	164	 	A	162	 
1	17	A	163	 	A	161	 
1	17	A	161	 	A	163	 
1	23	A	163	 	A	164	 
1	23	A	164	 	A	163	 
1	8	A	165	 	A	103	 
1	8	A	103	 	A	165	 
1	36872	A	165	 	A	107	 
1	36872	A	107	 	A	165	 
1	36872	A	165	 	A	111	 
1	36872	A	111	 	A	165	 
1	21	A	165	 	A	161	 
1	19	A	161	 	A	165	 
1	23	A	165	 	A	164	 
1	23	A	164	 	A	165	 
1	31	A	165	 	A	209	 
1	31	A	209	 	A	165	 
1	17	A	166	 	A	164	 
1	17	A	164	 	A	166	 
1	21	A	167	 	A	164	 
1	19	A	164	 	A	167	 
1	10	A	115	 	A	106	 
1	12	A	106	 	A	115	 
1	21	A	115	 	A	114	 
1	19	A	114	 	A	115	 
1	17	A	115	 	A	117	 
1	17	A	117	 	A	115	 
1	17	A	116	 	A	114	 
1	17	A	114	 	A	116	 
1	23	A	116	 	A	117	 
1	23	A	117	 	A	116	 
1	37132	A	118	 	A	99	 
1	36938	A	99	 	A	118	 
1	268	A	118	 	A	102	 
1	74	A	102	 	A	118	 
1	8	A	118	 	A	106	 
1	8	A	106	 	A	118	 
1	21	A	118	 	A	114	 
1	19	A	114	 	A	118	 
1	23	A	118	 	A	117	 
1	23	A	117	 	A	118	 
1	19	A	118	 	A	121	 
1	21	A	121	 	A	118	 
1	17	A	119	 	A	117	 
1	17	A	117	 	A	119	 
1	17	A	119	 	A	121	 
1	17	A	121	 	A	119	 
1	55325	A	120	 	A	117	 
1	55323	A	117	 	A	120	 
1	23	A	120	 	A	121	 
1	23	A	121	 	A	120	 
1	36872	A	122	 	A	99	 
1	36872	A	99	 	A	122	 
1	23	A	122	 	A	121	 
1	23	A	121	 	A	122	 
1	17	A	122	 	A	124	 
1	17	A	124	 	A	122	 
1	27	A	122	 	A	125	 
1	29	A	125	 	A	122	 
1	21	A	123	 	A	121	 
1	19	A	121	 	A	123	 
1	21	A	123	 	A	124	 
1	19	A	124	 	A	123	 
1	17	A	123	 	A	125	 
1	17	A	125	 	A	123	 
1	37132	A	162	 	A	99	 
1	36938	A	99	 	A	162	 
1	36872	A	165	 	A	106	 
1	36872	A	106	 	A	165	 
1	36895	A	122	 	A	126	 
1	36895	A	126	 	A	122	 
1	17	A	122	 	A	127	 
1	17	A	127	 	A	122	 
1	19	A	123	 	A	126	 
1	21	A	126	 	A	123	 
1	83	A	123	 	A	127	 
1	277	A	127	 	A	123	 
1	10	A	123	 	A	173	 
1	12	A	173	 	A	123	 
1	37149	A	162	 	A	158	 
1	36955	A	158	 	A	162	 
1	277	A	162	 	A	159	 
1	83	A	159	 	A	162	 
1	21	A	163	 	A	159	 
1	19	A	159	 	A	163	 
1	37132	A	163	 	A	170	 
1	36938	A	170	 	A	163	 
1	260	A	163	 	A	171	 
1	66	A	171	 	A	163	 
1	17	A	168	 	A	170	 
1	17	A	170	 	A	168	 
1	19	A	168	 	A	171	 
1	21	A	171	 	A	168	 
1	17	A	168	 	A	172	 
1	17	A	172	 	A	168	 
1	36874	A	169	 	A	126	 
1	36876	A	126	 	A	169	 
1	37151	A	169	 	A	170	 
1	36959	A	170	 	A	169	 
1	17	A	169	 	A	171	 
1	17	A	171	 	A	169	 
1	19	A	169	 	A	172	 
1	21	A	172	 	A	169	 
1	19	A	169	 	A	173	 
1	21	A	173	 	A	169	 
1	17	A	162	 	A	157	 
1	17	A	157	 	A	162	 
1	17	A	162	 	A	160	 
1	17	A	160	 	A	162	 
1	21	A	163	 	A	160	 
1	19	A	160	 	A	163	 
1	23	A	10	 	A	11	 
1	23	A	11	 	A	10	 
1	21	A	10	 	A	12	 
1	19	A	12	 	A	10	 
1	2	A	10	 	A	201	 
1	4	A	201	 	A	10	 
1	36895	A	10	 	A	202	 
1	36895	A	202	 	A	10	 
1	5	A	10	 	A	203	 
1	3	A	203	 	A	10	 
1	4	A	10	 	A	204	 
1	2	A	204	 	A	10	 
1	4	A	10	 	A	205	 
1	2	A	205	 	A	10	 
1	21	A	11	 	A	12	 
1	19	A	12	 	A	11	 
1	270	A	11	 	A	201	 
1	78	A	201	 	A	11	 
1	277	A	11	 	A	202	 
1	83	A	202	 	A	11	 
1	36893	A	11	 	A	203	 
1	36891	A	203	 	A	11	 
1	17	A	12	 	A	202	 
1	17	A	202	 	A	12	 
1	17	A	12	 	A	203	 
1	17	A	203	 	A	12	 
1	2	A	12	 	A	204	 
1	4	A	204	 	A	12	 
1	36891	A	103	 	A	107	 
1	36893	A	107	 	A	103	 
1	37132	A	103	 	A	161	 
1	36938	A	161	 	A	103	 
1	8	A	103	 	A	203	 
1	8	A	203	 	A	103	 
1	46088	A	103	 	A	204	 
1	46088	A	204	 	A	103	 
1	268	A	103	 	A	209	 
1	74	A	209	 	A	103	 
1	27	A	107	 	A	111	 
1	29	A	111	 	A	107	 
1	36872	A	107	 	A	204	 
1	36872	A	204	 	A	107	 
1	74	A	107	 	A	206	 
1	268	A	206	 	A	107	 
1	78	A	107	 	A	208	 
1	270	A	208	 	A	107	 
1	12	A	107	 	A	209	 
1	10	A	209	 	A	107	 
1	14	A	111	 	A	208	 
1	14	A	208	 	A	111	 
1	268	A	111	 	A	209	 
1	74	A	209	 	A	111	 
1	19	A	161	 	A	164	 
1	21	A	164	 	A	161	 
1	10	A	161	 	A	203	 
1	12	A	203	 	A	161	 
1	1	A	161	 	A	209	 
1	1	A	209	 	A	161	 
1	36872	A	164	 	A	203	 
1	36872	A	203	 	A	164	 
1	36879	A	164	 	A	209	 
1	36879	A	209	 	A	164	 
1	31	A	201	 	A	202	 
1	31	A	202	 	A	201	 
1	17	A	201	 	A	203	 
1	17	A	203	 	A	201	 
1	23	A	202	 	A	203	 
1	23	A	203	 	A	202	 
1	21	A	202	 	A	204	 
1	19	A	204	 	A	202	 
1	95	A	203	 	A	204	 
1	287	A	204	 	A	203	 
1	17	A	203	 	A	205	 
1	17	A	205	 	A	203	 
1	36938	A	203	 	A	209	 
1	37132	A	209	 	A	203	 
1	21	A	204	 	A	205	 
1	19	A	205	 	A	204	 
1	36895	A	204	 	A	206	 
1	36895	A	206	 	A	204	 
1	17	A	204	 	A	207	 
1	17	A	207	 	A	204	 
1	277	A	204	 	A	208	 
1	83	A	208	 	A	204	 
1	268	A	204	 	A	209	 
1	74	A	209	 	A	204	 
1	83	A	205	 	A	206	 
1	277	A	206	 	A	205	 
1	17	A	205	 	A	207	 
1	17	A	207	 	A	205	 
1	277	A	206	 	A	207	 
1	83	A	207	 	A	206	 
1	37151	A	206	 	A	208	 
1	36959	A	208	 	A	206	 
1	19	A	207	 	A	208	 
1	21	A	208	 	A	207	 
1	17	A	207	 	A	209	 
1	17	A	209	 	A	207	 
1	23	A	208	 	A	209	 
1	23	A	209	 	A	208	 
1	31	A	10	 	A	9	 
1	31	A	9	 	A	10	 
1	1	A	11	 	A	9	 
1	1	A	9	 	A	11	 
1	4	A	11	 	A	200	 
1	2	A	200	 	A	11	 
1	12	A	201	 	A	9	 
1	10	A	9	 	A	201	 
1	23	A	201	 	A	200	 
1	23	A	200	 	A	201	 
1	21	A	202	 	A	9	 
1	19	A	9	 	A	202	 
1	21	A	202	 	A	200	 
1	19	A	200	 	A	202	 
1	21	A	103	 	A	99	 
1	19	A	99	 	A	103	 
1	23	A	103	 	A	102	 
1	23	A	102	 	A	103	 
1	19	A	103	 	A	106	 
1	21	A	106	 	A	103	 
1	36895	A	107	 	A	106	 
1	36895	A	106	 	A	107	 
1	31	A	111	 	A	106	 
1	31	A	106	 	A	111	 
1	17	A	111	 	A	114	 
1	17	A	114	 	A	111	 
1	66	A	12	 	A	100	 
1	260	A	100	 	A	12	 
1	21	A	103	 	A	100	 
1	19	A	100	 	A	103	 
1	17	A	103	 	A	101	 
1	17	A	101	 	A	103	 
1	31	A	103	 	A	104	 
1	31	A	104	 	A	103	 
1	17	A	103	 	A	105	 
1	17	A	105	 	A	103	 
1	21	A	107	 	A	104	 
1	19	A	104	 	A	107	 
1	17	A	107	 	A	105	 
1	17	A	105	 	A	107	 
1	31	A	107	 	A	108	 
1	31	A	108	 	A	107	 
1	17	A	107	 	A	109	 
1	17	A	109	 	A	107	 
1	17	A	111	 	A	109	 
1	17	A	109	 	A	111	 
1	36872	A	161	 	A	100	 
1	36872	A	100	 	A	161	 
1	46154	A	204	 	A	108	 
1	46348	A	108	 	A	204	 
1	66	A	205	 	A	108	 
1	260	A	108	 	A	205	 
1	46414	A	206	 	A	108	 
1	46414	A	108	 	A	206	 
1	36874	A	10	 	A	7	 
1	36876	A	7	 	A	10	 
1	31	A	10	 	A	8	 
1	31	A	8	 	A	10	 
1	66	A	11	 	A	7	 
1	260	A	7	 	A	11	 
1	66	A	12	 	A	7	 
1	260	A	7	 	A	12	 
1	36893	A	161	 	A	158	 
1	36891	A	158	 	A	161	 
1	17	A	161	 	A	159	 
1	17	A	159	 	A	161	 
1	66	A	10	 	A	18	 
1	260	A	18	 	A	10	 
1	31	A	11	 	A	15	 
1	31	A	15	 	A	11	 
1	74	A	11	 	A	18	 
1	268	A	18	 	A	11	 
1	46348	A	11	 	A	198	 
1	46154	A	198	 	A	11	 
1	37132	A	11	 	A	199	 
1	36938	A	199	 	A	11	 
1	19	A	12	 	A	15	 
1	21	A	15	 	A	12	 
1	2	A	12	 	A	157	 
1	4	A	157	 	A	12	 
1	36893	A	161	 	A	157	 
1	36891	A	157	 	A	161	 
1	31	A	161	 	A	160	 
1	31	A	160	 	A	161	 
1	21	A	164	 	A	160	 
1	19	A	160	 	A	164	 
1	36872	A	201	 	A	18	 
1	36872	A	18	 	A	201	 
1	21	A	201	 	A	198	 
1	19	A	198	 	A	201	 
1	17	A	201	 	A	199	 
1	17	A	199	 	A	201	 
1	17	A	201	 	A	196	 
1	17	A	196	 	A	201	 
1	4	A	201	 	A	197	 
1	2	A	197	 	A	201	 
1	17	A	11	 	A	13	 
1	17	A	13	 	A	11	 
1	19	A	11	 	A	14	 
1	21	A	14	 	A	11	 
1	19	A	12	 	A	13	 
1	21	A	13	 	A	12	 
1	17	A	12	 	A	14	 
1	17	A	14	 	A	12	 
1	36874	A	9	 	A	32	 
1	36876	A	32	 	A	9	 
1	21	A	9	 	A	7	 
1	19	A	7	 	A	9	 
1	31	A	9	 	A	8	 
1	31	A	8	 	A	9	 
1	21	A	9	 	A	33	 
1	19	A	33	 	A	9	 
1	4	A	9	 	A	34	 
1	2	A	34	 	A	9	 
1	21	A	32	 	A	7	 
1	19	A	7	 	A	32	 
1	4	A	32	 	A	8	 
1	2	A	8	 	A	32	 
1	23	A	32	 	A	33	 
1	23	A	33	 	A	32	 
1	23	A	32	 	A	34	 
1	23	A	34	 	A	32	 
1	17	A	200	 	A	195	 
1	17	A	195	 	A	200	 
1	17	A	200	 	A	198	 
1	17	A	198	 	A	200	 
1	36895	A	200	 	A	199	 
1	36895	A	199	 	A	200	 
1	29	A	32	 	A	30	 
1	27	A	30	 	A	32	 
1	37149	A	200	 	A	196	 
1	36955	A	196	 	A	200	 
1	1	A	200	 	A	197	 
1	1	A	197	 	A	200	 
1	87	A	32	 	A	31	 
1	279	A	31	 	A	32	 
1	27	A	99	 	A	102	 
1	29	A	102	 	A	99	 
1	36876	A	99	 	A	125	 
1	36874	A	125	 	A	99	 
1	19	A	102	 	A	106	 
1	21	A	106	 	A	102	 
1	46088	A	102	 	A	125	 
1	46088	A	125	 	A	102	 
1	4	A	106	 	A	114	 
1	2	A	114	 	A	106	 
1	19	A	114	 	A	117	 
1	21	A	117	 	A	114	 
1	19	A	117	 	A	121	 
1	21	A	121	 	A	117	 
1	17	A	121	 	A	124	 
1	17	A	124	 	A	121	 
1	91	A	121	 	A	125	 
1	285	A	125	 	A	121	 
1	83	A	124	 	A	125	 
1	277	A	125	 	A	124	 
1	23	A	99	 	A	100	 
1	23	A	100	 	A	99	 
1	17	A	99	 	A	101	 
1	17	A	101	 	A	99	 
1	17	A	99	 	A	104	 
1	17	A	104	 	A	99	 
1	17	A	102	 	A	100	 
1	17	A	100	 	A	102	 
1	87	A	102	 	A	101	 
1	279	A	101	 	A	102	 
1	17	A	102	 	A	104	 
1	17	A	104	 	A	102	 
1	83	A	102	 	A	105	 
1	277	A	105	 	A	102	 
1	17	A	106	 	A	104	 
1	17	A	104	 	A	106	 
1	87	A	106	 	A	105	 
1	279	A	105	 	A	106	 
1	17	A	106	 	A	108	 
1	17	A	108	 	A	106	 
1	19	A	106	 	A	109	 
1	21	A	109	 	A	106	 
1	36876	A	99	 	A	126	 
1	36874	A	126	 	A	99	 
1	36874	A	99	 	A	158	 
1	36876	A	158	 	A	99	 
1	17	A	124	 	A	126	 
1	17	A	126	 	A	124	 
1	19	A	124	 	A	127	 
1	21	A	127	 	A	124	 
1	23	A	125	 	A	126	 
1	23	A	126	 	A	125	 
1	17	A	125	 	A	127	 
1	17	A	127	 	A	125	 
1	21	A	99	 	A	95	 
1	19	A	95	 	A	99	 
1	21	A	99	 	A	96	 
1	19	A	96	 	A	99	 
1	23	A	99	 	A	98	 
1	23	A	98	 	A	99	 
1	8	A	99	 	A	129	 
1	8	A	129	 	A	99	 
1	21	A	102	 	A	98	 
1	19	A	98	 	A	102	 
1	19	A	124	 	A	128	 
1	21	A	128	 	A	124	 
1	19	A	125	 	A	128	 
1	21	A	128	 	A	125	 
1	2	A	125	 	A	129	 
1	4	A	129	 	A	125	 
1	17	A	99	 	A	97	 
1	17	A	97	 	A	99	 
1	23	A	100	 	A	101	 
1	23	A	101	 	A	100	 
1	27	A	100	 	A	104	 
1	29	A	104	 	A	100	 
1	17	A	100	 	A	105	 
1	17	A	105	 	A	100	 
1	19	A	101	 	A	104	 
1	21	A	104	 	A	101	 
1	83	A	101	 	A	105	 
1	277	A	105	 	A	101	 
1	23	A	104	 	A	105	 
1	23	A	105	 	A	104	 
1	27	A	104	 	A	108	 
1	29	A	108	 	A	104	 
1	17	A	104	 	A	109	 
1	17	A	109	 	A	104	 
1	19	A	105	 	A	108	 
1	21	A	108	 	A	105	 
1	46171	A	105	 	A	109	 
1	46365	A	109	 	A	105	 
1	87	A	108	 	A	109	 
1	279	A	109	 	A	108	 
1	2	A	51	 	A	38	 
1	4	A	38	 	A	51	 
1	27	A	51	 	A	44	 
1	29	A	44	 	A	51	 
1	83	A	51	 	A	47	 
1	277	A	47	 	A	51	 
1	277	A	51	 	A	50	 
1	83	A	50	 	A	51	 
1	23	A	51	 	A	52	 
1	23	A	52	 	A	51	 
1	23	A	51	 	A	49	 
1	23	A	49	 	A	51	 
1	36878	A	100	 	A	158	 
1	36878	A	158	 	A	100	 
1	36872	A	100	 	A	16	 
1	36872	A	16	 	A	100	 
1	64524	A	100	 	A	157	 
1	64522	A	157	 	A	100	 
1	37149	A	100	 	A	96	 
1	36955	A	96	 	A	100	 
1	17	A	100	 	A	98	 
1	17	A	98	 	A	100	 
1	277	A	101	 	A	98	 
1	83	A	98	 	A	101	 
1	17	A	51	 	A	53	 
1	17	A	53	 	A	51	 
1	12	A	100	 	A	13	 
1	10	A	13	 	A	100	 
1	9245	A	100	 	A	97	 
1	9243	A	97	 	A	100	 
1	46348	A	100	 	A	154	 
1	46154	A	154	 	A	100	 
1	46090	A	101	 	A	13	 
1	46092	A	13	 	A	101	 
1	46365	A	101	 	A	97	 
1	46171	A	97	 	A	101	 
1	36872	A	104	 	A	13	 
1	36872	A	13	 	A	104	 
1	2	A	51	 	A	63	 
1	4	A	63	 	A	51	 
1	31	A	7	 	A	8	 
1	31	A	8	 	A	7	 
1	19	A	7	 	A	33	 
1	21	A	33	 	A	7	 
1	14	A	7	 	A	52	 
1	14	A	52	 	A	7	 
1	31	A	8	 	A	33	 
1	31	A	33	 	A	8	 
1	4	A	8	 	A	34	 
1	2	A	34	 	A	8	 
1	4	A	8	 	A	35	 
1	2	A	35	 	A	8	 
1	36872	A	8	 	A	38	 
1	36872	A	38	 	A	8	 
1	36878	A	8	 	A	52	 
1	36878	A	52	 	A	8	 
1	87	A	33	 	A	34	 
1	279	A	34	 	A	33	 
1	17	A	33	 	A	35	 
1	17	A	35	 	A	33	 
1	36876	A	33	 	A	37	 
1	36874	A	37	 	A	33	 
1	12	A	33	 	A	38	 
1	10	A	38	 	A	33	 
1	36872	A	33	 	A	43	 
1	36872	A	43	 	A	33	 
1	36872	A	33	 	A	52	 
1	36872	A	52	 	A	33	 
1	279	A	34	 	A	35	 
1	87	A	35	 	A	34	 
1	46367	A	34	 	A	36	 
1	46175	A	36	 	A	34	 
1	46431	A	34	 	A	37	 
1	46431	A	37	 	A	34	 
1	19	A	34	 	A	38	 
1	21	A	38	 	A	34	 
1	36959	A	35	 	A	36	 
1	37151	A	36	 	A	35	 
1	17	A	35	 	A	37	 
1	17	A	37	 	A	35	 
1	19	A	35	 	A	38	 
1	21	A	38	 	A	35	 
1	36955	A	35	 	A	39	 
1	37149	A	39	 	A	35	 
1	351	A	36	 	A	37	 
1	351	A	37	 	A	36	 
1	17	A	36	 	A	38	 
1	17	A	38	 	A	36	 
1	83	A	36	 	A	39	 
1	277	A	39	 	A	36	 
1	19	A	36	 	A	40	 
1	21	A	40	 	A	36	 
1	279	A	37	 	A	38	 
1	87	A	38	 	A	37	 
1	17	A	37	 	A	39	 
1	17	A	39	 	A	37	 
1	19	A	37	 	A	40	 
1	21	A	40	 	A	37	 
1	17	A	37	 	A	41	 
1	17	A	41	 	A	37	 
1	23	A	38	 	A	39	 
1	23	A	39	 	A	38	 
1	19	A	38	 	A	40	 
1	21	A	40	 	A	38	 
1	17	A	38	 	A	41	 
1	17	A	41	 	A	38	 
1	17	A	38	 	A	42	 
1	17	A	42	 	A	38	 
1	36876	A	38	 	A	43	 
1	36874	A	43	 	A	38	 
1	14	A	38	 	A	44	 
1	14	A	44	 	A	38	 
1	36872	A	38	 	A	47	 
1	36872	A	47	 	A	38	 
1	260	A	38	 	A	50	 
1	66	A	50	 	A	38	 
1	36876	A	38	 	A	52	 
1	36874	A	52	 	A	38	 
1	23	A	39	 	A	40	 
1	23	A	40	 	A	39	 
1	17	A	39	 	A	41	 
1	17	A	41	 	A	39	 
1	277	A	40	 	A	41	 
1	83	A	41	 	A	40	 
1	46365	A	40	 	A	42	 
1	46171	A	42	 	A	40	 
1	260	A	40	 	A	43	 
1	66	A	43	 	A	40	 
1	19	A	41	 	A	42	 
1	21	A	42	 	A	41	 
1	17	A	41	 	A	43	 
1	17	A	43	 	A	41	 
1	19	A	41	 	A	44	 
1	21	A	44	 	A	41	 
1	287	A	42	 	A	43	 
1	95	A	43	 	A	42	 
1	17	A	42	 	A	44	 
1	17	A	44	 	A	42	 
1	83	A	42	 	A	46	 
1	277	A	46	 	A	42	 
1	23	A	43	 	A	44	 
1	23	A	44	 	A	43	 
1	36955	A	43	 	A	46	 
1	37149	A	46	 	A	43	 
1	36955	A	43	 	A	47	 
1	37149	A	47	 	A	43	 
1	36872	A	43	 	A	52	 
1	36872	A	52	 	A	43	 
1	83	A	44	 	A	46	 
1	277	A	46	 	A	44	 
1	83	A	44	 	A	47	 
1	277	A	47	 	A	44	 
1	277	A	44	 	A	50	 
1	83	A	50	 	A	44	 
1	46431	A	46	 	A	47	 
1	46431	A	47	 	A	46	 
1	21	A	47	 	A	50	 
1	19	A	50	 	A	47	 
1	36872	A	47	 	A	52	 
1	36872	A	52	 	A	47	 
1	17	A	50	 	A	52	 
1	17	A	52	 	A	50	 
1	21	A	47	 	A	49	 
1	19	A	49	 	A	47	 
1	19	A	50	 	A	49	 
1	21	A	49	 	A	50	 
1	19	A	41	 	A	45	 
1	21	A	45	 	A	41	 
1	19	A	42	 	A	45	 
1	21	A	45	 	A	42	 
1	17	A	43	 	A	45	 
1	17	A	45	 	A	43	 
1	23	A	44	 	A	45	 
1	23	A	45	 	A	44	 
1	279	A	46	 	A	45	 
1	87	A	45	 	A	46	 
1	17	A	47	 	A	45	 
1	17	A	45	 	A	47	 
1	8	A	7	 	A	18	 
1	8	A	18	 	A	7	 
1	66	A	8	 	A	18	 
1	260	A	18	 	A	8	 
1	268	A	7	 	A	13	 
1	74	A	13	 	A	7	 
1	268	A	7	 	A	14	 
1	74	A	14	 	A	7	 
1	13	A	7	 	A	53	 
1	11	A	53	 	A	7	 
1	31	A	52	 	A	53	 
1	31	A	53	 	A	52	 
1	27	A	7	 	A	5	 
1	29	A	5	 	A	7	 
1	23	A	7	 	A	6	 
1	23	A	6	 	A	7	 
1	17	A	7	 	A	31	 
1	17	A	31	 	A	7	 
1	1	A	8	 	A	6	 
1	1	A	6	 	A	8	 
1	36876	A	33	 	A	6	 
1	36874	A	6	 	A	33	 
1	21	A	33	 	A	31	 
1	19	A	31	 	A	33	 
1	36872	A	43	 	A	6	 
1	36872	A	6	 	A	43	 
1	36872	A	43	 	A	54	 
1	36872	A	54	 	A	43	 
1	66	A	46	 	A	63	 
1	260	A	63	 	A	46	 
1	8	A	47	 	A	54	 
1	8	A	54	 	A	47	 
1	46154	A	47	 	A	63	 
1	46348	A	63	 	A	47	 
1	36877	A	52	 	A	6	 
1	36875	A	6	 	A	52	 
1	13	A	52	 	A	54	 
1	11	A	54	 	A	52	 
1	17	A	46	 	A	48	 
1	17	A	48	 	A	46	 
1	279	A	47	 	A	48	 
1	87	A	48	 	A	47	 
1	17	A	50	 	A	48	 
1	17	A	48	 	A	50	 
1	46088	A	49	 	A	64	 
1	46088	A	64	 	A	49	 
1	8	A	49	 	A	63	 
1	8	A	63	 	A	49	 
1	36895	A	49	 	A	48	 
1	36895	A	48	 	A	49	 
1	19	A	190	 	A	194	 
1	21	A	194	 	A	190	 
1	21	A	190	 	A	184	 
1	19	A	184	 	A	190	 
1	4	A	190	 	A	185	 
1	2	A	185	 	A	190	 
1	23	A	190	 	A	189	 
1	23	A	189	 	A	190	 
1	23	A	190	 	A	191	 
1	23	A	191	 	A	190	 
1	17	A	190	 	A	192	 
1	17	A	192	 	A	190	 
1	19	A	190	 	A	193	 
1	21	A	193	 	A	190	 
1	17	A	194	 	A	189	 
1	17	A	189	 	A	194	 
1	21	A	194	 	A	191	 
1	19	A	191	 	A	194	 
1	17	A	194	 	A	192	 
1	17	A	192	 	A	194	 
1	23	A	194	 	A	193	 
1	23	A	193	 	A	194	 
1	87	A	194	 	A	195	 
1	279	A	195	 	A	194	 
1	2	A	194	 	A	199	 
1	4	A	199	 	A	194	 
1	19	A	194	 	A	196	 
1	21	A	196	 	A	194	 
1	21	A	190	 	A	186	 
1	19	A	186	 	A	190	 
1	21	A	190	 	A	187	 
1	19	A	187	 	A	190	 
1	17	A	190	 	A	188	 
1	17	A	188	 	A	190	 
1	23	A	126	 	A	127	 
1	23	A	127	 	A	126	 
1	19	A	126	 	A	130	 
1	21	A	130	 	A	126	 
1	36872	A	126	 	A	159	 
1	36872	A	159	 	A	126	 
1	36872	A	126	 	A	170	 
1	36872	A	170	 	A	126	 
1	10	A	126	 	A	173	 
1	12	A	173	 	A	126	 
1	36874	A	126	 	A	176	 
1	36876	A	176	 	A	126	 
1	19	A	127	 	A	130	 
1	21	A	130	 	A	127	 
1	10	A	127	 	A	173	 
1	12	A	173	 	A	127	 
1	36891	A	130	 	A	133	 
1	36893	A	133	 	A	130	 
1	83	A	130	 	A	134	 
1	277	A	134	 	A	130	 
1	12	A	130	 	A	173	 
1	10	A	173	 	A	130	 
1	37132	A	130	 	A	174	 
1	36938	A	174	 	A	130	 
1	37134	A	130	 	A	175	 
1	36942	A	175	 	A	130	 
1	37134	A	130	 	A	176	 
1	36942	A	176	 	A	130	 
1	87	A	133	 	A	134	 
1	279	A	134	 	A	133	 
1	14	A	133	 	A	175	 
1	14	A	175	 	A	133	 
1	36876	A	133	 	A	176	 
1	36874	A	176	 	A	133	 
1	8	A	133	 	A	179	 
1	8	A	179	 	A	133	 
1	10	A	134	 	A	175	 
1	12	A	175	 	A	134	 
1	36891	A	155	 	A	158	 
1	36893	A	158	 	A	155	 
1	36891	A	155	 	A	159	 
1	36893	A	159	 	A	155	 
1	36872	A	155	 	A	176	 
1	36872	A	176	 	A	155	 
1	36872	A	155	 	A	179	 
1	36872	A	179	 	A	155	 
1	23	A	158	 	A	159	 
1	23	A	159	 	A	158	 
1	36874	A	159	 	A	170	 
1	36876	A	170	 	A	159	 
1	36876	A	159	 	A	176	 
1	36874	A	176	 	A	159	 
1	8	A	159	 	A	179	 
1	8	A	179	 	A	159	 
1	36872	A	159	 	A	180	 
1	36872	A	180	 	A	159	 
1	87	A	170	 	A	171	 
1	279	A	171	 	A	170	 
1	19	A	170	 	A	172	 
1	21	A	172	 	A	170	 
1	31	A	170	 	A	173	 
1	31	A	173	 	A	170	 
1	17	A	170	 	A	174	 
1	17	A	174	 	A	170	 
1	36876	A	170	 	A	176	 
1	36874	A	176	 	A	170	 
1	36959	A	170	 	A	177	 
1	37151	A	177	 	A	170	 
1	36872	A	170	 	A	180	 
1	36872	A	180	 	A	170	 
1	23	A	171	 	A	172	 
1	23	A	172	 	A	171	 
1	17	A	171	 	A	173	 
1	17	A	173	 	A	171	 
1	19	A	171	 	A	174	 
1	21	A	174	 	A	171	 
1	66	A	171	 	A	177	 
1	260	A	177	 	A	171	 
1	36895	A	172	 	A	173	 
1	36895	A	173	 	A	172	 
1	19	A	172	 	A	174	 
1	21	A	174	 	A	172	 
1	31	A	173	 	A	174	 
1	31	A	174	 	A	173	 
1	17	A	173	 	A	175	 
1	17	A	175	 	A	173	 
1	31	A	173	 	A	176	 
1	31	A	176	 	A	173	 
1	83	A	173	 	A	177	 
1	277	A	177	 	A	173	 
1	23	A	174	 	A	175	 
1	23	A	175	 	A	174	 
1	17	A	174	 	A	176	 
1	17	A	176	 	A	174	 
1	83	A	174	 	A	177	 
1	277	A	177	 	A	174	 
1	19	A	174	 	A	178	 
1	21	A	178	 	A	174	 
1	17	A	174	 	A	179	 
1	17	A	179	 	A	174	 
1	23	A	175	 	A	176	 
1	23	A	176	 	A	175	 
1	17	A	175	 	A	177	 
1	17	A	177	 	A	175	 
1	19	A	175	 	A	178	 
1	21	A	178	 	A	175	 
1	19	A	175	 	A	179	 
1	21	A	179	 	A	175	 
1	66	A	175	 	A	182	 
1	260	A	182	 	A	175	 
1	23	A	176	 	A	177	 
1	23	A	177	 	A	176	 
1	17	A	176	 	A	178	 
1	17	A	178	 	A	176	 
1	27	A	176	 	A	179	 
1	29	A	179	 	A	176	 
1	19	A	176	 	A	180	 
1	21	A	180	 	A	176	 
1	279	A	177	 	A	178	 
1	87	A	178	 	A	177	 
1	17	A	177	 	A	179	 
1	17	A	179	 	A	177	 
1	19	A	177	 	A	180	 
1	21	A	180	 	A	177	 
1	17	A	177	 	A	181	 
1	17	A	181	 	A	177	 
1	23	A	178	 	A	179	 
1	23	A	179	 	A	178	 
1	17	A	178	 	A	180	 
1	17	A	180	 	A	178	 
1	17	A	178	 	A	181	 
1	17	A	181	 	A	178	 
1	36955	A	178	 	A	182	 
1	37149	A	182	 	A	178	 
1	31	A	179	 	A	180	 
1	31	A	180	 	A	179	 
1	17	A	179	 	A	181	 
1	17	A	181	 	A	179	 
1	91	A	179	 	A	182	 
1	285	A	182	 	A	179	 
1	21	A	180	 	A	181	 
1	19	A	181	 	A	180	 
1	17	A	180	 	A	182	 
1	17	A	182	 	A	180	 
1	19	A	181	 	A	182	 
1	21	A	182	 	A	181	 
1	21	A	155	 	A	152	 
1	19	A	152	 	A	155	 
1	17	A	155	 	A	153	 
1	17	A	153	 	A	155	 
1	23	A	155	 	A	156	 
1	23	A	156	 	A	155	 
1	17	A	155	 	A	157	 
1	17	A	157	 	A	155	 
1	17	A	155	 	A	160	 
1	17	A	160	 	A	155	 
1	17	A	158	 	A	156	 
1	17	A	156	 	A	158	 
1	87	A	158	 	A	157	 
1	279	A	157	 	A	158	 
1	17	A	158	 	A	160	 
1	17	A	160	 	A	158	 
1	21	A	159	 	A	156	 
1	19	A	156	 	A	159	 
1	17	A	159	 	A	157	 
1	17	A	157	 	A	159	 
1	23	A	159	 	A	160	 
1	23	A	160	 	A	159	 
1	17	A	178	 	A	183	 
1	17	A	183	 	A	178	 
1	46348	A	179	 	A	152	 
1	46154	A	152	 	A	179	 
1	270	A	179	 	A	156	 
1	78	A	156	 	A	179	 
1	36891	A	179	 	A	183	 
1	36893	A	183	 	A	179	 
1	17	A	179	 	A	184	 
1	17	A	184	 	A	179	 
1	36874	A	180	 	A	156	 
1	36876	A	156	 	A	180	 
1	36872	A	180	 	A	160	 
1	36872	A	160	 	A	180	 
1	19	A	180	 	A	183	 
1	21	A	183	 	A	180	 
1	36955	A	180	 	A	184	 
1	37149	A	184	 	A	180	 
1	17	A	180	 	A	185	 
1	17	A	185	 	A	180	 
1	17	A	181	 	A	183	 
1	17	A	183	 	A	181	 
1	83	A	181	 	A	184	 
1	277	A	184	 	A	181	 
1	19	A	181	 	A	185	 
1	21	A	185	 	A	181	 
1	36895	A	182	 	A	183	 
1	36895	A	183	 	A	182	 
1	17	A	182	 	A	184	 
1	17	A	184	 	A	182	 
1	19	A	182	 	A	185	 
1	21	A	185	 	A	182	 
1	19	A	126	 	A	128	 
1	21	A	128	 	A	126	 
1	27	A	126	 	A	129	 
1	29	A	129	 	A	126	 
1	31	A	127	 	A	128	 
1	31	A	128	 	A	127	 
1	17	A	127	 	A	129	 
1	17	A	129	 	A	127	 
1	91	A	127	 	A	131	 
1	285	A	131	 	A	127	 
1	17	A	127	 	A	132	 
1	17	A	132	 	A	127	 
1	17	A	130	 	A	128	 
1	17	A	128	 	A	130	 
1	23	A	130	 	A	129	 
1	23	A	129	 	A	130	 
1	87	A	130	 	A	131	 
1	279	A	131	 	A	130	 
1	17	A	130	 	A	132	 
1	17	A	132	 	A	130	 
1	21	A	133	 	A	129	 
1	19	A	129	 	A	133	 
1	21	A	133	 	A	131	 
1	19	A	131	 	A	133	 
1	23	A	133	 	A	132	 
1	23	A	132	 	A	133	 
1	17	A	133	 	A	135	 
1	17	A	135	 	A	133	 
1	36878	A	133	 	A	143	 
1	36878	A	143	 	A	133	 
1	37149	A	134	 	A	131	 
1	36955	A	131	 	A	134	 
1	17	A	134	 	A	132	 
1	17	A	132	 	A	134	 
1	287	A	134	 	A	135	 
1	95	A	135	 	A	134	 
1	36872	A	155	 	A	92	 
1	36872	A	92	 	A	155	 
1	36874	A	155	 	A	96	 
1	36876	A	96	 	A	155	 
1	36872	A	155	 	A	129	 
1	36872	A	129	 	A	155	 
1	36872	A	155	 	A	143	 
1	36872	A	143	 	A	155	 
1	36876	A	158	 	A	96	 
1	36874	A	96	 	A	158	 
1	36872	A	158	 	A	129	 
1	36872	A	129	 	A	158	 
1	12	A	176	 	A	129	 
1	10	A	129	 	A	176	 
1	268	A	179	 	A	143	 
1	74	A	143	 	A	179	 
1	21	A	155	 	A	151	 
1	19	A	151	 	A	155	 
1	87	A	155	 	A	154	 
1	279	A	154	 	A	155	 
1	21	A	158	 	A	154	 
1	19	A	154	 	A	158	 
1	260	A	179	 	A	151	 
1	66	A	151	 	A	179	 
1	19	A	133	 	A	136	 
1	21	A	136	 	A	133	 
1	17	A	133	 	A	137	 
1	17	A	137	 	A	133	 
1	17	A	133	 	A	138	 
1	17	A	138	 	A	133	 
1	21	A	133	 	A	139	 
1	19	A	139	 	A	133	 
1	4	A	133	 	A	142	 
1	2	A	142	 	A	133	 
1	17	A	134	 	A	136	 
1	17	A	136	 	A	134	 
1	17	A	134	 	A	138	 
1	17	A	138	 	A	134	 
1	17	A	134	 	A	139	 
1	17	A	139	 	A	134	 
1	4	A	175	 	A	138	 
1	2	A	138	 	A	175	 
1	5	A	175	 	A	139	 
1	3	A	139	 	A	175	 
1	4	A	179	 	A	141	 
1	2	A	141	 	A	179	 
1	4	A	179	 	A	142	 
1	2	A	142	 	A	179	 
1	260	A	182	 	A	139	 
1	66	A	139	 	A	182	 
1	260	A	182	 	A	140	 
1	66	A	140	 	A	182	 
1	260	A	182	 	A	141	 
1	66	A	141	 	A	182	 
1	4	A	182	 	A	142	 
1	2	A	142	 	A	182	 
1	19	A	182	 	A	186	 
1	21	A	186	 	A	182	 
1	23	A	15	 	A	16	 
1	23	A	16	 	A	15	 
1	19	A	15	 	A	18	 
1	21	A	18	 	A	15	 
1	19	A	15	 	A	19	 
1	21	A	19	 	A	15	 
1	36874	A	15	 	A	157	 
1	36876	A	157	 	A	15	 
1	2	A	15	 	A	192	 
1	4	A	192	 	A	15	 
1	8	A	15	 	A	198	 
1	8	A	198	 	A	15	 
1	17	A	16	 	A	18	 
1	17	A	18	 	A	16	 
1	36891	A	16	 	A	19	 
1	36893	A	19	 	A	16	 
1	19	A	16	 	A	20	 
1	21	A	20	 	A	16	 
1	15	A	16	 	A	153	 
1	15	A	153	 	A	16	 
1	74	A	16	 	A	157	 
1	268	A	157	 	A	16	 
1	23	A	18	 	A	19	 
1	23	A	19	 	A	18	 
1	19	A	18	 	A	20	 
1	21	A	20	 	A	18	 
1	19	A	18	 	A	21	 
1	21	A	21	 	A	18	 
1	19	A	18	 	A	22	 
1	21	A	22	 	A	18	 
1	10	A	18	 	A	192	 
1	12	A	192	 	A	18	 
1	23	A	19	 	A	20	 
1	23	A	20	 	A	19	 
1	17	A	19	 	A	21	 
1	17	A	21	 	A	19	 
1	19	A	19	 	A	22	 
1	21	A	22	 	A	19	 
1	14	A	19	 	A	153	 
1	14	A	153	 	A	19	 
1	36876	A	19	 	A	156	 
1	36874	A	156	 	A	19	 
1	36876	A	19	 	A	157	 
1	36874	A	157	 	A	19	 
1	8	A	19	 	A	160	 
1	8	A	160	 	A	19	 
1	10	A	19	 	A	189	 
1	12	A	189	 	A	19	 
1	10	A	19	 	A	192	 
1	12	A	192	 	A	19	 
1	8	A	19	 	A	193	 
1	8	A	193	 	A	19	 
1	8	A	19	 	A	198	 
1	8	A	198	 	A	19	 
1	36895	A	20	 	A	21	 
1	36895	A	21	 	A	20	 
1	17	A	20	 	A	22	 
1	17	A	22	 	A	20	 
1	74	A	20	 	A	153	 
1	268	A	153	 	A	20	 
1	23	A	21	 	A	22	 
1	23	A	22	 	A	21	 
1	36872	A	22	 	A	192	 
1	36872	A	192	 	A	22	 
1	31	A	152	 	A	153	 
1	31	A	153	 	A	152	 
1	19	A	152	 	A	156	 
1	21	A	156	 	A	152	 
1	17	A	152	 	A	157	 
1	17	A	157	 	A	152	 
1	36874	A	152	 	A	183	 
1	36876	A	183	 	A	152	 
1	19	A	153	 	A	156	 
1	21	A	156	 	A	153	 
1	19	A	153	 	A	157	 
1	21	A	157	 	A	153	 
1	8	A	153	 	A	189	 
1	8	A	189	 	A	153	 
1	23	A	156	 	A	157	 
1	23	A	157	 	A	156	 
1	36891	A	156	 	A	160	 
1	36893	A	160	 	A	156	 
1	36876	A	156	 	A	183	 
1	36874	A	183	 	A	156	 
1	36876	A	156	 	A	184	 
1	36874	A	184	 	A	156	 
1	36872	A	156	 	A	189	 
1	36872	A	189	 	A	156	 
1	19	A	157	 	A	160	 
1	21	A	160	 	A	157	 
1	46088	A	157	 	A	198	 
1	46088	A	198	 	A	157	 
1	36872	A	160	 	A	184	 
1	36872	A	184	 	A	160	 
1	36872	A	160	 	A	193	 
1	36872	A	193	 	A	160	 
1	36872	A	160	 	A	198	 
1	36872	A	198	 	A	160	 
1	87	A	183	 	A	184	 
1	279	A	184	 	A	183	 
1	17	A	183	 	A	185	 
1	17	A	185	 	A	183	 
1	10	A	183	 	A	189	 
1	12	A	189	 	A	183	 
1	279	A	184	 	A	185	 
1	87	A	185	 	A	184	 
1	3	A	184	 	A	189	 
1	5	A	189	 	A	184	 
1	36874	A	184	 	A	193	 
1	36876	A	193	 	A	184	 
1	17	A	189	 	A	191	 
1	17	A	191	 	A	189	 
1	27	A	189	 	A	192	 
1	29	A	192	 	A	189	 
1	36895	A	189	 	A	193	 
1	36895	A	193	 	A	189	 
1	23	A	191	 	A	192	 
1	23	A	192	 	A	191	 
1	17	A	191	 	A	193	 
1	17	A	193	 	A	191	 
1	83	A	191	 	A	195	 
1	277	A	195	 	A	191	 
1	31	A	192	 	A	193	 
1	31	A	193	 	A	192	 
1	91	A	192	 	A	195	 
1	285	A	195	 	A	192	 
1	27	A	192	 	A	198	 
1	29	A	198	 	A	192	 
1	83	A	193	 	A	195	 
1	277	A	195	 	A	193	 
1	36874	A	193	 	A	198	 
1	36876	A	198	 	A	193	 
1	19	A	193	 	A	199	 
1	21	A	199	 	A	193	 
1	287	A	195	 	A	198	 
1	95	A	198	 	A	195	 
1	19	A	195	 	A	199	 
1	21	A	199	 	A	195	 
1	31	A	198	 	A	199	 
1	31	A	199	 	A	198	 
1	10	A	18	 	A	28	 
1	12	A	28	 	A	18	 
1	64520	A	18	 	A	30	 
1	64520	A	30	 	A	18	 
1	10	A	21	 	A	28	 
1	12	A	28	 	A	21	 
1	36874	A	22	 	A	28	 
1	36876	A	28	 	A	22	 
1	36872	A	192	 	A	28	 
1	36872	A	28	 	A	192	 
1	36872	A	192	 	A	197	 
1	36872	A	197	 	A	192	 
1	287	A	195	 	A	196	 
1	95	A	196	 	A	195	 
1	46367	A	195	 	A	197	 
1	46175	A	197	 	A	195	 
1	17	A	198	 	A	196	 
1	17	A	196	 	A	198	 
1	23	A	198	 	A	197	 
1	23	A	197	 	A	198	 
1	21	A	199	 	A	196	 
1	19	A	196	 	A	199	 
1	17	A	199	 	A	197	 
1	17	A	197	 	A	199	 
1	270	A	152	 	A	143	 
1	78	A	143	 	A	152	 
1	17	A	15	 	A	13	 
1	17	A	13	 	A	15	 
1	23	A	15	 	A	14	 
1	23	A	14	 	A	15	 
1	17	A	15	 	A	17	 
1	17	A	17	 	A	15	 
1	17	A	16	 	A	14	 
1	17	A	14	 	A	16	 
1	23	A	16	 	A	17	 
1	23	A	17	 	A	16	 
1	36874	A	16	 	A	69	 
1	36876	A	69	 	A	16	 
1	36877	A	16	 	A	154	 
1	36875	A	154	 	A	16	 
1	46365	A	18	 	A	14	 
1	46171	A	14	 	A	18	 
1	31	A	18	 	A	17	 
1	31	A	17	 	A	18	 
1	17	A	19	 	A	14	 
1	17	A	14	 	A	19	 
1	17	A	19	 	A	17	 
1	17	A	17	 	A	19	 
1	21	A	20	 	A	17	 
1	19	A	17	 	A	20	 
1	36876	A	20	 	A	69	 
1	36874	A	69	 	A	20	 
1	36872	A	20	 	A	72	 
1	36872	A	72	 	A	20	 
1	12	A	20	 	A	150	 
1	10	A	150	 	A	20	 
1	36893	A	21	 	A	17	 
1	36891	A	17	 	A	21	 
1	36872	A	21	 	A	72	 
1	36872	A	72	 	A	21	 
1	21	A	152	 	A	150	 
1	19	A	150	 	A	152	 
1	23	A	152	 	A	151	 
1	23	A	151	 	A	152	 
1	17	A	152	 	A	154	 
1	17	A	154	 	A	152	 
1	21	A	153	 	A	150	 
1	19	A	150	 	A	153	 
1	17	A	153	 	A	151	 
1	17	A	151	 	A	153	 
1	23	A	153	 	A	154	 
1	23	A	154	 	A	153	 
1	17	A	156	 	A	151	 
1	17	A	151	 	A	156	 
1	17	A	156	 	A	154	 
1	17	A	154	 	A	156	 
1	21	A	157	 	A	154	 
1	19	A	154	 	A	157	 
1	36872	A	18	 	A	5	 
1	36872	A	5	 	A	18	 
1	8	A	21	 	A	3	 
1	8	A	3	 	A	21	 
1	36872	A	21	 	A	5	 
1	36872	A	5	 	A	21	 
1	36872	A	21	 	A	55	 
1	36872	A	55	 	A	21	 
1	12	A	152	 	A	142	 
1	10	A	142	 	A	152	 
1	4	A	183	 	A	141	 
1	2	A	141	 	A	183	 
1	8	A	183	 	A	142	 
1	8	A	142	 	A	183	 
1	17	A	18	 	A	23	 
1	17	A	23	 	A	18	 
1	19	A	19	 	A	23	 
1	21	A	23	 	A	19	 
1	17	A	19	 	A	24	 
1	17	A	24	 	A	19	 
1	19	A	20	 	A	23	 
1	21	A	23	 	A	20	 
1	91	A	20	 	A	24	 
1	285	A	24	 	A	20	 
1	17	A	20	 	A	25	 
1	17	A	25	 	A	20	 
1	17	A	21	 	A	23	 
1	17	A	23	 	A	21	 
1	19	A	21	 	A	24	 
1	21	A	24	 	A	21	 
1	17	A	21	 	A	25	 
1	17	A	25	 	A	21	 
1	23	A	22	 	A	23	 
1	23	A	23	 	A	22	 
1	17	A	22	 	A	24	 
1	17	A	24	 	A	22	 
1	17	A	22	 	A	25	 
1	17	A	25	 	A	22	 
1	7	A	22	 	A	188	 
1	7	A	188	 	A	22	 
1	37132	A	152	 	A	148	 
1	36938	A	148	 	A	152	 
1	46348	A	153	 	A	23	 
1	46154	A	23	 	A	153	 
1	46348	A	153	 	A	24	 
1	46154	A	24	 	A	153	 
1	36872	A	153	 	A	148	 
1	36872	A	148	 	A	153	 
1	46088	A	153	 	A	186	 
1	46088	A	186	 	A	153	 
1	36872	A	183	 	A	148	 
1	36872	A	148	 	A	183	 
1	91	A	183	 	A	186	 
1	285	A	186	 	A	183	 
1	17	A	184	 	A	186	 
1	17	A	186	 	A	184	 
1	23	A	185	 	A	186	 
1	23	A	186	 	A	185	 
1	19	A	185	 	A	187	 
1	21	A	187	 	A	185	 
1	36943	A	189	 	A	23	 
1	37135	A	23	 	A	189	 
1	31	A	189	 	A	186	 
1	31	A	186	 	A	189	 
1	17	A	189	 	A	187	 
1	17	A	187	 	A	189	 
1	23	A	189	 	A	188	 
1	23	A	188	 	A	189	 
1	17	A	191	 	A	186	 
1	17	A	186	 	A	191	 
1	21	A	191	 	A	187	 
1	19	A	187	 	A	191	 
1	21	A	191	 	A	188	 
1	19	A	188	 	A	191	 
1	21	A	192	 	A	188	 
1	19	A	188	 	A	192	 
1	31	A	21	 	A	26	 
1	31	A	26	 	A	21	 
1	17	A	22	 	A	26	 
1	17	A	26	 	A	22	 
1	260	A	152	 	A	144	 
1	66	A	144	 	A	152	 
1	4	A	152	 	A	147	 
1	2	A	147	 	A	152	 
1	4	A	20	 	A	73	 
1	2	A	73	 	A	20	 
1	36872	A	20	 	A	76	 
1	36872	A	76	 	A	20	 
1	36872	A	20	 	A	78	 
1	36872	A	78	 	A	20	 
1	36872	A	21	 	A	76	 
1	36872	A	76	 	A	21	 
1	46431	A	152	 	A	149	 
1	46431	A	149	 	A	152	 
1	8	A	153	 	A	78	 
1	8	A	78	 	A	153	 
1	21	A	153	 	A	149	 
1	19	A	149	 	A	153	 
1	279	A	28	 	A	29	 
1	87	A	29	 	A	28	 
1	9245	A	28	 	A	30	 
1	9243	A	30	 	A	28	 
1	46088	A	28	 	A	197	 
1	46088	A	197	 	A	28	 
1	279	A	29	 	A	30	 
1	87	A	30	 	A	29	 
1	36872	A	30	 	A	197	 
1	36872	A	197	 	A	30	 
1	23	A	196	 	A	197	 
1	23	A	197	 	A	196	 
1	31	A	28	 	A	3	 
1	31	A	3	 	A	28	 
1	4	A	28	 	A	4	 
1	2	A	4	 	A	28	 
1	12	A	28	 	A	5	 
1	10	A	5	 	A	28	 
1	21	A	29	 	A	3	 
1	19	A	3	 	A	29	 
1	95	A	29	 	A	4	 
1	287	A	4	 	A	29	 
1	19	A	29	 	A	5	 
1	21	A	5	 	A	29	 
1	55325	A	29	 	A	31	 
1	55323	A	31	 	A	29	 
1	36895	A	30	 	A	5	 
1	36895	A	5	 	A	30	 
1	279	A	30	 	A	31	 
1	87	A	31	 	A	30	 
1	21	A	28	 	A	26	 
1	19	A	26	 	A	28	 
1	87	A	28	 	A	27	 
1	279	A	27	 	A	28	 
1	17	A	29	 	A	27	 
1	17	A	27	 	A	29	 
1	23	A	89	 	A	90	 
1	23	A	90	 	A	89	 
1	17	A	89	 	A	91	 
1	17	A	91	 	A	89	 
1	19	A	89	 	A	92	 
1	21	A	92	 	A	89	 
1	23	A	90	 	A	91	 
1	23	A	91	 	A	90	 
1	17	A	90	 	A	92	 
1	17	A	92	 	A	90	 
1	27	A	90	 	A	94	 
1	29	A	94	 	A	90	 
1	17	A	90	 	A	95	 
1	17	A	95	 	A	90	 
1	23	A	91	 	A	92	 
1	23	A	92	 	A	91	 
1	83	A	91	 	A	94	 
1	277	A	94	 	A	91	 
1	17	A	91	 	A	95	 
1	17	A	95	 	A	91	 
1	36872	A	91	 	A	132	 
1	36872	A	132	 	A	91	 
1	17	A	92	 	A	94	 
1	17	A	94	 	A	92	 
1	17	A	92	 	A	95	 
1	17	A	95	 	A	92	 
1	36891	A	92	 	A	96	 
1	36893	A	96	 	A	92	 
1	10	A	92	 	A	129	 
1	12	A	129	 	A	92	 
1	36874	A	92	 	A	132	 
1	36876	A	132	 	A	92	 
1	36876	A	92	 	A	143	 
1	36874	A	143	 	A	92	 
1	21	A	94	 	A	95	 
1	19	A	95	 	A	94	 
1	17	A	94	 	A	96	 
1	17	A	96	 	A	94	 
1	19	A	94	 	A	98	 
1	21	A	98	 	A	94	 
1	19	A	95	 	A	96	 
1	21	A	96	 	A	95	 
1	19	A	95	 	A	98	 
1	21	A	98	 	A	95	 
1	2	A	95	 	A	129	 
1	4	A	129	 	A	95	 
1	17	A	96	 	A	98	 
1	17	A	98	 	A	96	 
1	36874	A	96	 	A	129	 
1	36876	A	129	 	A	96	 
1	31	A	128	 	A	129	 
1	31	A	129	 	A	128	 
1	83	A	128	 	A	131	 
1	277	A	131	 	A	128	 
1	19	A	128	 	A	132	 
1	21	A	132	 	A	128	 
1	17	A	129	 	A	131	 
1	17	A	131	 	A	129	 
1	27	A	129	 	A	132	 
1	29	A	132	 	A	129	 
1	10	A	129	 	A	143	 
1	12	A	143	 	A	129	 
1	279	A	131	 	A	132	 
1	87	A	132	 	A	131	 
1	36955	A	131	 	A	135	 
1	37149	A	135	 	A	131	 
1	36955	A	132	 	A	135	 
1	37149	A	135	 	A	132	 
1	36879	A	132	 	A	143	 
1	36879	A	143	 	A	132	 
1	19	A	89	 	A	93	 
1	21	A	93	 	A	89	 
1	36874	A	89	 	A	150	 
1	36876	A	150	 	A	89	 
1	36879	A	89	 	A	151	 
1	36879	A	151	 	A	89	 
1	64586	A	90	 	A	70	 
1	64780	A	70	 	A	90	 
1	19	A	90	 	A	93	 
1	21	A	93	 	A	90	 
1	36872	A	90	 	A	150	 
1	36872	A	150	 	A	90	 
1	17	A	91	 	A	93	 
1	17	A	93	 	A	91	 
1	23	A	92	 	A	93	 
1	23	A	93	 	A	92	 
1	17	A	92	 	A	97	 
1	17	A	97	 	A	92	 
1	36878	A	92	 	A	151	 
1	36878	A	151	 	A	92	 
1	55306	A	94	 	A	70	 
1	55308	A	70	 	A	94	 
1	46111	A	94	 	A	93	 
1	46111	A	93	 	A	94	 
1	19	A	94	 	A	97	 
1	21	A	97	 	A	94	 
1	17	A	95	 	A	93	 
1	17	A	93	 	A	95	 
1	17	A	95	 	A	97	 
1	17	A	97	 	A	95	 
1	36893	A	96	 	A	93	 
1	36891	A	93	 	A	96	 
1	23	A	96	 	A	97	 
1	23	A	97	 	A	96	 
1	4	A	96	 	A	151	 
1	2	A	151	 	A	96	 
1	36876	A	96	 	A	154	 
1	36874	A	154	 	A	96	 
1	17	A	98	 	A	93	 
1	17	A	93	 	A	98	 
1	31	A	98	 	A	97	 
1	31	A	97	 	A	98	 
1	12	A	143	 	A	151	 
1	10	A	151	 	A	143	 
1	19	A	132	 	A	136	 
1	21	A	136	 	A	132	 
1	23	A	135	 	A	136	 
1	23	A	136	 	A	135	 
1	17	A	135	 	A	137	 
1	17	A	137	 	A	135	 
1	66	A	143	 	A	136	 
1	260	A	136	 	A	143	 
1	17	A	143	 	A	141	 
1	17	A	141	 	A	143	 
1	23	A	143	 	A	142	 
1	23	A	142	 	A	143	 
1	21	A	89	 	A	85	 
1	19	A	85	 	A	89	 
1	21	A	89	 	A	86	 
1	19	A	86	 	A	89	 
1	17	A	89	 	A	87	 
1	17	A	87	 	A	89	 
1	23	A	89	 	A	88	 
1	23	A	88	 	A	89	 
1	36874	A	89	 	A	144	 
1	36876	A	144	 	A	89	 
1	17	A	90	 	A	85	 
1	17	A	85	 	A	90	 
1	21	A	90	 	A	86	 
1	19	A	86	 	A	90	 
1	277	A	90	 	A	87	 
1	83	A	87	 	A	90	 
1	17	A	90	 	A	88	 
1	17	A	88	 	A	90	 
1	21	A	91	 	A	87	 
1	19	A	87	 	A	91	 
1	36893	A	91	 	A	88	 
1	36891	A	88	 	A	91	 
1	21	A	92	 	A	88	 
1	19	A	88	 	A	92	 
1	36872	A	92	 	A	144	 
1	36872	A	144	 	A	92	 
1	31	A	143	 	A	144	 
1	31	A	144	 	A	143	 
1	17	A	143	 	A	145	 
1	17	A	145	 	A	143	 
1	12	A	89	 	A	79	 
1	10	A	79	 	A	89	 
1	4	A	89	 	A	80	 
1	2	A	80	 	A	89	 
1	36872	A	89	 	A	149	 
1	36872	A	149	 	A	89	 
1	46088	A	90	 	A	79	 
1	46088	A	79	 	A	90	 
1	8	A	143	 	A	149	 
1	8	A	149	 	A	143	 
1	87	A	13	 	A	14	 
1	279	A	14	 	A	13	 
1	2	A	13	 	A	17	 
1	4	A	17	 	A	13	 
1	10	A	13	 	A	53	 
1	12	A	53	 	A	13	 
1	46155	A	13	 	A	65	 
1	46349	A	65	 	A	13	 
1	36872	A	13	 	A	66	 
1	36872	A	66	 	A	13	 
1	64520	A	13	 	A	97	 
1	64520	A	97	 	A	13	 
1	36891	A	14	 	A	17	 
1	36893	A	17	 	A	14	 
1	36876	A	14	 	A	53	 
1	36874	A	53	 	A	14	 
1	12	A	17	 	A	65	 
1	10	A	65	 	A	17	 
1	36872	A	17	 	A	68	 
1	36872	A	68	 	A	17	 
1	10	A	17	 	A	69	 
1	12	A	69	 	A	17	 
1	10	A	17	 	A	72	 
1	12	A	72	 	A	17	 
1	17	A	53	 	A	64	 
1	17	A	64	 	A	53	 
1	12	A	53	 	A	65	 
1	10	A	65	 	A	53	 
1	36874	A	53	 	A	68	 
1	36876	A	68	 	A	53	 
1	343	A	64	 	A	65	 
1	343	A	65	 	A	64	 
1	21	A	64	 	A	66	 
1	19	A	66	 	A	64	 
1	95	A	64	 	A	67	 
1	287	A	67	 	A	64	 
1	19	A	64	 	A	68	 
1	21	A	68	 	A	64	 
1	46367	A	65	 	A	66	 
1	46175	A	66	 	A	65	 
1	17	A	65	 	A	67	 
1	17	A	67	 	A	65	 
1	19	A	65	 	A	68	 
1	21	A	68	 	A	65	 
1	19	A	65	 	A	69	 
1	21	A	69	 	A	65	 
1	46088	A	65	 	A	97	 
1	46088	A	97	 	A	65	 
1	87	A	66	 	A	67	 
1	279	A	67	 	A	66	 
1	17	A	66	 	A	68	 
1	17	A	68	 	A	66	 
1	36891	A	66	 	A	69	 
1	36893	A	69	 	A	66	 
1	46171	A	66	 	A	70	 
1	46365	A	70	 	A	66	 
1	17	A	66	 	A	71	 
1	17	A	71	 	A	66	 
1	46090	A	66	 	A	93	 
1	46092	A	93	 	A	66	 
1	46088	A	66	 	A	97	 
1	46088	A	97	 	A	66	 
1	46088	A	66	 	A	154	 
1	46088	A	154	 	A	66	 
1	279	A	67	 	A	68	 
1	87	A	68	 	A	67	 
1	17	A	67	 	A	69	 
1	17	A	69	 	A	67	 
1	19	A	67	 	A	70	 
1	21	A	70	 	A	67	 
1	19	A	67	 	A	71	 
1	21	A	71	 	A	67	 
1	17	A	67	 	A	72	 
1	17	A	72	 	A	67	 
1	23	A	68	 	A	69	 
1	23	A	69	 	A	68	 
1	17	A	68	 	A	70	 
1	17	A	70	 	A	68	 
1	19	A	68	 	A	71	 
1	21	A	71	 	A	68	 
1	27	A	68	 	A	72	 
1	29	A	72	 	A	68	 
1	23	A	69	 	A	70	 
1	23	A	70	 	A	69	 
1	17	A	69	 	A	71	 
1	17	A	71	 	A	69	 
1	19	A	69	 	A	72	 
1	21	A	72	 	A	69	 
1	36872	A	69	 	A	93	 
1	36872	A	93	 	A	69	 
1	14	A	69	 	A	150	 
1	14	A	150	 	A	69	 
1	36872	A	69	 	A	154	 
1	36872	A	154	 	A	69	 
1	23	A	70	 	A	71	 
1	23	A	71	 	A	70	 
1	17	A	70	 	A	72	 
1	17	A	72	 	A	70	 
1	36872	A	70	 	A	93	 
1	36872	A	93	 	A	70	 
1	36874	A	70	 	A	150	 
1	36876	A	150	 	A	70	 
1	37151	A	71	 	A	72	 
1	36959	A	72	 	A	71	 
1	19	A	93	 	A	97	 
1	21	A	97	 	A	93	 
1	36876	A	93	 	A	150	 
1	36874	A	150	 	A	93	 
1	37134	A	93	 	A	151	 
1	36942	A	151	 	A	93	 
1	46158	A	93	 	A	154	 
1	46350	A	154	 	A	93	 
1	2	A	97	 	A	154	 
1	4	A	154	 	A	97	 
1	31	A	150	 	A	151	 
1	31	A	151	 	A	150	 
1	19	A	150	 	A	154	 
1	21	A	154	 	A	150	 
1	19	A	151	 	A	154	 
1	21	A	154	 	A	151	 
1	36872	A	14	 	A	5	 
1	36872	A	5	 	A	14	 
1	36872	A	17	 	A	5	 
1	36872	A	5	 	A	17	 
1	8	A	17	 	A	55	 
1	8	A	55	 	A	17	 
1	21	A	53	 	A	6	 
1	19	A	6	 	A	53	 
1	23	A	53	 	A	54	 
1	23	A	54	 	A	53	 
1	17	A	53	 	A	55	 
1	17	A	55	 	A	53	 
1	1	A	53	 	A	62	 
1	1	A	62	 	A	53	 
1	19	A	53	 	A	63	 
1	21	A	63	 	A	53	 
1	17	A	64	 	A	62	 
1	17	A	62	 	A	64	 
1	31	A	64	 	A	63	 
1	31	A	63	 	A	64	 
1	17	A	65	 	A	63	 
1	17	A	63	 	A	65	 
1	36874	A	67	 	A	62	 
1	36876	A	62	 	A	67	 
1	277	A	67	 	A	63	 
1	83	A	63	 	A	67	 
1	4	A	68	 	A	54	 
1	2	A	54	 	A	68	 
1	12	A	68	 	A	55	 
1	10	A	55	 	A	68	 
1	14	A	68	 	A	62	 
1	14	A	62	 	A	68	 
1	21	A	68	 	A	63	 
1	19	A	63	 	A	68	 
1	8	A	71	 	A	55	 
1	8	A	55	 	A	71	 
1	46088	A	71	 	A	57	 
1	46088	A	57	 	A	71	 
1	36872	A	71	 	A	60	 
1	36872	A	60	 	A	71	 
1	36872	A	71	 	A	62	 
1	36872	A	62	 	A	71	 
1	36872	A	72	 	A	3	 
1	36872	A	3	 	A	72	 
1	36872	A	72	 	A	55	 
1	36872	A	55	 	A	72	 
1	17	A	150	 	A	148	 
1	17	A	148	 	A	150	 
1	66	A	67	 	A	74	 
1	260	A	74	 	A	67	 
1	17	A	68	 	A	73	 
1	17	A	73	 	A	68	 
1	17	A	69	 	A	73	 
1	17	A	73	 	A	69	 
1	17	A	69	 	A	74	 
1	17	A	74	 	A	69	 
1	17	A	70	 	A	73	 
1	17	A	73	 	A	70	 
1	91	A	70	 	A	74	 
1	285	A	74	 	A	70	 
1	17	A	70	 	A	75	 
1	17	A	75	 	A	70	 
1	46090	A	70	 	A	79	 
1	46092	A	79	 	A	70	 
1	17	A	71	 	A	73	 
1	17	A	73	 	A	71	 
1	9307	A	71	 	A	74	 
1	9501	A	74	 	A	71	 
1	46171	A	71	 	A	75	 
1	46365	A	75	 	A	71	 
1	17	A	71	 	A	76	 
1	17	A	76	 	A	71	 
1	21	A	72	 	A	73	 
1	19	A	73	 	A	72	 
1	17	A	72	 	A	74	 
1	17	A	74	 	A	72	 
1	36955	A	72	 	A	75	 
1	37149	A	75	 	A	72	 
1	36891	A	72	 	A	76	 
1	36893	A	76	 	A	72	 
1	17	A	72	 	A	77	 
1	17	A	77	 	A	72	 
1	19	A	72	 	A	78	 
1	21	A	78	 	A	72	 
1	4	A	150	 	A	73	 
1	2	A	73	 	A	150	 
1	31	A	150	 	A	78	 
1	31	A	78	 	A	150	 
1	36876	A	150	 	A	79	 
1	36874	A	79	 	A	150	 
1	95	A	150	 	A	149	 
1	287	A	149	 	A	150	 
1	36959	A	151	 	A	149	 
1	37151	A	149	 	A	151	 
1	87	A	3	 	A	4	 
1	279	A	4	 	A	3	 
1	17	A	3	 	A	5	 
1	17	A	5	 	A	3	 
1	10	A	3	 	A	55	 
1	12	A	55	 	A	3	 
1	21	A	3	 	A	56	 
1	19	A	56	 	A	3	 
1	46093	A	3	 	A	57	 
1	46091	A	57	 	A	3	 
1	279	A	4	 	A	5	 
1	87	A	5	 	A	4	 
1	36895	A	4	 	A	6	 
1	36895	A	6	 	A	4	 
1	12	A	4	 	A	31	 
1	10	A	31	 	A	4	 
1	1	A	4	 	A	54	 
1	1	A	54	 	A	4	 
1	19	A	4	 	A	55	 
1	21	A	55	 	A	4	 
1	46367	A	4	 	A	56	 
1	46175	A	56	 	A	4	 
1	23	A	5	 	A	6	 
1	23	A	6	 	A	5	 
1	19	A	5	 	A	31	 
1	21	A	31	 	A	5	 
1	21	A	5	 	A	54	 
1	19	A	54	 	A	5	 
1	11	A	5	 	A	55	 
1	13	A	55	 	A	5	 
1	31	A	6	 	A	31	 
1	31	A	31	 	A	6	 
1	31	A	6	 	A	54	 
1	31	A	54	 	A	6	 
1	1	A	6	 	A	55	 
1	1	A	55	 	A	6	 
1	36872	A	6	 	A	56	 
1	36872	A	56	 	A	6	 
1	23	A	54	 	A	55	 
1	23	A	55	 	A	54	 
1	36889	A	54	 	A	56	 
1	36889	A	56	 	A	54	 
1	36872	A	54	 	A	61	 
1	36872	A	61	 	A	54	 
1	21	A	54	 	A	62	 
1	19	A	62	 	A	54	 
1	46091	A	54	 	A	63	 
1	46093	A	63	 	A	54	 
1	23	A	55	 	A	56	 
1	23	A	56	 	A	55	 
1	29	A	55	 	A	57	 
1	27	A	57	 	A	55	 
1	1	A	55	 	A	60	 
1	1	A	60	 	A	55	 
1	83	A	55	 	A	61	 
1	277	A	61	 	A	55	 
1	31	A	55	 	A	62	 
1	31	A	62	 	A	55	 
1	1	A	55	 	A	63	 
1	1	A	63	 	A	55	 
1	23	A	56	 	A	57	 
1	23	A	57	 	A	56	 
1	21	A	56	 	A	58	 
1	19	A	58	 	A	56	 
1	21	A	56	 	A	60	 
1	19	A	60	 	A	56	 
1	46093	A	56	 	A	61	 
1	46091	A	61	 	A	56	 
1	1	A	56	 	A	62	 
1	1	A	62	 	A	56	 
1	277	A	57	 	A	58	 
1	83	A	58	 	A	57	 
1	19	A	57	 	A	59	 
1	21	A	59	 	A	57	 
1	31	A	57	 	A	60	 
1	31	A	60	 	A	57	 
1	19	A	58	 	A	59	 
1	21	A	59	 	A	58	 
1	17	A	58	 	A	60	 
1	17	A	60	 	A	58	 
1	287	A	59	 	A	60	 
1	95	A	60	 	A	59	 
1	83	A	59	 	A	61	 
1	277	A	61	 	A	59	 
1	87	A	60	 	A	61	 
1	279	A	61	 	A	60	 
1	36891	A	60	 	A	62	 
1	36893	A	62	 	A	60	 
1	279	A	61	 	A	62	 
1	87	A	62	 	A	61	 
1	36891	A	61	 	A	63	 
1	36893	A	63	 	A	61	 
1	23	A	62	 	A	63	 
1	23	A	63	 	A	62	 
1	268	A	63	 	A	48	 
1	74	A	48	 	A	63	 
1	46088	A	3	 	A	26	 
1	46088	A	26	 	A	3	 
1	21	A	3	 	A	27	 
1	19	A	27	 	A	3	 
1	46088	A	3	 	A	75	 
1	46088	A	75	 	A	3	 
1	36872	A	3	 	A	76	 
1	36872	A	76	 	A	3	 
1	31	A	3	 	A	2	 
1	31	A	2	 	A	3	 
1	277	A	4	 	A	2	 
1	83	A	2	 	A	4	 
1	1	A	56	 	A	2	 
1	1	A	2	 	A	56	 
1	21	A	57	 	A	2	 
1	19	A	2	 	A	57	 
1	17	A	58	 	A	2	 
1	17	A	2	 	A	58	 
1	46431	A	136	 	A	137	 
1	46431	A	137	 	A	136	 
1	17	A	136	 	A	138	 
1	17	A	138	 	A	136	 
1	17	A	136	 	A	139	 
1	17	A	139	 	A	136	 
1	17	A	136	 	A	140	 
1	17	A	140	 	A	136	 
1	46171	A	136	 	A	141	 
1	46365	A	141	 	A	136	 
1	261	A	136	 	A	142	 
1	67	A	142	 	A	136	 
1	21	A	137	 	A	138	 
1	19	A	138	 	A	137	 
1	21	A	137	 	A	139	 
1	19	A	139	 	A	137	 
1	23	A	137	 	A	140	 
1	23	A	140	 	A	137	 
1	46105	A	137	 	A	141	 
1	46105	A	141	 	A	137	 
1	12	A	137	 	A	146	 
1	10	A	146	 	A	137	 
1	17	A	138	 	A	139	 
1	17	A	139	 	A	138	 
1	19	A	138	 	A	140	 
1	21	A	140	 	A	138	 
1	19	A	139	 	A	140	 
1	21	A	140	 	A	139	 
1	17	A	139	 	A	141	 
1	17	A	141	 	A	139	 
1	95	A	140	 	A	141	 
1	287	A	141	 	A	140	 
1	1	A	140	 	A	142	 
1	1	A	142	 	A	140	 
1	287	A	141	 	A	142	 
1	95	A	142	 	A	141	 
1	268	A	141	 	A	146	 
1	74	A	146	 	A	141	 
1	4	A	142	 	A	146	 
1	2	A	146	 	A	142	 
1	36876	A	142	 	A	148	 
1	36874	A	148	 	A	142	 
1	36872	A	142	 	A	186	 
1	36872	A	186	 	A	142	 
1	17	A	146	 	A	148	 
1	17	A	148	 	A	146	 
1	260	A	136	 	A	144	 
1	66	A	144	 	A	136	 
1	260	A	136	 	A	145	 
1	66	A	145	 	A	136	 
1	260	A	137	 	A	145	 
1	66	A	145	 	A	137	 
1	260	A	141	 	A	145	 
1	66	A	145	 	A	141	 
1	21	A	142	 	A	144	 
1	19	A	144	 	A	142	 
1	21	A	142	 	A	145	 
1	19	A	145	 	A	142	 
1	4	A	142	 	A	147	 
1	2	A	147	 	A	142	 
1	66	A	146	 	A	85	 
1	260	A	85	 	A	146	 
1	17	A	146	 	A	144	 
1	17	A	144	 	A	146	 
1	21	A	146	 	A	145	 
1	19	A	145	 	A	146	 
1	37151	A	146	 	A	147	 
1	36959	A	147	 	A	146	 
1	46431	A	23	 	A	24	 
1	46431	A	24	 	A	23	 
1	17	A	23	 	A	25	 
1	17	A	25	 	A	23	 
1	36872	A	23	 	A	148	 
1	36872	A	148	 	A	23	 
1	64524	A	23	 	A	186	 
1	64522	A	186	 	A	23	 
1	287	A	23	 	A	188	 
1	95	A	188	 	A	23	 
1	21	A	24	 	A	25	 
1	19	A	25	 	A	24	 
1	8	A	24	 	A	148	 
1	8	A	148	 	A	24	 
1	36872	A	24	 	A	186	 
1	36872	A	186	 	A	24	 
1	2	A	24	 	A	188	 
1	4	A	188	 	A	24	 
1	2	A	25	 	A	188	 
1	4	A	188	 	A	25	 
1	36872	A	148	 	A	186	 
1	36872	A	186	 	A	148	 
1	31	A	186	 	A	187	 
1	31	A	187	 	A	186	 
1	17	A	186	 	A	188	 
1	17	A	188	 	A	186	 
1	23	A	187	 	A	188	 
1	23	A	188	 	A	187	 
1	95	A	24	 	A	26	 
1	287	A	26	 	A	24	 
1	83	A	25	 	A	26	 
1	277	A	26	 	A	25	 
1	17	A	25	 	A	27	 
1	17	A	27	 	A	25	 
1	87	A	148	 	A	147	 
1	279	A	147	 	A	148	 
1	12	A	24	 	A	76	 
1	10	A	76	 	A	24	 
1	36872	A	24	 	A	78	 
1	36872	A	78	 	A	24	 
1	1	A	148	 	A	77	 
1	1	A	77	 	A	148	 
1	27	A	148	 	A	78	 
1	29	A	78	 	A	148	 
1	17	A	148	 	A	79	 
1	17	A	79	 	A	148	 
1	87	A	148	 	A	149	 
1	279	A	149	 	A	148	 
1	343	A	26	 	A	27	 
1	343	A	27	 	A	26	 
1	36872	A	26	 	A	76	 
1	36872	A	76	 	A	26	 
1	2	A	27	 	A	2	 
1	4	A	2	 	A	27	 
1	55391	A	81	 	A	82	 
1	55583	A	82	 	A	81	 
1	1	A	81	 	A	83	 
1	1	A	83	 	A	81	 
1	55370	A	81	 	A	85	 
1	55564	A	85	 	A	81	 
1	74	A	81	 	A	147	 
1	268	A	147	 	A	81	 
1	279	A	82	 	A	83	 
1	87	A	83	 	A	82	 
1	285	A	82	 	A	84	 
1	91	A	84	 	A	82	 
1	351	A	82	 	A	85	 
1	351	A	85	 	A	82	 
1	279	A	82	 	A	86	 
1	87	A	86	 	A	82	 
1	23	A	83	 	A	84	 
1	23	A	84	 	A	83	 
1	17	A	83	 	A	85	 
1	17	A	85	 	A	83	 
1	19	A	83	 	A	86	 
1	21	A	86	 	A	83	 
1	19	A	83	 	A	87	 
1	21	A	87	 	A	83	 
1	23	A	84	 	A	85	 
1	23	A	85	 	A	84	 
1	17	A	84	 	A	86	 
1	17	A	86	 	A	84	 
1	19	A	84	 	A	87	 
1	21	A	87	 	A	84	 
1	27	A	84	 	A	88	 
1	29	A	88	 	A	84	 
1	23	A	85	 	A	86	 
1	23	A	86	 	A	85	 
1	17	A	85	 	A	87	 
1	17	A	87	 	A	85	 
1	27	A	85	 	A	88	 
1	29	A	88	 	A	85	 
1	36878	A	85	 	A	144	 
1	36878	A	144	 	A	85	 
1	260	A	85	 	A	145	 
1	66	A	145	 	A	85	 
1	36872	A	85	 	A	147	 
1	36872	A	147	 	A	85	 
1	23	A	86	 	A	87	 
1	23	A	87	 	A	86	 
1	17	A	86	 	A	88	 
1	17	A	88	 	A	86	 
1	23	A	87	 	A	88	 
1	23	A	88	 	A	87	 
1	36874	A	88	 	A	144	 
1	36876	A	144	 	A	88	 
1	21	A	144	 	A	145	 
1	19	A	145	 	A	144	 
1	17	A	144	 	A	147	 
1	17	A	147	 	A	144	 
1	17	A	145	 	A	147	 
1	17	A	147	 	A	145	 
1	17	A	81	 	A	79	 
1	17	A	79	 	A	81	 
1	21	A	81	 	A	80	 
1	19	A	80	 	A	81	 
1	1	A	82	 	A	79	 
1	1	A	79	 	A	82	 
1	17	A	82	 	A	80	 
1	17	A	80	 	A	82	 
1	1	A	85	 	A	79	 
1	1	A	79	 	A	85	 
1	261	A	85	 	A	80	 
1	67	A	80	 	A	85	 
1	31	A	86	 	A	79	 
1	31	A	79	 	A	86	 
1	1	A	86	 	A	80	 
1	1	A	80	 	A	86	 
1	260	A	147	 	A	77	 
1	66	A	77	 	A	147	 
1	4	A	147	 	A	78	 
1	2	A	78	 	A	147	 
1	4	A	147	 	A	79	 
1	2	A	79	 	A	147	 
1	260	A	147	 	A	80	 
1	66	A	80	 	A	147	 
1	19	A	147	 	A	149	 
1	21	A	149	 	A	147	 
1	19	A	73	 	A	74	 
1	21	A	74	 	A	73	 
1	83	A	73	 	A	75	 
1	277	A	75	 	A	73	 
1	19	A	73	 	A	76	 
1	21	A	76	 	A	73	 
1	17	A	73	 	A	77	 
1	17	A	77	 	A	73	 
1	19	A	73	 	A	78	 
1	21	A	78	 	A	73	 
1	19	A	73	 	A	79	 
1	21	A	79	 	A	73	 
1	95	A	74	 	A	75	 
1	287	A	75	 	A	74	 
1	17	A	74	 	A	76	 
1	17	A	76	 	A	74	 
1	17	A	74	 	A	77	 
1	17	A	77	 	A	74	 
1	1	A	74	 	A	78	 
1	1	A	78	 	A	74	 
1	46090	A	74	 	A	79	 
1	46092	A	79	 	A	74	 
1	37151	A	75	 	A	76	 
1	36959	A	76	 	A	75	 
1	17	A	75	 	A	77	 
1	17	A	77	 	A	75	 
1	21	A	76	 	A	77	 
1	19	A	77	 	A	76	 
1	36895	A	76	 	A	78	 
1	36895	A	78	 	A	76	 
1	19	A	77	 	A	78	 
1	21	A	78	 	A	77	 
1	17	A	77	 	A	79	 
1	17	A	79	 	A	77	 
1	23	A	78	 	A	79	 
1	23	A	79	 	A	78	 
1	17	A	78	 	A	80	 
1	17	A	80	 	A	78	 
1	95	A	78	 	A	149	 
1	287	A	149	 	A	78	 
1	21	A	79	 	A	80	 
1	19	A	80	 	A	79	 
1	3	A	79	 	A	149	 
1	5	A	149	 	A	79	 
1	2	A	80	 	A	149	 
1	4	A	149	 	A	80	 
2	23	B	110	 	B	111	 
2	23	B	111	 	B	110	 
2	17	B	110	 	B	112	 
2	17	B	112	 	B	110	 
2	95	B	111	 	B	112	 
2	287	B	112	 	B	111	 
2	36895	B	110	 	B	113	 
2	36895	B	113	 	B	110	 
2	277	B	110	 	B	114	 
2	83	B	114	 	B	110	 
2	17	B	110	 	B	115	 
2	17	B	115	 	B	110	 
2	17	B	111	 	B	113	 
2	17	B	113	 	B	111	 
2	17	B	111	 	B	114	 
2	17	B	114	 	B	111	 
2	46107	B	111	 	B	115	 
2	46109	B	115	 	B	111	 
2	23	B	112	 	B	113	 
2	23	B	113	 	B	112	 
2	17	B	112	 	B	114	 
2	17	B	114	 	B	112	 
2	19	B	112	 	B	115	 
2	21	B	115	 	B	112	 
2	277	B	110	 	B	105	 
2	83	B	105	 	B	110	 
2	37151	B	110	 	B	106	 
2	36959	B	106	 	B	110	 
2	17	B	110	 	B	108	 
2	17	B	108	 	B	110	 
2	37215	B	110	 	B	109	 
2	37215	B	109	 	B	110	 
2	31	B	111	 	B	106	 
2	31	B	106	 	B	111	 
2	29	B	111	 	B	107	 
2	27	B	107	 	B	111	 
2	17	B	111	 	B	109	 
2	17	B	109	 	B	111	 
2	14	B	111	 	B	208	 
2	14	B	208	 	B	111	 
2	55306	B	112	 	B	208	 
2	55308	B	208	 	B	112	 
2	36872	B	111	 	B	165	 
2	36872	B	165	 	B	111	 
2	268	B	111	 	B	209	 
2	74	B	209	 	B	111	 
2	21	B	113	 	B	114	 
2	19	B	114	 	B	113	 
2	17	B	113	 	B	115	 
2	17	B	115	 	B	113	 
2	17	B	113	 	B	116	 
2	17	B	116	 	B	113	 
2	2	B	113	 	B	117	 
2	4	B	117	 	B	113	 
2	19	B	114	 	B	115	 
2	21	B	115	 	B	114	 
2	17	B	114	 	B	116	 
2	17	B	116	 	B	114	 
2	19	B	114	 	B	117	 
2	21	B	117	 	B	114	 
2	31	B	115	 	B	116	 
2	31	B	116	 	B	115	 
2	17	B	115	 	B	117	 
2	17	B	117	 	B	115	 
2	17	B	115	 	B	120	 
2	17	B	120	 	B	115	 
2	31	B	116	 	B	117	 
2	31	B	117	 	B	116	 
2	91	B	116	 	B	120	 
2	285	B	120	 	B	116	 
2	55323	B	117	 	B	120	 
2	55325	B	120	 	B	117	 
2	2	B	114	 	B	106	 
2	4	B	106	 	B	114	 
2	10	B	115	 	B	106	 
2	12	B	106	 	B	115	 
2	19	B	114	 	B	118	 
2	21	B	118	 	B	114	 
2	19	B	115	 	B	118	 
2	21	B	118	 	B	115	 
2	36891	B	115	 	B	119	 
2	36893	B	119	 	B	115	 
2	37132	B	115	 	B	165	 
2	36938	B	165	 	B	115	 
2	17	B	116	 	B	118	 
2	17	B	118	 	B	116	 
2	19	B	116	 	B	119	 
2	21	B	119	 	B	116	 
2	23	B	117	 	B	118	 
2	23	B	118	 	B	117	 
2	17	B	117	 	B	119	 
2	17	B	119	 	B	117	 
2	19	B	117	 	B	121	 
2	21	B	121	 	B	117	 
2	17	B	120	 	B	118	 
2	17	B	118	 	B	120	 
2	23	B	120	 	B	119	 
2	23	B	119	 	B	120	 
2	23	B	120	 	B	121	 
2	23	B	121	 	B	120	 
2	17	B	120	 	B	122	 
2	17	B	122	 	B	120	 
2	19	B	120	 	B	123	 
2	21	B	123	 	B	120	 
2	8	B	115	 	B	209	 
2	8	B	209	 	B	115	 
2	4	B	115	 	B	166	 
2	2	B	166	 	B	115	 
2	277	B	40	 	B	41	 
2	83	B	41	 	B	40	 
2	21	B	40	 	B	36	 
2	19	B	36	 	B	40	 
2	21	B	40	 	B	37	 
2	19	B	37	 	B	40	 
2	21	B	40	 	B	38	 
2	19	B	38	 	B	40	 
2	23	B	40	 	B	39	 
2	23	B	39	 	B	40	 
2	17	B	41	 	B	37	 
2	17	B	37	 	B	41	 
2	17	B	41	 	B	38	 
2	17	B	38	 	B	41	 
2	17	B	41	 	B	39	 
2	17	B	39	 	B	41	 
2	46365	B	40	 	B	42	 
2	46171	B	42	 	B	40	 
2	260	B	40	 	B	43	 
2	66	B	43	 	B	40	 
2	19	B	41	 	B	42	 
2	21	B	42	 	B	41	 
2	17	B	41	 	B	43	 
2	17	B	43	 	B	41	 
2	19	B	41	 	B	44	 
2	21	B	44	 	B	41	 
2	19	B	41	 	B	45	 
2	21	B	45	 	B	41	 
2	31	B	8	 	B	9	 
2	31	B	9	 	B	8	 
2	4	B	8	 	B	34	 
2	2	B	34	 	B	8	 
2	4	B	8	 	B	35	 
2	2	B	35	 	B	8	 
2	36872	B	8	 	B	38	 
2	36872	B	38	 	B	8	 
2	4	B	9	 	B	34	 
2	2	B	34	 	B	9	 
2	279	B	34	 	B	35	 
2	87	B	35	 	B	34	 
2	46367	B	34	 	B	36	 
2	46175	B	36	 	B	34	 
2	46431	B	34	 	B	37	 
2	46431	B	37	 	B	34	 
2	19	B	34	 	B	38	 
2	21	B	38	 	B	34	 
2	36959	B	35	 	B	36	 
2	37151	B	36	 	B	35	 
2	17	B	35	 	B	37	 
2	17	B	37	 	B	35	 
2	19	B	35	 	B	38	 
2	21	B	38	 	B	35	 
2	36955	B	35	 	B	39	 
2	37149	B	39	 	B	35	 
2	343	B	36	 	B	37	 
2	343	B	37	 	B	36	 
2	17	B	36	 	B	38	 
2	17	B	38	 	B	36	 
2	83	B	36	 	B	39	 
2	277	B	39	 	B	36	 
2	279	B	37	 	B	38	 
2	87	B	38	 	B	37	 
2	17	B	37	 	B	39	 
2	17	B	39	 	B	37	 
2	23	B	38	 	B	39	 
2	23	B	39	 	B	38	 
2	31	B	8	 	B	10	 
2	31	B	10	 	B	8	 
2	31	B	9	 	B	10	 
2	31	B	10	 	B	9	 
2	1	B	9	 	B	11	 
2	1	B	11	 	B	9	 
2	19	B	9	 	B	202	 
2	21	B	202	 	B	9	 
2	10	B	9	 	B	201	 
2	12	B	201	 	B	9	 
2	17	B	38	 	B	42	 
2	17	B	42	 	B	38	 
2	36876	B	38	 	B	43	 
2	36874	B	43	 	B	38	 
2	14	B	38	 	B	44	 
2	14	B	44	 	B	38	 
2	36872	B	38	 	B	47	 
2	36872	B	47	 	B	38	 
2	260	B	38	 	B	50	 
2	66	B	50	 	B	38	 
2	4	B	38	 	B	51	 
2	2	B	51	 	B	38	 
2	1	B	8	 	B	6	 
2	1	B	6	 	B	8	 
2	2	B	8	 	B	32	 
2	4	B	32	 	B	8	 
2	31	B	8	 	B	33	 
2	31	B	33	 	B	8	 
2	36874	B	9	 	B	32	 
2	36876	B	32	 	B	9	 
2	21	B	9	 	B	33	 
2	19	B	33	 	B	9	 
2	23	B	34	 	B	32	 
2	23	B	32	 	B	34	 
2	279	B	34	 	B	33	 
2	87	B	33	 	B	34	 
2	17	B	35	 	B	33	 
2	17	B	33	 	B	35	 
2	36874	B	37	 	B	33	 
2	36876	B	33	 	B	37	 
2	10	B	38	 	B	33	 
2	12	B	33	 	B	38	 
2	31	B	8	 	B	7	 
2	31	B	7	 	B	8	 
2	66	B	8	 	B	18	 
2	260	B	18	 	B	8	 
2	36878	B	8	 	B	52	 
2	36878	B	52	 	B	8	 
2	21	B	9	 	B	7	 
2	19	B	7	 	B	9	 
2	36876	B	38	 	B	52	 
2	36874	B	52	 	B	38	 
2	23	B	10	 	B	11	 
2	23	B	11	 	B	10	 
2	21	B	10	 	B	12	 
2	19	B	12	 	B	10	 
2	36895	B	10	 	B	202	 
2	36895	B	202	 	B	10	 
2	5	B	10	 	B	203	 
2	3	B	203	 	B	10	 
2	4	B	10	 	B	204	 
2	2	B	204	 	B	10	 
2	4	B	10	 	B	205	 
2	2	B	205	 	B	10	 
2	21	B	11	 	B	12	 
2	19	B	12	 	B	11	 
2	277	B	11	 	B	202	 
2	83	B	202	 	B	11	 
2	36893	B	11	 	B	203	 
2	36891	B	203	 	B	11	 
2	17	B	12	 	B	202	 
2	17	B	202	 	B	12	 
2	17	B	12	 	B	203	 
2	17	B	203	 	B	12	 
2	2	B	12	 	B	204	 
2	4	B	204	 	B	12	 
2	31	B	103	 	B	104	 
2	31	B	104	 	B	103	 
2	17	B	103	 	B	105	 
2	17	B	105	 	B	103	 
2	19	B	103	 	B	106	 
2	21	B	106	 	B	103	 
2	36891	B	103	 	B	107	 
2	36893	B	107	 	B	103	 
2	8	B	103	 	B	203	 
2	8	B	203	 	B	103	 
2	46088	B	103	 	B	204	 
2	46088	B	204	 	B	103	 
2	23	B	104	 	B	105	 
2	23	B	105	 	B	104	 
2	17	B	104	 	B	106	 
2	17	B	106	 	B	104	 
2	19	B	104	 	B	107	 
2	21	B	107	 	B	104	 
2	27	B	104	 	B	108	 
2	29	B	108	 	B	104	 
2	17	B	104	 	B	109	 
2	17	B	109	 	B	104	 
2	279	B	105	 	B	106	 
2	87	B	106	 	B	105	 
2	17	B	105	 	B	107	 
2	17	B	107	 	B	105	 
2	19	B	105	 	B	108	 
2	21	B	108	 	B	105	 
2	46171	B	105	 	B	109	 
2	46365	B	109	 	B	105	 
2	36895	B	106	 	B	107	 
2	36895	B	107	 	B	106	 
2	17	B	106	 	B	108	 
2	17	B	108	 	B	106	 
2	19	B	106	 	B	109	 
2	21	B	109	 	B	106	 
2	31	B	107	 	B	108	 
2	31	B	108	 	B	107	 
2	17	B	107	 	B	109	 
2	17	B	109	 	B	107	 
2	36872	B	107	 	B	204	 
2	36872	B	204	 	B	107	 
2	74	B	107	 	B	206	 
2	268	B	206	 	B	107	 
2	78	B	107	 	B	208	 
2	270	B	208	 	B	107	 
2	87	B	108	 	B	109	 
2	279	B	109	 	B	108	 
2	46348	B	108	 	B	204	 
2	46154	B	204	 	B	108	 
2	260	B	108	 	B	205	 
2	66	B	205	 	B	108	 
2	46414	B	108	 	B	206	 
2	46414	B	206	 	B	108	 
2	23	B	202	 	B	203	 
2	23	B	203	 	B	202	 
2	21	B	202	 	B	204	 
2	19	B	204	 	B	202	 
2	95	B	203	 	B	204	 
2	287	B	204	 	B	203	 
2	17	B	203	 	B	205	 
2	17	B	205	 	B	203	 
2	21	B	204	 	B	205	 
2	19	B	205	 	B	204	 
2	36895	B	204	 	B	206	 
2	36895	B	206	 	B	204	 
2	17	B	204	 	B	207	 
2	17	B	207	 	B	204	 
2	277	B	204	 	B	208	 
2	83	B	208	 	B	204	 
2	83	B	205	 	B	206	 
2	277	B	206	 	B	205	 
2	17	B	205	 	B	207	 
2	17	B	207	 	B	205	 
2	277	B	206	 	B	207	 
2	83	B	207	 	B	206	 
2	37151	B	206	 	B	208	 
2	36959	B	208	 	B	206	 
2	19	B	207	 	B	208	 
2	21	B	208	 	B	207	 
2	66	B	12	 	B	100	 
2	260	B	100	 	B	12	 
2	21	B	103	 	B	99	 
2	19	B	99	 	B	103	 
2	21	B	103	 	B	100	 
2	19	B	100	 	B	103	 
2	17	B	103	 	B	101	 
2	17	B	101	 	B	103	 
2	23	B	103	 	B	102	 
2	23	B	102	 	B	103	 
2	74	B	103	 	B	118	 
2	268	B	118	 	B	103	 
2	37132	B	103	 	B	161	 
2	36938	B	161	 	B	103	 
2	10	B	103	 	B	162	 
2	12	B	162	 	B	103	 
2	8	B	103	 	B	165	 
2	8	B	165	 	B	103	 
2	17	B	104	 	B	99	 
2	17	B	99	 	B	104	 
2	29	B	104	 	B	100	 
2	27	B	100	 	B	104	 
2	21	B	104	 	B	101	 
2	19	B	101	 	B	104	 
2	17	B	104	 	B	102	 
2	17	B	102	 	B	104	 
2	17	B	105	 	B	100	 
2	17	B	100	 	B	105	 
2	277	B	105	 	B	101	 
2	83	B	101	 	B	105	 
2	277	B	105	 	B	102	 
2	83	B	102	 	B	105	 
2	21	B	106	 	B	102	 
2	19	B	102	 	B	106	 
2	8	B	106	 	B	118	 
2	8	B	118	 	B	106	 
2	36872	B	106	 	B	165	 
2	36872	B	165	 	B	106	 
2	36872	B	107	 	B	165	 
2	36872	B	165	 	B	107	 
2	8	B	203	 	B	161	 
2	8	B	161	 	B	203	 
2	2	B	10	 	B	201	 
2	4	B	201	 	B	10	 
2	4	B	11	 	B	200	 
2	2	B	200	 	B	11	 
2	270	B	11	 	B	201	 
2	78	B	201	 	B	11	 
2	268	B	103	 	B	209	 
2	74	B	209	 	B	103	 
2	12	B	107	 	B	209	 
2	10	B	209	 	B	107	 
2	21	B	202	 	B	200	 
2	19	B	200	 	B	202	 
2	31	B	202	 	B	201	 
2	31	B	201	 	B	202	 
2	17	B	203	 	B	201	 
2	17	B	201	 	B	203	 
2	36938	B	203	 	B	209	 
2	37132	B	209	 	B	203	 
2	268	B	204	 	B	209	 
2	74	B	209	 	B	204	 
2	17	B	207	 	B	209	 
2	17	B	209	 	B	207	 
2	23	B	208	 	B	209	 
2	23	B	209	 	B	208	 
2	36872	B	203	 	B	164	 
2	36872	B	164	 	B	203	 
2	36874	B	10	 	B	7	 
2	36876	B	7	 	B	10	 
2	66	B	10	 	B	18	 
2	260	B	18	 	B	10	 
2	66	B	11	 	B	7	 
2	260	B	7	 	B	11	 
2	17	B	11	 	B	13	 
2	17	B	13	 	B	11	 
2	19	B	11	 	B	14	 
2	21	B	14	 	B	11	 
2	31	B	11	 	B	15	 
2	31	B	15	 	B	11	 
2	74	B	11	 	B	18	 
2	268	B	18	 	B	11	 
2	66	B	12	 	B	7	 
2	260	B	7	 	B	12	 
2	19	B	12	 	B	13	 
2	21	B	13	 	B	12	 
2	17	B	12	 	B	14	 
2	17	B	14	 	B	12	 
2	19	B	12	 	B	15	 
2	21	B	15	 	B	12	 
2	36872	B	104	 	B	13	 
2	36872	B	13	 	B	104	 
2	2	B	12	 	B	157	 
2	4	B	157	 	B	12	 
2	46348	B	11	 	B	198	 
2	46154	B	198	 	B	11	 
2	37132	B	11	 	B	199	 
2	36938	B	199	 	B	11	 
2	23	B	98	 	B	99	 
2	23	B	99	 	B	98	 
2	17	B	98	 	B	100	 
2	17	B	100	 	B	98	 
2	83	B	98	 	B	101	 
2	277	B	101	 	B	98	 
2	19	B	98	 	B	102	 
2	21	B	102	 	B	98	 
2	23	B	99	 	B	100	 
2	23	B	100	 	B	99	 
2	17	B	99	 	B	101	 
2	17	B	101	 	B	99	 
2	27	B	99	 	B	102	 
2	29	B	102	 	B	99	 
2	36938	B	99	 	B	118	 
2	37132	B	118	 	B	99	 
2	36872	B	99	 	B	122	 
2	36872	B	122	 	B	99	 
2	36876	B	99	 	B	125	 
2	36874	B	125	 	B	99	 
2	36872	B	99	 	B	126	 
2	36872	B	126	 	B	99	 
2	36874	B	99	 	B	158	 
2	36876	B	158	 	B	99	 
2	36874	B	99	 	B	162	 
2	36876	B	162	 	B	99	 
2	23	B	100	 	B	101	 
2	23	B	101	 	B	100	 
2	17	B	100	 	B	102	 
2	17	B	102	 	B	100	 
2	36878	B	100	 	B	158	 
2	36878	B	158	 	B	100	 
2	36872	B	100	 	B	161	 
2	36872	B	161	 	B	100	 
2	279	B	101	 	B	102	 
2	87	B	102	 	B	101	 
2	74	B	102	 	B	118	 
2	268	B	118	 	B	102	 
2	46088	B	102	 	B	125	 
2	46088	B	125	 	B	102	 
2	31	B	118	 	B	119	 
2	31	B	119	 	B	118	 
2	19	B	118	 	B	121	 
2	21	B	121	 	B	118	 
2	27	B	118	 	B	122	 
2	29	B	122	 	B	118	 
2	46088	B	118	 	B	162	 
2	46088	B	162	 	B	118	 
2	8	B	118	 	B	165	 
2	8	B	165	 	B	118	 
2	17	B	119	 	B	121	 
2	17	B	121	 	B	119	 
2	19	B	119	 	B	122	 
2	21	B	122	 	B	119	 
2	19	B	119	 	B	123	 
2	21	B	123	 	B	119	 
2	36876	B	119	 	B	165	 
2	36874	B	165	 	B	119	 
2	23	B	121	 	B	122	 
2	23	B	122	 	B	121	 
2	19	B	121	 	B	123	 
2	21	B	123	 	B	121	 
2	17	B	121	 	B	124	 
2	17	B	124	 	B	121	 
2	91	B	121	 	B	125	 
2	285	B	125	 	B	121	 
2	31	B	122	 	B	123	 
2	31	B	123	 	B	122	 
2	17	B	122	 	B	124	 
2	17	B	124	 	B	122	 
2	27	B	122	 	B	125	 
2	29	B	125	 	B	122	 
2	36895	B	122	 	B	126	 
2	36895	B	126	 	B	122	 
2	36876	B	122	 	B	162	 
2	36874	B	162	 	B	122	 
2	21	B	123	 	B	124	 
2	19	B	124	 	B	123	 
2	17	B	123	 	B	125	 
2	17	B	125	 	B	123	 
2	19	B	123	 	B	126	 
2	21	B	126	 	B	123	 
2	83	B	124	 	B	125	 
2	277	B	125	 	B	124	 
2	17	B	124	 	B	126	 
2	17	B	126	 	B	124	 
2	23	B	125	 	B	126	 
2	23	B	126	 	B	125	 
2	36872	B	126	 	B	159	 
2	36872	B	159	 	B	126	 
2	23	B	158	 	B	159	 
2	23	B	159	 	B	158	 
2	36891	B	158	 	B	161	 
2	36893	B	161	 	B	158	 
2	36955	B	158	 	B	162	 
2	37149	B	162	 	B	158	 
2	17	B	159	 	B	161	 
2	17	B	161	 	B	159	 
2	83	B	159	 	B	162	 
2	277	B	162	 	B	159	 
2	95	B	161	 	B	162	 
2	287	B	162	 	B	161	 
2	19	B	161	 	B	165	 
2	21	B	165	 	B	161	 
2	36891	B	162	 	B	165	 
2	36893	B	165	 	B	162	 
2	17	B	122	 	B	127	 
2	17	B	127	 	B	122	 
2	19	B	123	 	B	127	 
2	21	B	127	 	B	123	 
2	19	B	124	 	B	127	 
2	21	B	127	 	B	124	 
2	19	B	124	 	B	128	 
2	21	B	128	 	B	124	 
2	17	B	125	 	B	127	 
2	17	B	127	 	B	125	 
2	19	B	125	 	B	128	 
2	21	B	128	 	B	125	 
2	23	B	126	 	B	127	 
2	23	B	127	 	B	126	 
2	19	B	126	 	B	128	 
2	21	B	128	 	B	126	 
2	1	B	161	 	B	209	 
2	1	B	209	 	B	161	 
2	31	B	165	 	B	209	 
2	31	B	209	 	B	165	 
2	36872	B	119	 	B	166	 
2	36872	B	166	 	B	119	 
2	36872	B	122	 	B	166	 
2	36872	B	166	 	B	122	 
2	36872	B	122	 	B	169	 
2	36872	B	169	 	B	122	 
2	36876	B	126	 	B	169	 
2	36874	B	169	 	B	126	 
2	36872	B	126	 	B	170	 
2	36872	B	170	 	B	126	 
2	17	B	158	 	B	160	 
2	17	B	160	 	B	158	 
2	23	B	159	 	B	160	 
2	23	B	160	 	B	159	 
2	19	B	159	 	B	163	 
2	21	B	163	 	B	159	 
2	36874	B	159	 	B	170	 
2	36876	B	170	 	B	159	 
2	31	B	161	 	B	160	 
2	31	B	160	 	B	161	 
2	17	B	161	 	B	163	 
2	17	B	163	 	B	161	 
2	19	B	161	 	B	164	 
2	21	B	164	 	B	161	 
2	17	B	162	 	B	160	 
2	17	B	160	 	B	162	 
2	23	B	162	 	B	163	 
2	23	B	163	 	B	162	 
2	17	B	162	 	B	164	 
2	17	B	164	 	B	162	 
2	19	B	162	 	B	166	 
2	21	B	166	 	B	162	 
2	17	B	162	 	B	167	 
2	17	B	167	 	B	162	 
2	74	B	162	 	B	169	 
2	268	B	169	 	B	162	 
2	17	B	165	 	B	163	 
2	17	B	163	 	B	165	 
2	23	B	165	 	B	164	 
2	23	B	164	 	B	165	 
2	31	B	165	 	B	166	 
2	31	B	166	 	B	165	 
2	19	B	165	 	B	167	 
2	21	B	167	 	B	165	 
2	10	B	123	 	B	173	 
2	12	B	173	 	B	123	 
2	10	B	126	 	B	173	 
2	12	B	173	 	B	126	 
2	21	B	98	 	B	94	 
2	19	B	94	 	B	98	 
2	12	B	100	 	B	13	 
2	10	B	13	 	B	100	 
2	36872	B	100	 	B	16	 
2	36872	B	16	 	B	100	 
2	46090	B	101	 	B	13	 
2	46092	B	13	 	B	101	 
2	17	B	98	 	B	93	 
2	17	B	93	 	B	98	 
2	21	B	98	 	B	95	 
2	19	B	95	 	B	98	 
2	17	B	98	 	B	96	 
2	17	B	96	 	B	98	 
2	31	B	98	 	B	97	 
2	31	B	97	 	B	98	 
2	21	B	99	 	B	95	 
2	19	B	95	 	B	99	 
2	21	B	99	 	B	96	 
2	19	B	96	 	B	99	 
2	17	B	99	 	B	97	 
2	17	B	97	 	B	99	 
2	8	B	99	 	B	129	 
2	8	B	129	 	B	99	 
2	37149	B	100	 	B	96	 
2	36955	B	96	 	B	100	 
2	9245	B	100	 	B	97	 
2	9243	B	97	 	B	100	 
2	46348	B	100	 	B	154	 
2	46154	B	154	 	B	100	 
2	64524	B	100	 	B	157	 
2	64522	B	157	 	B	100	 
2	46365	B	101	 	B	97	 
2	46171	B	97	 	B	101	 
2	2	B	125	 	B	129	 
2	4	B	129	 	B	125	 
2	27	B	126	 	B	129	 
2	29	B	129	 	B	126	 
2	36876	B	158	 	B	96	 
2	36874	B	96	 	B	158	 
2	36872	B	158	 	B	129	 
2	36872	B	129	 	B	158	 
2	21	B	158	 	B	154	 
2	19	B	154	 	B	158	 
2	36893	B	158	 	B	155	 
2	36891	B	155	 	B	158	 
2	17	B	158	 	B	156	 
2	17	B	156	 	B	158	 
2	87	B	158	 	B	157	 
2	279	B	157	 	B	158	 
2	36893	B	159	 	B	155	 
2	36891	B	155	 	B	159	 
2	21	B	159	 	B	156	 
2	19	B	156	 	B	159	 
2	17	B	159	 	B	157	 
2	17	B	157	 	B	159	 
2	36893	B	161	 	B	157	 
2	36891	B	157	 	B	161	 
2	17	B	162	 	B	157	 
2	17	B	157	 	B	162	 
2	19	B	126	 	B	130	 
2	21	B	130	 	B	126	 
2	36874	B	126	 	B	176	 
2	36876	B	176	 	B	126	 
2	36876	B	159	 	B	176	 
2	36874	B	176	 	B	159	 
2	8	B	159	 	B	179	 
2	8	B	179	 	B	159	 
2	36872	B	159	 	B	180	 
2	36872	B	180	 	B	159	 
2	31	B	127	 	B	128	 
2	31	B	128	 	B	127	 
2	10	B	127	 	B	173	 
2	12	B	173	 	B	127	 
2	17	B	127	 	B	129	 
2	17	B	129	 	B	127	 
2	31	B	128	 	B	129	 
2	31	B	129	 	B	128	 
2	19	B	127	 	B	130	 
2	21	B	130	 	B	127	 
2	91	B	127	 	B	131	 
2	285	B	131	 	B	127	 
2	17	B	127	 	B	132	 
2	17	B	132	 	B	127	 
2	17	B	128	 	B	130	 
2	17	B	130	 	B	128	 
2	83	B	128	 	B	131	 
2	277	B	131	 	B	128	 
2	19	B	128	 	B	132	 
2	21	B	132	 	B	128	 
2	23	B	200	 	B	201	 
2	23	B	201	 	B	200	 
2	36879	B	209	 	B	164	 
2	36879	B	164	 	B	209	 
2	36872	B	201	 	B	18	 
2	36872	B	18	 	B	201	 
2	17	B	200	 	B	195	 
2	17	B	195	 	B	200	 
2	37149	B	200	 	B	196	 
2	36955	B	196	 	B	200	 
2	1	B	200	 	B	197	 
2	1	B	197	 	B	200	 
2	17	B	200	 	B	198	 
2	17	B	198	 	B	200	 
2	36895	B	200	 	B	199	 
2	36895	B	199	 	B	200	 
2	17	B	201	 	B	196	 
2	17	B	196	 	B	201	 
2	21	B	201	 	B	197	 
2	19	B	197	 	B	201	 
2	21	B	201	 	B	198	 
2	19	B	198	 	B	201	 
2	17	B	201	 	B	199	 
2	17	B	199	 	B	201	 
2	19	B	160	 	B	163	 
2	21	B	163	 	B	160	 
2	19	B	160	 	B	164	 
2	21	B	164	 	B	160	 
2	23	B	163	 	B	164	 
2	23	B	164	 	B	163	 
2	17	B	163	 	B	166	 
2	17	B	166	 	B	163	 
2	19	B	163	 	B	167	 
2	21	B	167	 	B	163	 
2	277	B	163	 	B	168	 
2	83	B	168	 	B	163	 
2	74	B	163	 	B	169	 
2	268	B	169	 	B	163	 
2	37132	B	163	 	B	170	 
2	36938	B	170	 	B	163	 
2	17	B	164	 	B	166	 
2	17	B	166	 	B	164	 
2	19	B	164	 	B	167	 
2	21	B	167	 	B	164	 
2	31	B	166	 	B	167	 
2	31	B	167	 	B	166	 
2	17	B	166	 	B	168	 
2	17	B	168	 	B	166	 
2	36955	B	166	 	B	169	 
2	37149	B	169	 	B	166	 
2	21	B	167	 	B	168	 
2	19	B	168	 	B	167	 
2	17	B	167	 	B	169	 
2	17	B	169	 	B	167	 
2	19	B	168	 	B	169	 
2	21	B	169	 	B	168	 
2	17	B	168	 	B	170	 
2	17	B	170	 	B	168	 
2	83	B	168	 	B	171	 
2	277	B	171	 	B	168	 
2	37151	B	169	 	B	170	 
2	36959	B	170	 	B	169	 
2	17	B	169	 	B	171	 
2	17	B	171	 	B	169	 
2	87	B	170	 	B	171	 
2	279	B	171	 	B	170	 
2	17	B	168	 	B	172	 
2	17	B	172	 	B	168	 
2	17	B	169	 	B	172	 
2	17	B	172	 	B	169	 
2	2	B	169	 	B	173	 
2	4	B	173	 	B	169	 
2	17	B	170	 	B	172	 
2	17	B	172	 	B	170	 
2	31	B	170	 	B	173	 
2	31	B	173	 	B	170	 
2	17	B	170	 	B	174	 
2	17	B	174	 	B	170	 
2	23	B	171	 	B	172	 
2	23	B	172	 	B	171	 
2	17	B	171	 	B	173	 
2	17	B	173	 	B	171	 
2	19	B	171	 	B	174	 
2	21	B	174	 	B	171	 
2	8	B	160	 	B	19	 
2	8	B	19	 	B	160	 
2	17	B	160	 	B	155	 
2	17	B	155	 	B	160	 
2	36893	B	160	 	B	156	 
2	36891	B	156	 	B	160	 
2	21	B	160	 	B	157	 
2	19	B	157	 	B	160	 
2	36872	B	160	 	B	193	 
2	36872	B	193	 	B	160	 
2	36872	B	160	 	B	198	 
2	36872	B	198	 	B	160	 
2	36872	B	160	 	B	180	 
2	36872	B	180	 	B	160	 
2	36872	B	160	 	B	184	 
2	36872	B	184	 	B	160	 
2	36872	B	163	 	B	180	 
2	36872	B	180	 	B	163	 
2	36876	B	170	 	B	176	 
2	36874	B	176	 	B	170	 
2	36959	B	170	 	B	177	 
2	37151	B	177	 	B	170	 
2	36872	B	170	 	B	180	 
2	36872	B	180	 	B	170	 
2	66	B	171	 	B	177	 
2	260	B	177	 	B	171	 
2	36895	B	172	 	B	173	 
2	36895	B	173	 	B	172	 
2	19	B	172	 	B	174	 
2	21	B	174	 	B	172	 
2	31	B	173	 	B	174	 
2	31	B	174	 	B	173	 
2	10	B	173	 	B	130	 
2	12	B	130	 	B	173	 
2	36938	B	174	 	B	130	 
2	37132	B	130	 	B	174	 
2	31	B	173	 	B	176	 
2	31	B	176	 	B	173	 
2	95	B	173	 	B	177	 
2	287	B	177	 	B	173	 
2	17	B	173	 	B	178	 
2	17	B	178	 	B	173	 
2	17	B	174	 	B	176	 
2	17	B	176	 	B	174	 
2	83	B	174	 	B	177	 
2	277	B	177	 	B	174	 
2	19	B	174	 	B	178	 
2	21	B	178	 	B	174	 
2	17	B	174	 	B	179	 
2	17	B	179	 	B	174	 
2	21	B	173	 	B	175	 
2	19	B	175	 	B	173	 
2	36895	B	174	 	B	175	 
2	36895	B	175	 	B	174	 
2	287	B	42	 	B	43	 
2	95	B	43	 	B	42	 
2	17	B	42	 	B	44	 
2	17	B	44	 	B	42	 
2	19	B	42	 	B	45	 
2	21	B	45	 	B	42	 
2	83	B	42	 	B	46	 
2	277	B	46	 	B	42	 
2	23	B	43	 	B	44	 
2	23	B	44	 	B	43	 
2	17	B	43	 	B	45	 
2	17	B	45	 	B	43	 
2	36955	B	43	 	B	46	 
2	37149	B	46	 	B	43	 
2	36955	B	43	 	B	47	 
2	37149	B	47	 	B	43	 
2	23	B	44	 	B	45	 
2	23	B	45	 	B	44	 
2	83	B	44	 	B	46	 
2	277	B	46	 	B	44	 
2	83	B	44	 	B	47	 
2	277	B	47	 	B	44	 
2	87	B	45	 	B	46	 
2	279	B	46	 	B	45	 
2	17	B	45	 	B	47	 
2	17	B	47	 	B	45	 
2	46431	B	46	 	B	47	 
2	46431	B	47	 	B	46	 
2	277	B	44	 	B	50	 
2	83	B	50	 	B	44	 
2	29	B	44	 	B	51	 
2	27	B	51	 	B	44	 
2	17	B	46	 	B	48	 
2	17	B	48	 	B	46	 
2	66	B	46	 	B	63	 
2	260	B	63	 	B	46	 
2	279	B	47	 	B	48	 
2	87	B	48	 	B	47	 
2	21	B	47	 	B	49	 
2	19	B	49	 	B	47	 
2	21	B	47	 	B	50	 
2	19	B	50	 	B	47	 
2	277	B	47	 	B	51	 
2	83	B	51	 	B	47	 
2	46154	B	47	 	B	63	 
2	46348	B	63	 	B	47	 
2	36872	B	43	 	B	6	 
2	36872	B	6	 	B	43	 
2	36872	B	43	 	B	33	 
2	36872	B	33	 	B	43	 
2	36872	B	43	 	B	52	 
2	36872	B	52	 	B	43	 
2	36872	B	43	 	B	54	 
2	36872	B	54	 	B	43	 
2	36872	B	47	 	B	52	 
2	36872	B	52	 	B	47	 
2	8	B	47	 	B	54	 
2	8	B	54	 	B	47	 
2	36895	B	48	 	B	49	 
2	36895	B	49	 	B	48	 
2	17	B	48	 	B	50	 
2	17	B	50	 	B	48	 
2	74	B	48	 	B	63	 
2	268	B	63	 	B	48	 
2	21	B	49	 	B	50	 
2	19	B	50	 	B	49	 
2	23	B	49	 	B	51	 
2	23	B	51	 	B	49	 
2	8	B	49	 	B	63	 
2	8	B	63	 	B	49	 
2	46088	B	49	 	B	64	 
2	46088	B	64	 	B	49	 
2	83	B	50	 	B	51	 
2	277	B	51	 	B	50	 
2	2	B	51	 	B	63	 
2	4	B	63	 	B	51	 
2	279	B	61	 	B	62	 
2	87	B	62	 	B	61	 
2	36889	B	61	 	B	63	 
2	36889	B	63	 	B	61	 
2	23	B	62	 	B	63	 
2	23	B	63	 	B	62	 
2	17	B	62	 	B	64	 
2	17	B	64	 	B	62	 
2	36876	B	62	 	B	67	 
2	36874	B	67	 	B	62	 
2	31	B	63	 	B	64	 
2	31	B	64	 	B	63	 
2	83	B	63	 	B	67	 
2	277	B	67	 	B	63	 
2	95	B	64	 	B	67	 
2	287	B	67	 	B	64	 
2	46091	B	61	 	B	56	 
2	46093	B	56	 	B	61	 
2	1	B	62	 	B	56	 
2	1	B	56	 	B	62	 
2	17	B	50	 	B	52	 
2	17	B	52	 	B	50	 
2	23	B	51	 	B	52	 
2	23	B	52	 	B	51	 
2	17	B	51	 	B	53	 
2	17	B	53	 	B	51	 
2	8	B	61	 	B	54	 
2	8	B	54	 	B	61	 
2	277	B	61	 	B	55	 
2	83	B	55	 	B	61	 
2	1	B	62	 	B	53	 
2	1	B	53	 	B	62	 
2	19	B	62	 	B	54	 
2	21	B	54	 	B	62	 
2	31	B	62	 	B	55	 
2	31	B	55	 	B	62	 
2	14	B	62	 	B	68	 
2	14	B	68	 	B	62	 
2	21	B	63	 	B	53	 
2	19	B	53	 	B	63	 
2	46093	B	63	 	B	54	 
2	46091	B	54	 	B	63	 
2	1	B	63	 	B	55	 
2	1	B	55	 	B	63	 
2	17	B	63	 	B	65	 
2	17	B	65	 	B	63	 
2	19	B	63	 	B	68	 
2	21	B	68	 	B	63	 
2	17	B	64	 	B	53	 
2	17	B	53	 	B	64	 
2	343	B	64	 	B	65	 
2	343	B	65	 	B	64	 
2	21	B	64	 	B	66	 
2	19	B	66	 	B	64	 
2	19	B	64	 	B	68	 
2	21	B	68	 	B	64	 
2	17	B	67	 	B	65	 
2	17	B	65	 	B	67	 
2	279	B	67	 	B	66	 
2	87	B	66	 	B	67	 
2	279	B	67	 	B	68	 
2	87	B	68	 	B	67	 
2	17	B	67	 	B	69	 
2	17	B	69	 	B	67	 
2	19	B	67	 	B	70	 
2	21	B	70	 	B	67	 
2	277	B	61	 	B	59	 
2	83	B	59	 	B	61	 
2	279	B	61	 	B	60	 
2	87	B	60	 	B	61	 
2	36889	B	62	 	B	60	 
2	36889	B	60	 	B	62	 
2	36872	B	62	 	B	71	 
2	36872	B	71	 	B	62	 
2	19	B	67	 	B	71	 
2	21	B	71	 	B	67	 
2	17	B	67	 	B	72	 
2	17	B	72	 	B	67	 
2	66	B	67	 	B	74	 
2	260	B	74	 	B	67	 
2	83	B	87	 	B	90	 
2	277	B	90	 	B	87	 
2	27	B	90	 	B	94	 
2	29	B	94	 	B	90	 
2	23	B	87	 	B	88	 
2	23	B	88	 	B	87	 
2	17	B	87	 	B	89	 
2	17	B	89	 	B	87	 
2	19	B	87	 	B	91	 
2	21	B	91	 	B	87	 
2	64586	B	90	 	B	70	 
2	64780	B	70	 	B	90	 
2	17	B	90	 	B	88	 
2	17	B	88	 	B	90	 
2	23	B	90	 	B	89	 
2	23	B	89	 	B	90	 
2	23	B	90	 	B	91	 
2	23	B	91	 	B	90	 
2	17	B	90	 	B	92	 
2	17	B	92	 	B	90	 
2	19	B	90	 	B	93	 
2	21	B	93	 	B	90	 
2	17	B	90	 	B	95	 
2	17	B	95	 	B	90	 
2	36874	B	90	 	B	150	 
2	36876	B	150	 	B	90	 
2	55306	B	94	 	B	70	 
2	55308	B	70	 	B	94	 
2	17	B	94	 	B	89	 
2	17	B	89	 	B	94	 
2	277	B	94	 	B	91	 
2	83	B	91	 	B	94	 
2	17	B	94	 	B	92	 
2	17	B	92	 	B	94	 
2	46111	B	94	 	B	93	 
2	46111	B	93	 	B	94	 
2	21	B	94	 	B	95	 
2	19	B	95	 	B	94	 
2	17	B	94	 	B	96	 
2	17	B	96	 	B	94	 
2	19	B	94	 	B	97	 
2	21	B	97	 	B	94	 
2	21	B	87	 	B	83	 
2	19	B	83	 	B	87	 
2	17	B	87	 	B	85	 
2	17	B	85	 	B	87	 
2	23	B	87	 	B	86	 
2	23	B	86	 	B	87	 
2	46088	B	90	 	B	79	 
2	46088	B	79	 	B	90	 
2	17	B	90	 	B	85	 
2	17	B	85	 	B	90	 
2	21	B	90	 	B	86	 
2	19	B	86	 	B	90	 
2	21	B	87	 	B	84	 
2	19	B	84	 	B	87	 
2	36895	B	4	 	B	6	 
2	36895	B	6	 	B	4	 
2	287	B	4	 	B	29	 
2	95	B	29	 	B	4	 
2	12	B	4	 	B	31	 
2	10	B	31	 	B	4	 
2	46367	B	4	 	B	56	 
2	46175	B	56	 	B	4	 
2	31	B	6	 	B	31	 
2	31	B	31	 	B	6	 
2	36874	B	6	 	B	33	 
2	36876	B	33	 	B	6	 
2	36872	B	6	 	B	56	 
2	36872	B	56	 	B	6	 
2	279	B	29	 	B	30	 
2	87	B	30	 	B	29	 
2	55325	B	29	 	B	31	 
2	55323	B	31	 	B	29	 
2	279	B	30	 	B	31	 
2	87	B	31	 	B	30	 
2	27	B	30	 	B	32	 
2	29	B	32	 	B	30	 
2	279	B	31	 	B	32	 
2	87	B	32	 	B	31	 
2	19	B	31	 	B	33	 
2	21	B	33	 	B	31	 
2	23	B	32	 	B	33	 
2	23	B	33	 	B	32	 
2	279	B	4	 	B	5	 
2	87	B	5	 	B	4	 
2	2	B	4	 	B	28	 
2	4	B	28	 	B	4	 
2	1	B	4	 	B	54	 
2	1	B	54	 	B	4	 
2	19	B	4	 	B	55	 
2	21	B	55	 	B	4	 
2	23	B	6	 	B	5	 
2	23	B	5	 	B	6	 
2	23	B	6	 	B	7	 
2	23	B	7	 	B	6	 
2	36875	B	6	 	B	52	 
2	36877	B	52	 	B	6	 
2	19	B	6	 	B	53	 
2	21	B	53	 	B	6	 
2	31	B	6	 	B	54	 
2	31	B	54	 	B	6	 
2	1	B	6	 	B	55	 
2	1	B	55	 	B	6	 
2	19	B	29	 	B	5	 
2	21	B	5	 	B	29	 
2	87	B	29	 	B	28	 
2	279	B	28	 	B	29	 
2	36895	B	30	 	B	5	 
2	36895	B	5	 	B	30	 
2	64520	B	30	 	B	18	 
2	64520	B	18	 	B	30	 
2	9243	B	30	 	B	28	 
2	9245	B	28	 	B	30	 
2	21	B	31	 	B	5	 
2	19	B	5	 	B	31	 
2	17	B	31	 	B	7	 
2	17	B	7	 	B	31	 
2	21	B	32	 	B	7	 
2	19	B	7	 	B	32	 
2	21	B	33	 	B	7	 
2	19	B	7	 	B	33	 
2	36872	B	33	 	B	52	 
2	36872	B	52	 	B	33	 
2	36889	B	56	 	B	54	 
2	36889	B	54	 	B	56	 
2	23	B	56	 	B	55	 
2	23	B	55	 	B	56	 
2	36872	B	30	 	B	197	 
2	36872	B	197	 	B	30	 
2	21	B	56	 	B	60	 
2	19	B	60	 	B	56	 
2	17	B	4	 	B	2	 
2	17	B	2	 	B	4	 
2	279	B	4	 	B	3	 
2	87	B	3	 	B	4	 
2	21	B	29	 	B	3	 
2	19	B	3	 	B	29	 
2	17	B	29	 	B	27	 
2	17	B	27	 	B	29	 
2	1	B	56	 	B	2	 
2	1	B	2	 	B	56	 
2	19	B	56	 	B	3	 
2	21	B	3	 	B	56	 
2	23	B	56	 	B	57	 
2	23	B	57	 	B	56	 
2	21	B	56	 	B	58	 
2	19	B	58	 	B	56	 
2	29	B	5	 	B	7	 
2	27	B	7	 	B	5	 
2	36872	B	5	 	B	14	 
2	36872	B	14	 	B	5	 
2	36872	B	5	 	B	17	 
2	36872	B	17	 	B	5	 
2	36872	B	5	 	B	18	 
2	36872	B	18	 	B	5	 
2	36872	B	5	 	B	21	 
2	36872	B	21	 	B	5	 
2	10	B	5	 	B	28	 
2	12	B	28	 	B	5	 
2	21	B	5	 	B	54	 
2	19	B	54	 	B	5	 
2	11	B	5	 	B	55	 
2	13	B	55	 	B	5	 
2	268	B	7	 	B	13	 
2	74	B	13	 	B	7	 
2	268	B	7	 	B	14	 
2	74	B	14	 	B	7	 
2	8	B	7	 	B	18	 
2	8	B	18	 	B	7	 
2	14	B	7	 	B	52	 
2	14	B	52	 	B	7	 
2	13	B	7	 	B	53	 
2	11	B	53	 	B	7	 
2	87	B	13	 	B	14	 
2	279	B	14	 	B	13	 
2	17	B	13	 	B	15	 
2	17	B	15	 	B	13	 
2	2	B	13	 	B	17	 
2	4	B	17	 	B	13	 
2	10	B	13	 	B	53	 
2	12	B	53	 	B	13	 
2	46155	B	13	 	B	65	 
2	46349	B	65	 	B	13	 
2	36872	B	13	 	B	66	 
2	36872	B	66	 	B	13	 
2	23	B	14	 	B	15	 
2	23	B	15	 	B	14	 
2	17	B	14	 	B	16	 
2	17	B	16	 	B	14	 
2	36891	B	14	 	B	17	 
2	36893	B	17	 	B	14	 
2	46171	B	14	 	B	18	 
2	46365	B	18	 	B	14	 
2	17	B	14	 	B	19	 
2	17	B	19	 	B	14	 
2	36876	B	14	 	B	53	 
2	36874	B	53	 	B	14	 
2	23	B	15	 	B	16	 
2	23	B	16	 	B	15	 
2	17	B	15	 	B	17	 
2	17	B	17	 	B	15	 
2	19	B	15	 	B	18	 
2	21	B	18	 	B	15	 
2	19	B	15	 	B	19	 
2	21	B	19	 	B	15	 
2	23	B	16	 	B	17	 
2	23	B	17	 	B	16	 
2	17	B	16	 	B	18	 
2	17	B	18	 	B	16	 
2	36891	B	16	 	B	19	 
2	36893	B	19	 	B	16	 
2	19	B	16	 	B	20	 
2	21	B	20	 	B	16	 
2	36874	B	16	 	B	69	 
2	36876	B	69	 	B	16	 
2	31	B	17	 	B	18	 
2	31	B	18	 	B	17	 
2	17	B	17	 	B	19	 
2	17	B	19	 	B	17	 
2	19	B	17	 	B	20	 
2	21	B	20	 	B	17	 
2	36891	B	17	 	B	21	 
2	36893	B	21	 	B	17	 
2	8	B	17	 	B	55	 
2	8	B	55	 	B	17	 
2	12	B	17	 	B	65	 
2	10	B	65	 	B	17	 
2	36872	B	17	 	B	68	 
2	36872	B	68	 	B	17	 
2	10	B	17	 	B	69	 
2	12	B	69	 	B	17	 
2	23	B	18	 	B	19	 
2	23	B	19	 	B	18	 
2	19	B	18	 	B	20	 
2	21	B	20	 	B	18	 
2	19	B	18	 	B	21	 
2	21	B	21	 	B	18	 
2	10	B	18	 	B	28	 
2	12	B	28	 	B	18	 
2	23	B	19	 	B	20	 
2	23	B	20	 	B	19	 
2	17	B	19	 	B	21	 
2	17	B	21	 	B	19	 
2	36895	B	20	 	B	21	 
2	36895	B	21	 	B	20	 
2	36876	B	20	 	B	69	 
2	36874	B	69	 	B	20	 
2	10	B	21	 	B	28	 
2	12	B	28	 	B	21	 
2	36872	B	21	 	B	55	 
2	36872	B	55	 	B	21	 
2	31	B	52	 	B	53	 
2	31	B	53	 	B	52	 
2	13	B	52	 	B	54	 
2	11	B	54	 	B	52	 
2	23	B	53	 	B	54	 
2	23	B	54	 	B	53	 
2	17	B	53	 	B	55	 
2	17	B	55	 	B	53	 
2	12	B	53	 	B	65	 
2	10	B	65	 	B	53	 
2	36874	B	53	 	B	68	 
2	36876	B	68	 	B	53	 
2	23	B	54	 	B	55	 
2	23	B	55	 	B	54	 
2	2	B	54	 	B	68	 
2	4	B	68	 	B	54	 
2	10	B	55	 	B	68	 
2	12	B	68	 	B	55	 
2	46367	B	65	 	B	66	 
2	46175	B	66	 	B	65	 
2	19	B	65	 	B	68	 
2	21	B	68	 	B	65	 
2	19	B	65	 	B	69	 
2	21	B	69	 	B	65	 
2	17	B	66	 	B	68	 
2	17	B	68	 	B	66	 
2	36891	B	66	 	B	69	 
2	36893	B	69	 	B	66	 
2	23	B	68	 	B	69	 
2	23	B	69	 	B	68	 
2	64520	B	13	 	B	97	 
2	64520	B	97	 	B	13	 
2	36874	B	15	 	B	157	 
2	36876	B	157	 	B	15	 
2	15	B	16	 	B	153	 
2	15	B	153	 	B	16	 
2	36877	B	16	 	B	154	 
2	36875	B	154	 	B	16	 
2	74	B	16	 	B	157	 
2	268	B	157	 	B	16	 
2	14	B	19	 	B	153	 
2	14	B	153	 	B	19	 
2	36876	B	19	 	B	156	 
2	36874	B	156	 	B	19	 
2	36876	B	19	 	B	157	 
2	36874	B	157	 	B	19	 
2	12	B	20	 	B	150	 
2	10	B	150	 	B	20	 
2	74	B	20	 	B	153	 
2	268	B	153	 	B	20	 
2	46088	B	65	 	B	97	 
2	46088	B	97	 	B	65	 
2	91	B	66	 	B	70	 
2	285	B	70	 	B	66	 
2	46090	B	66	 	B	93	 
2	46092	B	93	 	B	66	 
2	46088	B	66	 	B	97	 
2	46088	B	97	 	B	66	 
2	46088	B	66	 	B	154	 
2	46088	B	154	 	B	66	 
2	17	B	68	 	B	70	 
2	17	B	70	 	B	68	 
2	23	B	69	 	B	70	 
2	23	B	70	 	B	69	 
2	36872	B	69	 	B	93	 
2	36872	B	93	 	B	69	 
2	14	B	69	 	B	150	 
2	14	B	150	 	B	69	 
2	36872	B	69	 	B	154	 
2	36872	B	154	 	B	69	 
2	2	B	15	 	B	192	 
2	4	B	192	 	B	15	 
2	8	B	15	 	B	198	 
2	8	B	198	 	B	15	 
2	19	B	18	 	B	22	 
2	21	B	22	 	B	18	 
2	17	B	18	 	B	23	 
2	17	B	23	 	B	18	 
2	10	B	18	 	B	192	 
2	12	B	192	 	B	18	 
2	19	B	19	 	B	22	 
2	21	B	22	 	B	19	 
2	19	B	19	 	B	23	 
2	21	B	23	 	B	19	 
2	10	B	19	 	B	189	 
2	12	B	189	 	B	19	 
2	10	B	19	 	B	192	 
2	12	B	192	 	B	19	 
2	8	B	19	 	B	193	 
2	8	B	193	 	B	19	 
2	8	B	19	 	B	198	 
2	8	B	198	 	B	19	 
2	17	B	20	 	B	22	 
2	17	B	22	 	B	20	 
2	19	B	20	 	B	23	 
2	21	B	23	 	B	20	 
2	23	B	21	 	B	22	 
2	23	B	22	 	B	21	 
2	17	B	21	 	B	23	 
2	17	B	23	 	B	21	 
2	36876	B	28	 	B	22	 
2	36874	B	22	 	B	28	 
2	36872	B	28	 	B	192	 
2	36872	B	192	 	B	28	 
2	46088	B	28	 	B	197	 
2	46088	B	197	 	B	28	 
2	1	B	55	 	B	60	 
2	1	B	60	 	B	55	 
2	17	B	5	 	B	3	 
2	17	B	3	 	B	5	 
2	10	B	17	 	B	72	 
2	12	B	72	 	B	17	 
2	36876	B	20	 	B	72	 
2	36874	B	72	 	B	20	 
2	36872	B	20	 	B	76	 
2	36872	B	76	 	B	20	 
2	8	B	21	 	B	3	 
2	8	B	3	 	B	21	 
2	31	B	21	 	B	26	 
2	31	B	26	 	B	21	 
2	36872	B	21	 	B	72	 
2	36872	B	72	 	B	21	 
2	36872	B	21	 	B	76	 
2	36872	B	76	 	B	21	 
2	31	B	28	 	B	3	 
2	31	B	3	 	B	28	 
2	21	B	28	 	B	26	 
2	19	B	26	 	B	28	 
2	87	B	28	 	B	27	 
2	279	B	27	 	B	28	 
2	12	B	55	 	B	3	 
2	10	B	3	 	B	55	 
2	29	B	55	 	B	57	 
2	27	B	57	 	B	55	 
2	8	B	55	 	B	71	 
2	8	B	71	 	B	55	 
2	36872	B	55	 	B	72	 
2	36872	B	72	 	B	55	 
2	17	B	66	 	B	71	 
2	17	B	71	 	B	66	 
2	19	B	68	 	B	71	 
2	21	B	71	 	B	68	 
2	27	B	68	 	B	72	 
2	29	B	72	 	B	68	 
2	17	B	69	 	B	71	 
2	17	B	71	 	B	69	 
2	19	B	69	 	B	72	 
2	21	B	72	 	B	69	 
2	4	B	20	 	B	73	 
2	2	B	73	 	B	20	 
2	36872	B	20	 	B	78	 
2	36872	B	78	 	B	20	 
2	17	B	68	 	B	73	 
2	17	B	73	 	B	68	 
2	17	B	69	 	B	73	 
2	17	B	73	 	B	69	 
2	17	B	69	 	B	74	 
2	17	B	74	 	B	69	 
2	17	B	19	 	B	24	 
2	17	B	24	 	B	19	 
2	91	B	20	 	B	24	 
2	285	B	24	 	B	20	 
2	17	B	20	 	B	25	 
2	17	B	25	 	B	20	 
2	19	B	21	 	B	24	 
2	21	B	24	 	B	21	 
2	17	B	21	 	B	25	 
2	17	B	25	 	B	21	 
2	36872	B	70	 	B	93	 
2	36872	B	93	 	B	70	 
2	36874	B	70	 	B	150	 
2	36876	B	150	 	B	70	 
2	23	B	88	 	B	89	 
2	23	B	89	 	B	88	 
2	36891	B	88	 	B	91	 
2	36893	B	91	 	B	88	 
2	19	B	88	 	B	92	 
2	21	B	92	 	B	88	 
2	36874	B	88	 	B	144	 
2	36876	B	144	 	B	88	 
2	17	B	89	 	B	91	 
2	17	B	91	 	B	89	 
2	19	B	89	 	B	92	 
2	21	B	92	 	B	89	 
2	19	B	89	 	B	93	 
2	21	B	93	 	B	89	 
2	36874	B	89	 	B	144	 
2	36876	B	144	 	B	89	 
2	36872	B	89	 	B	149	 
2	36872	B	149	 	B	89	 
2	36874	B	89	 	B	150	 
2	36876	B	150	 	B	89	 
2	36879	B	89	 	B	151	 
2	36879	B	151	 	B	89	 
2	23	B	91	 	B	92	 
2	23	B	92	 	B	91	 
2	17	B	91	 	B	93	 
2	17	B	93	 	B	91	 
2	17	B	91	 	B	95	 
2	17	B	95	 	B	91	 
2	23	B	92	 	B	93	 
2	23	B	93	 	B	92	 
2	17	B	92	 	B	95	 
2	17	B	95	 	B	92	 
2	36891	B	92	 	B	96	 
2	36893	B	96	 	B	92	 
2	10	B	92	 	B	129	 
2	12	B	129	 	B	92	 
2	36876	B	92	 	B	143	 
2	36874	B	143	 	B	92	 
2	36872	B	92	 	B	144	 
2	36872	B	144	 	B	92	 
2	36878	B	92	 	B	151	 
2	36878	B	151	 	B	92	 
2	36872	B	92	 	B	155	 
2	36872	B	155	 	B	92	 
2	17	B	93	 	B	95	 
2	17	B	95	 	B	93	 
2	27	B	93	 	B	96	 
2	29	B	96	 	B	93	 
2	19	B	93	 	B	97	 
2	21	B	97	 	B	93	 
2	36876	B	93	 	B	150	 
2	36874	B	150	 	B	93	 
2	37134	B	93	 	B	151	 
2	36942	B	151	 	B	93	 
2	46158	B	93	 	B	154	 
2	46350	B	154	 	B	93	 
2	19	B	95	 	B	96	 
2	21	B	96	 	B	95	 
2	17	B	95	 	B	97	 
2	17	B	97	 	B	95	 
2	2	B	95	 	B	129	 
2	4	B	129	 	B	95	 
2	23	B	96	 	B	97	 
2	23	B	97	 	B	96	 
2	36874	B	96	 	B	129	 
2	36876	B	129	 	B	96	 
2	4	B	96	 	B	151	 
2	2	B	151	 	B	96	 
2	36878	B	96	 	B	154	 
2	36878	B	154	 	B	96	 
2	36876	B	96	 	B	155	 
2	36874	B	155	 	B	96	 
2	2	B	97	 	B	154	 
2	4	B	154	 	B	97	 
2	10	B	129	 	B	143	 
2	12	B	143	 	B	129	 
2	36872	B	129	 	B	155	 
2	36872	B	155	 	B	129	 
2	23	B	142	 	B	143	 
2	23	B	143	 	B	142	 
2	21	B	142	 	B	144	 
2	19	B	144	 	B	142	 
2	21	B	142	 	B	145	 
2	19	B	145	 	B	142	 
2	36876	B	142	 	B	148	 
2	36874	B	148	 	B	142	 
2	10	B	142	 	B	152	 
2	12	B	152	 	B	142	 
2	31	B	143	 	B	144	 
2	31	B	144	 	B	143	 
2	17	B	143	 	B	145	 
2	17	B	145	 	B	143	 
2	8	B	143	 	B	149	 
2	8	B	149	 	B	143	 
2	12	B	143	 	B	151	 
2	10	B	151	 	B	143	 
2	78	B	143	 	B	152	 
2	270	B	152	 	B	143	 
2	36872	B	143	 	B	155	 
2	36872	B	155	 	B	143	 
2	21	B	144	 	B	145	 
2	19	B	145	 	B	144	 
2	66	B	144	 	B	152	 
2	260	B	152	 	B	144	 
2	87	B	148	 	B	149	 
2	279	B	149	 	B	148	 
2	17	B	148	 	B	150	 
2	17	B	150	 	B	148	 
2	36938	B	148	 	B	152	 
2	37132	B	152	 	B	148	 
2	36872	B	148	 	B	153	 
2	36872	B	153	 	B	148	 
2	287	B	149	 	B	150	 
2	95	B	150	 	B	149	 
2	37151	B	149	 	B	151	 
2	36959	B	151	 	B	149	 
2	46431	B	149	 	B	152	 
2	46431	B	152	 	B	149	 
2	19	B	149	 	B	153	 
2	21	B	153	 	B	149	 
2	36895	B	150	 	B	151	 
2	36895	B	151	 	B	150	 
2	19	B	150	 	B	152	 
2	21	B	152	 	B	150	 
2	19	B	150	 	B	153	 
2	21	B	153	 	B	150	 
2	19	B	150	 	B	154	 
2	21	B	154	 	B	150	 
2	23	B	151	 	B	152	 
2	23	B	152	 	B	151	 
2	17	B	151	 	B	153	 
2	17	B	153	 	B	151	 
2	19	B	151	 	B	154	 
2	21	B	154	 	B	151	 
2	19	B	151	 	B	155	 
2	21	B	155	 	B	151	 
2	17	B	151	 	B	156	 
2	17	B	156	 	B	151	 
2	31	B	152	 	B	153	 
2	31	B	153	 	B	152	 
2	17	B	152	 	B	154	 
2	17	B	154	 	B	152	 
2	19	B	152	 	B	155	 
2	21	B	155	 	B	152	 
2	19	B	152	 	B	156	 
2	21	B	156	 	B	152	 
2	17	B	152	 	B	157	 
2	17	B	157	 	B	152	 
2	23	B	153	 	B	154	 
2	23	B	154	 	B	153	 
2	17	B	153	 	B	155	 
2	17	B	155	 	B	153	 
2	19	B	153	 	B	156	 
2	21	B	156	 	B	153	 
2	19	B	153	 	B	157	 
2	21	B	157	 	B	153	 
2	279	B	154	 	B	155	 
2	87	B	155	 	B	154	 
2	17	B	154	 	B	156	 
2	17	B	156	 	B	154	 
2	19	B	154	 	B	157	 
2	21	B	157	 	B	154	 
2	23	B	155	 	B	156	 
2	23	B	156	 	B	155	 
2	17	B	155	 	B	157	 
2	17	B	157	 	B	155	 
2	23	B	156	 	B	157	 
2	23	B	157	 	B	156	 
2	36872	B	91	 	B	132	 
2	36872	B	132	 	B	91	 
2	36874	B	92	 	B	132	 
2	36876	B	132	 	B	92	 
2	23	B	129	 	B	130	 
2	23	B	130	 	B	129	 
2	17	B	129	 	B	131	 
2	17	B	131	 	B	129	 
2	27	B	129	 	B	132	 
2	29	B	132	 	B	129	 
2	19	B	129	 	B	133	 
2	21	B	133	 	B	129	 
2	2	B	142	 	B	133	 
2	4	B	133	 	B	142	 
2	67	B	142	 	B	136	 
2	261	B	136	 	B	142	 
2	36879	B	143	 	B	132	 
2	36879	B	132	 	B	143	 
2	36878	B	143	 	B	133	 
2	36878	B	133	 	B	143	 
2	66	B	143	 	B	136	 
2	260	B	136	 	B	143	 
2	66	B	144	 	B	136	 
2	260	B	136	 	B	144	 
2	66	B	145	 	B	136	 
2	260	B	136	 	B	145	 
2	36872	B	148	 	B	23	 
2	36872	B	23	 	B	148	 
2	46348	B	153	 	B	23	 
2	46154	B	23	 	B	153	 
2	8	B	153	 	B	189	 
2	8	B	189	 	B	153	 
2	36872	B	156	 	B	189	 
2	36872	B	189	 	B	156	 
2	46088	B	157	 	B	198	 
2	46088	B	198	 	B	157	 
2	10	B	129	 	B	176	 
2	12	B	176	 	B	129	 
2	95	B	142	 	B	141	 
2	287	B	141	 	B	142	 
2	2	B	142	 	B	179	 
2	4	B	179	 	B	142	 
2	2	B	142	 	B	182	 
2	4	B	182	 	B	142	 
2	8	B	142	 	B	183	 
2	8	B	183	 	B	142	 
2	36872	B	142	 	B	186	 
2	36872	B	186	 	B	142	 
2	17	B	143	 	B	141	 
2	17	B	141	 	B	143	 
2	74	B	143	 	B	179	 
2	268	B	179	 	B	143	 
2	66	B	145	 	B	141	 
2	260	B	141	 	B	145	 
2	36872	B	148	 	B	183	 
2	36872	B	183	 	B	148	 
2	36872	B	148	 	B	186	 
2	36872	B	186	 	B	148	 
2	66	B	151	 	B	179	 
2	260	B	179	 	B	151	 
2	46154	B	152	 	B	179	 
2	46348	B	179	 	B	152	 
2	36874	B	152	 	B	183	 
2	36876	B	183	 	B	152	 
2	46088	B	153	 	B	186	 
2	46088	B	186	 	B	153	 
2	36872	B	155	 	B	176	 
2	36872	B	176	 	B	155	 
2	36872	B	155	 	B	179	 
2	36872	B	179	 	B	155	 
2	78	B	156	 	B	179	 
2	270	B	179	 	B	156	 
2	36876	B	156	 	B	180	 
2	36874	B	180	 	B	156	 
2	36876	B	156	 	B	183	 
2	36874	B	183	 	B	156	 
2	36876	B	156	 	B	184	 
2	36874	B	184	 	B	156	 
2	1	B	142	 	B	140	 
2	1	B	140	 	B	142	 
2	66	B	145	 	B	137	 
2	260	B	137	 	B	145	 
2	23	B	70	 	B	71	 
2	23	B	71	 	B	70	 
2	17	B	70	 	B	72	 
2	17	B	72	 	B	70	 
2	17	B	70	 	B	75	 
2	17	B	75	 	B	70	 
2	17	B	70	 	B	73	 
2	17	B	73	 	B	70	 
2	91	B	70	 	B	74	 
2	285	B	74	 	B	70	 
2	46090	B	70	 	B	79	 
2	46092	B	79	 	B	70	 
2	29	B	88	 	B	85	 
2	27	B	85	 	B	88	 
2	17	B	88	 	B	86	 
2	17	B	86	 	B	88	 
2	12	B	89	 	B	79	 
2	10	B	79	 	B	89	 
2	4	B	89	 	B	80	 
2	2	B	80	 	B	89	 
2	21	B	89	 	B	85	 
2	19	B	85	 	B	89	 
2	21	B	89	 	B	86	 
2	19	B	86	 	B	89	 
2	4	B	142	 	B	146	 
2	2	B	146	 	B	142	 
2	4	B	142	 	B	147	 
2	2	B	147	 	B	142	 
2	36878	B	144	 	B	85	 
2	36878	B	85	 	B	144	 
2	17	B	144	 	B	146	 
2	17	B	146	 	B	144	 
2	17	B	144	 	B	147	 
2	17	B	147	 	B	144	 
2	66	B	145	 	B	85	 
2	260	B	85	 	B	145	 
2	19	B	145	 	B	146	 
2	21	B	146	 	B	145	 
2	17	B	145	 	B	147	 
2	17	B	147	 	B	145	 
2	1	B	148	 	B	77	 
2	1	B	77	 	B	148	 
2	27	B	148	 	B	78	 
2	29	B	78	 	B	148	 
2	17	B	148	 	B	79	 
2	17	B	79	 	B	148	 
2	17	B	148	 	B	146	 
2	17	B	146	 	B	148	 
2	87	B	148	 	B	147	 
2	279	B	147	 	B	148	 
2	287	B	149	 	B	78	 
2	95	B	78	 	B	149	 
2	5	B	149	 	B	79	 
2	3	B	79	 	B	149	 
2	4	B	149	 	B	80	 
2	2	B	80	 	B	149	 
2	21	B	149	 	B	147	 
2	19	B	147	 	B	149	 
2	4	B	150	 	B	73	 
2	2	B	73	 	B	150	 
2	31	B	150	 	B	78	 
2	31	B	78	 	B	150	 
2	36876	B	150	 	B	79	 
2	36874	B	79	 	B	150	 
2	4	B	152	 	B	147	 
2	2	B	147	 	B	152	 
2	36872	B	153	 	B	78	 
2	36872	B	78	 	B	153	 
2	29	B	88	 	B	84	 
2	27	B	84	 	B	88	 
2	8	B	148	 	B	24	 
2	8	B	24	 	B	148	 
2	46348	B	153	 	B	24	 
2	46154	B	24	 	B	153	 
2	87	B	130	 	B	131	 
2	279	B	131	 	B	130	 
2	17	B	130	 	B	132	 
2	17	B	132	 	B	130	 
2	36891	B	130	 	B	133	 
2	36893	B	133	 	B	130	 
2	83	B	130	 	B	134	 
2	277	B	134	 	B	130	 
2	279	B	131	 	B	132	 
2	87	B	132	 	B	131	 
2	17	B	131	 	B	133	 
2	17	B	133	 	B	131	 
2	36955	B	131	 	B	134	 
2	37149	B	134	 	B	131	 
2	36955	B	131	 	B	135	 
2	37149	B	135	 	B	131	 
2	23	B	132	 	B	133	 
2	23	B	133	 	B	132	 
2	17	B	132	 	B	134	 
2	17	B	134	 	B	132	 
2	36955	B	132	 	B	135	 
2	37149	B	135	 	B	132	 
2	19	B	132	 	B	136	 
2	21	B	136	 	B	132	 
2	87	B	133	 	B	134	 
2	279	B	134	 	B	133	 
2	17	B	133	 	B	135	 
2	17	B	135	 	B	133	 
2	19	B	133	 	B	136	 
2	21	B	136	 	B	133	 
2	287	B	134	 	B	135	 
2	95	B	135	 	B	134	 
2	17	B	134	 	B	136	 
2	17	B	136	 	B	134	 
2	23	B	135	 	B	136	 
2	23	B	136	 	B	135	 
2	37134	B	130	 	B	176	 
2	36942	B	176	 	B	130	 
2	36876	B	133	 	B	176	 
2	36874	B	176	 	B	133	 
2	8	B	133	 	B	179	 
2	8	B	179	 	B	133	 
2	46171	B	136	 	B	141	 
2	46365	B	141	 	B	136	 
2	37134	B	130	 	B	175	 
2	36942	B	175	 	B	130	 
2	17	B	133	 	B	137	 
2	17	B	137	 	B	133	 
2	17	B	133	 	B	138	 
2	17	B	138	 	B	133	 
2	21	B	133	 	B	139	 
2	19	B	139	 	B	133	 
2	14	B	133	 	B	175	 
2	14	B	175	 	B	133	 
2	17	B	134	 	B	138	 
2	17	B	138	 	B	134	 
2	1	B	134	 	B	139	 
2	1	B	139	 	B	134	 
2	10	B	134	 	B	175	 
2	12	B	175	 	B	134	 
2	17	B	135	 	B	137	 
2	17	B	137	 	B	135	 
2	46431	B	136	 	B	137	 
2	46431	B	137	 	B	136	 
2	17	B	136	 	B	138	 
2	17	B	138	 	B	136	 
2	17	B	136	 	B	139	 
2	17	B	139	 	B	136	 
2	17	B	136	 	B	140	 
2	17	B	140	 	B	136	 
2	23	B	22	 	B	23	 
2	23	B	23	 	B	22	 
2	36872	B	22	 	B	192	 
2	36872	B	192	 	B	22	 
2	37135	B	23	 	B	189	 
2	36943	B	189	 	B	23	 
2	23	B	189	 	B	190	 
2	23	B	190	 	B	189	 
2	17	B	189	 	B	191	 
2	17	B	191	 	B	189	 
2	27	B	189	 	B	192	 
2	29	B	192	 	B	189	 
2	36895	B	189	 	B	193	 
2	36895	B	193	 	B	189	 
2	17	B	189	 	B	194	 
2	17	B	194	 	B	189	 
2	23	B	190	 	B	191	 
2	23	B	191	 	B	190	 
2	17	B	190	 	B	192	 
2	17	B	192	 	B	190	 
2	19	B	190	 	B	193	 
2	21	B	193	 	B	190	 
2	19	B	190	 	B	194	 
2	21	B	194	 	B	190	 
2	23	B	191	 	B	192	 
2	23	B	192	 	B	191	 
2	17	B	191	 	B	193	 
2	17	B	193	 	B	191	 
2	19	B	191	 	B	194	 
2	21	B	194	 	B	191	 
2	83	B	191	 	B	195	 
2	277	B	195	 	B	191	 
2	31	B	192	 	B	193	 
2	31	B	193	 	B	192	 
2	17	B	192	 	B	194	 
2	17	B	194	 	B	192	 
2	91	B	192	 	B	195	 
2	285	B	195	 	B	192	 
2	36872	B	192	 	B	197	 
2	36872	B	197	 	B	192	 
2	27	B	192	 	B	198	 
2	29	B	198	 	B	192	 
2	23	B	193	 	B	194	 
2	23	B	194	 	B	193	 
2	83	B	193	 	B	195	 
2	277	B	195	 	B	193	 
2	36874	B	193	 	B	198	 
2	36876	B	198	 	B	193	 
2	19	B	193	 	B	199	 
2	21	B	199	 	B	193	 
2	87	B	194	 	B	195	 
2	279	B	195	 	B	194	 
2	19	B	194	 	B	196	 
2	21	B	196	 	B	194	 
2	2	B	194	 	B	199	 
2	4	B	199	 	B	194	 
2	287	B	195	 	B	196	 
2	95	B	196	 	B	195	 
2	46365	B	195	 	B	197	 
2	46171	B	197	 	B	195	 
2	287	B	195	 	B	198	 
2	95	B	198	 	B	195	 
2	19	B	195	 	B	199	 
2	21	B	199	 	B	195	 
2	23	B	196	 	B	197	 
2	23	B	197	 	B	196	 
2	17	B	196	 	B	198	 
2	17	B	198	 	B	196	 
2	19	B	196	 	B	199	 
2	21	B	199	 	B	196	 
2	31	B	197	 	B	198	 
2	31	B	198	 	B	197	 
2	17	B	197	 	B	199	 
2	17	B	199	 	B	197	 
2	31	B	198	 	B	199	 
2	31	B	199	 	B	198	 
2	64524	B	23	 	B	186	 
2	64522	B	186	 	B	23	 
2	12	B	189	 	B	183	 
2	10	B	183	 	B	189	 
2	5	B	189	 	B	184	 
2	3	B	184	 	B	189	 
2	31	B	189	 	B	186	 
2	31	B	186	 	B	189	 
2	17	B	189	 	B	187	 
2	17	B	187	 	B	189	 
2	21	B	190	 	B	184	 
2	19	B	184	 	B	190	 
2	5	B	190	 	B	185	 
2	3	B	185	 	B	190	 
2	21	B	190	 	B	186	 
2	19	B	186	 	B	190	 
2	21	B	190	 	B	187	 
2	19	B	187	 	B	190	 
2	17	B	191	 	B	186	 
2	17	B	186	 	B	191	 
2	21	B	191	 	B	187	 
2	19	B	187	 	B	191	 
2	36876	B	193	 	B	184	 
2	36874	B	184	 	B	193	 
2	17	B	22	 	B	26	 
2	17	B	26	 	B	22	 
2	17	B	22	 	B	24	 
2	17	B	24	 	B	22	 
2	17	B	22	 	B	25	 
2	17	B	25	 	B	22	 
2	7	B	22	 	B	188	 
2	7	B	188	 	B	22	 
2	46431	B	23	 	B	24	 
2	46431	B	24	 	B	23	 
2	17	B	23	 	B	25	 
2	17	B	25	 	B	23	 
2	287	B	23	 	B	188	 
2	95	B	188	 	B	23	 
2	23	B	189	 	B	188	 
2	23	B	188	 	B	189	 
2	17	B	190	 	B	188	 
2	17	B	188	 	B	190	 
2	21	B	191	 	B	188	 
2	19	B	188	 	B	191	 
2	21	B	192	 	B	188	 
2	19	B	188	 	B	192	 
2	2	B	141	 	B	179	 
2	4	B	179	 	B	141	 
2	66	B	141	 	B	182	 
2	260	B	182	 	B	141	 
2	2	B	141	 	B	183	 
2	4	B	183	 	B	141	 
2	87	B	176	 	B	177	 
2	279	B	177	 	B	176	 
2	17	B	176	 	B	178	 
2	17	B	178	 	B	176	 
2	27	B	176	 	B	179	 
2	29	B	179	 	B	176	 
2	19	B	176	 	B	180	 
2	21	B	180	 	B	176	 
2	279	B	177	 	B	178	 
2	87	B	178	 	B	177	 
2	19	B	177	 	B	179	 
2	21	B	179	 	B	177	 
2	19	B	177	 	B	180	 
2	21	B	180	 	B	177	 
2	17	B	177	 	B	181	 
2	17	B	181	 	B	177	 
2	23	B	178	 	B	179	 
2	23	B	179	 	B	178	 
2	17	B	178	 	B	180	 
2	17	B	180	 	B	178	 
2	17	B	178	 	B	181	 
2	17	B	181	 	B	178	 
2	36955	B	178	 	B	182	 
2	37149	B	182	 	B	178	 
2	17	B	178	 	B	183	 
2	17	B	183	 	B	178	 
2	31	B	179	 	B	180	 
2	31	B	180	 	B	179	 
2	17	B	179	 	B	181	 
2	17	B	181	 	B	179	 
2	91	B	179	 	B	182	 
2	285	B	182	 	B	179	 
2	36891	B	179	 	B	183	 
2	36893	B	183	 	B	179	 
2	17	B	179	 	B	184	 
2	17	B	184	 	B	179	 
2	21	B	180	 	B	181	 
2	19	B	181	 	B	180	 
2	17	B	180	 	B	182	 
2	17	B	182	 	B	180	 
2	19	B	180	 	B	183	 
2	21	B	183	 	B	180	 
2	36955	B	180	 	B	184	 
2	37149	B	184	 	B	180	 
2	17	B	180	 	B	185	 
2	17	B	185	 	B	180	 
2	19	B	181	 	B	182	 
2	21	B	182	 	B	181	 
2	17	B	181	 	B	183	 
2	17	B	183	 	B	181	 
2	83	B	181	 	B	184	 
2	277	B	184	 	B	181	 
2	19	B	181	 	B	185	 
2	21	B	185	 	B	181	 
2	36895	B	182	 	B	183	 
2	36895	B	183	 	B	182	 
2	17	B	182	 	B	184	 
2	17	B	184	 	B	182	 
2	19	B	182	 	B	185	 
2	21	B	185	 	B	182	 
2	19	B	182	 	B	186	 
2	21	B	186	 	B	182	 
2	87	B	183	 	B	184	 
2	279	B	184	 	B	183	 
2	17	B	183	 	B	185	 
2	17	B	185	 	B	183	 
2	91	B	183	 	B	186	 
2	285	B	186	 	B	183	 
2	279	B	184	 	B	185	 
2	87	B	185	 	B	184	 
2	17	B	184	 	B	186	 
2	17	B	186	 	B	184	 
2	23	B	185	 	B	186	 
2	23	B	186	 	B	185	 
2	19	B	185	 	B	187	 
2	21	B	187	 	B	185	 
2	31	B	186	 	B	187	 
2	31	B	187	 	B	186	 
2	46105	B	141	 	B	137	 
2	46105	B	137	 	B	141	 
2	17	B	141	 	B	139	 
2	17	B	139	 	B	141	 
2	287	B	141	 	B	140	 
2	95	B	140	 	B	141	 
2	23	B	176	 	B	175	 
2	23	B	175	 	B	176	 
2	17	B	177	 	B	175	 
2	17	B	175	 	B	177	 
2	21	B	178	 	B	175	 
2	19	B	175	 	B	178	 
2	21	B	179	 	B	175	 
2	19	B	175	 	B	179	 
2	17	B	180	 	B	175	 
2	17	B	175	 	B	180	 
2	260	B	182	 	B	139	 
2	66	B	139	 	B	182	 
2	260	B	182	 	B	140	 
2	66	B	140	 	B	182	 
2	260	B	182	 	B	175	 
2	66	B	175	 	B	182	 
2	268	B	141	 	B	146	 
2	74	B	146	 	B	141	 
2	36872	B	186	 	B	24	 
2	36872	B	24	 	B	186	 
2	17	B	186	 	B	188	 
2	17	B	188	 	B	186	 
2	23	B	187	 	B	188	 
2	23	B	188	 	B	187	 
2	21	B	137	 	B	138	 
2	19	B	138	 	B	137	 
2	21	B	137	 	B	139	 
2	19	B	139	 	B	137	 
2	23	B	137	 	B	140	 
2	23	B	140	 	B	137	 
2	17	B	138	 	B	139	 
2	17	B	139	 	B	138	 
2	19	B	138	 	B	140	 
2	21	B	140	 	B	138	 
2	2	B	138	 	B	175	 
2	4	B	175	 	B	138	 
2	19	B	139	 	B	140	 
2	21	B	140	 	B	139	 
2	3	B	139	 	B	175	 
2	5	B	175	 	B	139	 
2	12	B	137	 	B	146	 
2	10	B	146	 	B	137	 
2	287	B	59	 	B	60	 
2	95	B	60	 	B	59	 
2	21	B	59	 	B	57	 
2	19	B	57	 	B	59	 
2	21	B	59	 	B	58	 
2	19	B	58	 	B	59	 
2	31	B	60	 	B	57	 
2	31	B	57	 	B	60	 
2	17	B	60	 	B	58	 
2	17	B	58	 	B	60	 
2	36872	B	60	 	B	71	 
2	36872	B	71	 	B	60	 
2	1	B	83	 	B	81	 
2	1	B	81	 	B	83	 
2	87	B	83	 	B	82	 
2	279	B	82	 	B	83	 
2	17	B	83	 	B	85	 
2	17	B	85	 	B	83	 
2	19	B	83	 	B	86	 
2	21	B	86	 	B	83	 
2	23	B	83	 	B	84	 
2	23	B	84	 	B	83	 
2	23	B	2	 	B	3	 
2	23	B	3	 	B	2	 
2	4	B	2	 	B	27	 
2	2	B	27	 	B	2	 
2	19	B	2	 	B	57	 
2	21	B	57	 	B	2	 
2	17	B	2	 	B	58	 
2	17	B	58	 	B	2	 
2	46088	B	3	 	B	26	 
2	46088	B	26	 	B	3	 
2	21	B	3	 	B	27	 
2	19	B	27	 	B	3	 
2	46093	B	3	 	B	57	 
2	46091	B	57	 	B	3	 
2	36872	B	3	 	B	72	 
2	36872	B	72	 	B	3	 
2	46088	B	3	 	B	75	 
2	46088	B	75	 	B	3	 
2	36872	B	3	 	B	76	 
2	36872	B	76	 	B	3	 
2	343	B	26	 	B	27	 
2	343	B	27	 	B	26	 
2	36872	B	26	 	B	76	 
2	36872	B	76	 	B	26	 
2	277	B	57	 	B	58	 
2	83	B	58	 	B	57	 
2	46088	B	57	 	B	71	 
2	46088	B	71	 	B	57	 
2	37151	B	71	 	B	72	 
2	36959	B	72	 	B	71	 
2	46171	B	71	 	B	75	 
2	46365	B	75	 	B	71	 
2	17	B	71	 	B	76	 
2	17	B	76	 	B	71	 
2	36955	B	72	 	B	75	 
2	37149	B	75	 	B	72	 
2	36891	B	72	 	B	76	 
2	36893	B	76	 	B	72	 
2	37151	B	75	 	B	76	 
2	36959	B	76	 	B	75	 
2	17	B	71	 	B	73	 
2	17	B	73	 	B	71	 
2	9307	B	71	 	B	74	 
2	9501	B	74	 	B	71	 
2	21	B	72	 	B	73	 
2	19	B	73	 	B	72	 
2	17	B	72	 	B	74	 
2	17	B	74	 	B	72	 
2	17	B	72	 	B	77	 
2	17	B	77	 	B	72	 
2	19	B	72	 	B	78	 
2	21	B	78	 	B	72	 
2	277	B	75	 	B	73	 
2	83	B	73	 	B	75	 
2	287	B	75	 	B	74	 
2	95	B	74	 	B	75	 
2	17	B	75	 	B	77	 
2	17	B	77	 	B	75	 
2	21	B	76	 	B	73	 
2	19	B	73	 	B	76	 
2	17	B	76	 	B	74	 
2	17	B	74	 	B	76	 
2	21	B	76	 	B	77	 
2	19	B	77	 	B	76	 
2	36895	B	76	 	B	78	 
2	36895	B	78	 	B	76	 
2	287	B	26	 	B	24	 
2	95	B	24	 	B	26	 
2	277	B	26	 	B	25	 
2	83	B	25	 	B	26	 
2	277	B	27	 	B	25	 
2	83	B	25	 	B	27	 
2	10	B	76	 	B	24	 
2	12	B	24	 	B	76	 
2	19	B	73	 	B	74	 
2	21	B	74	 	B	73	 
2	17	B	73	 	B	77	 
2	17	B	77	 	B	73	 
2	19	B	73	 	B	78	 
2	21	B	78	 	B	73	 
2	19	B	73	 	B	79	 
2	21	B	79	 	B	73	 
2	17	B	74	 	B	77	 
2	17	B	77	 	B	74	 
2	1	B	74	 	B	78	 
2	1	B	78	 	B	74	 
2	46090	B	74	 	B	79	 
2	46092	B	79	 	B	74	 
2	19	B	77	 	B	78	 
2	21	B	78	 	B	77	 
2	17	B	77	 	B	79	 
2	17	B	79	 	B	77	 
2	66	B	77	 	B	147	 
2	260	B	147	 	B	77	 
2	23	B	78	 	B	79	 
2	23	B	79	 	B	78	 
2	17	B	78	 	B	80	 
2	17	B	80	 	B	78	 
2	2	B	78	 	B	147	 
2	4	B	147	 	B	78	 
2	21	B	79	 	B	80	 
2	19	B	80	 	B	79	 
2	17	B	79	 	B	81	 
2	17	B	81	 	B	79	 
2	1	B	79	 	B	82	 
2	1	B	82	 	B	79	 
2	1	B	79	 	B	85	 
2	1	B	85	 	B	79	 
2	287	B	79	 	B	86	 
2	95	B	86	 	B	79	 
2	2	B	79	 	B	147	 
2	4	B	147	 	B	79	 
2	19	B	80	 	B	81	 
2	21	B	81	 	B	80	 
2	17	B	80	 	B	82	 
2	17	B	82	 	B	80	 
2	67	B	80	 	B	85	 
2	261	B	85	 	B	80	 
2	1	B	80	 	B	86	 
2	1	B	86	 	B	80	 
2	66	B	80	 	B	147	 
2	260	B	147	 	B	80	 
2	55391	B	81	 	B	82	 
2	55583	B	82	 	B	81	 
2	55370	B	81	 	B	85	 
2	55564	B	85	 	B	81	 
2	74	B	81	 	B	147	 
2	268	B	147	 	B	81	 
2	37215	B	82	 	B	85	 
2	37215	B	85	 	B	82	 
2	279	B	82	 	B	86	 
2	87	B	86	 	B	82	 
2	23	B	85	 	B	86	 
2	23	B	86	 	B	85	 
2	260	B	85	 	B	146	 
2	66	B	146	 	B	85	 
2	36872	B	85	 	B	147	 
2	36872	B	147	 	B	85	 
2	37151	B	146	 	B	147	 
2	36959	B	147	 	B	146	 
2	285	B	82	 	B	84	 
2	91	B	84	 	B	82	 
2	23	B	85	 	B	84	 
2	23	B	84	 	B	85	 
2	17	B	86	 	B	84	 
2	17	B	84	 	B	86	 
2	36872	B	78	 	B	24	 
2	36872	B	24	 	B	78	 
2	21	B	24	 	B	25	 
2	19	B	25	 	B	24	 
2	2	B	24	 	B	188	 
2	4	B	188	 	B	24	 
2	2	B	25	 	B	188	 
2	4	B	188	 	B	25	 
3	36872	A	51	 	B	98	 
3	10	A	49	 	B	128	 
3	268	A	49	 	B	91	 
3	37132	A	49	 	B	92	 
3	260	A	49	 	B	95	 
3	260	A	49	 	B	96	 
3	36872	A	49	 	B	129	 
3	36872	A	49	 	B	132	 
3	78	A	90	 	B	67	 
3	36872	A	91	 	B	48	 
3	74	A	91	 	B	49	 
3	4	A	91	 	B	61	 
3	12	A	91	 	B	62	 
3	13	A	91	 	B	63	 
3	74	A	91	 	B	64	 
3	74	A	91	 	B	67	 
3	36938	A	92	 	B	49	 
3	36942	A	94	 	B	64	 
3	46348	A	94	 	B	67	 
3	66	A	95	 	B	49	 
3	66	A	95	 	B	64	 
3	66	A	96	 	B	49	 
3	36872	A	98	 	B	51	 
3	46088	A	98	 	B	64	 
3	31	A	128	 	B	48	 
3	12	A	128	 	B	49	 
3	36872	A	129	 	B	49	 
3	36872	A	131	 	B	48	 
3	36872	A	132	 	B	48	 
3	36872	A	132	 	B	49	 
3	268	A	94	 	B	66	 
3	9228	A	90	 	B	70	 
3	55304	A	94	 	B	70	 
3	64520	A	90	 	B	74	 
3	46088	A	64	 	B	98	 
3	37134	A	64	 	B	94	 
3	74	A	66	 	B	94	 
3	37132	A	67	 	B	87	 
3	270	A	67	 	B	90	 
3	46154	A	67	 	B	94	 
3	9226	A	70	 	B	90	 
3	55304	A	70	 	B	94	 
3	10	A	71	 	B	87	 
3	268	A	64	 	B	91	 
3	260	A	64	 	B	95	 
3	268	A	67	 	B	91	 
3	36872	A	70	 	B	70	 
3	260	A	71	 	B	83	 
3	9224	A	70	 	B	79	 
3	36872	A	60	 	B	87	 
3	36876	A	62	 	B	87	 
3	36872	A	60	 	B	88	 
3	2	A	61	 	B	88	 
3	2	A	61	 	B	91	 
3	36872	A	62	 	B	88	 
3	10	A	62	 	B	91	 
3	11	A	63	 	B	91	 
3	36872	A	59	 	B	84	 
3	36876	A	60	 	B	84	 
3	31	A	48	 	B	128	 
3	36872	A	48	 	B	91	 
3	36872	A	48	 	B	131	 
3	36872	A	48	 	B	132	 
3	36874	A	87	 	B	62	 
3	36938	A	87	 	B	67	 
3	4	A	88	 	B	61	 
3	36874	A	88	 	B	62	 
3	36872	A	84	 	B	59	 
3	36874	A	84	 	B	60	 
3	36872	A	87	 	B	60	 
3	36872	A	88	 	B	60	 
3	66	A	83	 	B	71	 
3	37132	A	83	 	B	75	 
3	8	A	87	 	B	71	 
3	334	A	83	 	B	74	 
3	36938	A	86	 	B	74	 
3	36874	A	87	 	B	74	 
3	36876	A	74	 	B	87	 
3	64520	A	74	 	B	90	 
3	9224	A	79	 	B	70	 
3	334	A	74	 	B	83	 
3	36938	A	75	 	B	83	 
3	46088	A	74	 	B	79	 
3	37132	A	74	 	B	86	 
3	46088	A	79	 	B	74	 
3	46088	A	79	 	B	79	 
4	36872	B	98	 	A	51	 
4	12	B	128	 	A	49	 
4	74	B	91	 	A	49	 
4	36938	B	92	 	A	49	 
4	66	B	95	 	A	49	 
4	66	B	96	 	A	49	 
4	36872	B	129	 	A	49	 
4	36872	B	132	 	A	49	 
4	270	B	67	 	A	90	 
4	36872	B	48	 	A	91	 
4	268	B	49	 	A	91	 
4	2	B	61	 	A	91	 
4	10	B	62	 	A	91	 
4	11	B	63	 	A	91	 
4	268	B	64	 	A	91	 
4	268	B	67	 	A	91	 
4	37132	B	49	 	A	92	 
4	37134	B	64	 	A	94	 
4	46154	B	67	 	A	94	 
4	260	B	49	 	A	95	 
4	260	B	64	 	A	95	 
4	260	B	49	 	A	96	 
4	36872	B	51	 	A	98	 
4	46088	B	64	 	A	98	 
4	31	B	48	 	A	128	 
4	10	B	49	 	A	128	 
4	36872	B	49	 	A	129	 
4	36872	B	48	 	A	131	 
4	36872	B	48	 	A	132	 
4	36872	B	49	 	A	132	 
4	74	B	66	 	A	94	 
4	9226	B	70	 	A	90	 
4	55304	B	70	 	A	94	 
4	64520	B	74	 	A	90	 
4	46088	B	98	 	A	64	 
4	36942	B	94	 	A	64	 
4	268	B	94	 	A	66	 
4	36938	B	87	 	A	67	 
4	78	B	90	 	A	67	 
4	46348	B	94	 	A	67	 
4	9228	B	90	 	A	70	 
4	55304	B	94	 	A	70	 
4	12	B	87	 	A	71	 
4	74	B	91	 	A	64	 
4	66	B	95	 	A	64	 
4	74	B	91	 	A	67	 
4	36872	B	70	 	A	70	 
4	66	B	83	 	A	71	 
4	9224	B	79	 	A	70	 
4	36872	B	87	 	A	60	 
4	36874	B	87	 	A	62	 
4	36872	B	88	 	A	60	 
4	4	B	88	 	A	61	 
4	4	B	91	 	A	61	 
4	36872	B	88	 	A	62	 
4	12	B	91	 	A	62	 
4	13	B	91	 	A	63	 
4	36872	B	84	 	A	59	 
4	36874	B	84	 	A	60	 
4	31	B	128	 	A	48	 
4	36872	B	91	 	A	48	 
4	36872	B	131	 	A	48	 
4	36872	B	132	 	A	48	 
4	36876	B	62	 	A	87	 
4	37132	B	67	 	A	87	 
4	2	B	61	 	A	88	 
4	36876	B	62	 	A	88	 
4	36872	B	59	 	A	84	 
4	36876	B	60	 	A	84	 
4	36872	B	60	 	A	87	 
4	36872	B	60	 	A	88	 
4	260	B	71	 	A	83	 
4	36938	B	75	 	A	83	 
4	8	B	71	 	A	87	 
4	334	B	74	 	A	83	 
4	37132	B	74	 	A	86	 
4	36876	B	74	 	A	87	 
4	36874	B	87	 	A	74	 
4	64520	B	90	 	A	74	 
4	9224	B	70	 	A	79	 
4	334	B	83	 	A	74	 
4	37132	B	83	 	A	75	 
4	46088	B	79	 	A	74	 
4	36938	B	86	 	A	74	 
4	46088	B	74	 	A	79	 
4	46088	B	79	 	A	79	 
