1	279	L	1	 	L	2	 
1	87	L	2	 	L	1	 
1	11	L	1	 	L	95	 
1	13	L	95	 	L	1	 
1	36876	L	2	 	L	27	 
1	36874	L	27	 	L	2	 
1	8	L	2	 	L	92	 
1	8	L	92	 	L	2	 
1	12	L	2	 	L	93	 
1	10	L	93	 	L	2	 
1	17	L	2	 	L	95	 
1	17	L	95	 	L	2	 
1	46431	L	92	 	L	93	 
1	46431	L	93	 	L	92	 
1	17	L	92	 	L	94	 
1	17	L	94	 	L	92	 
1	2	L	92	 	L	96	 
1	4	L	96	 	L	92	 
1	23	L	93	 	L	94	 
1	23	L	94	 	L	93	 
1	17	L	93	 	L	95	 
1	17	L	95	 	L	93	 
1	19	L	93	 	L	96	 
1	21	L	96	 	L	93	 
1	287	L	94	 	L	95	 
1	95	L	95	 	L	94	 
1	46159	L	94	 	L	96	 
1	46351	L	96	 	L	94	 
1	23	L	95	 	L	96	 
1	23	L	96	 	L	95	 
1	4	L	2	 	L	27	A
1	2	L	27	A	L	2	 
1	279	L	27	 	L	27	A
1	87	L	27	A	L	27	 
1	1	L	27	 	L	68	 
1	1	L	68	 	L	27	 
1	3	L	27	 	L	69	 
1	5	L	69	 	L	27	 
1	260	L	92	 	L	27	A
1	66	L	27	A	L	92	 
1	9484	L	92	 	L	29	 
1	9290	L	29	 	L	92	 
1	19	L	1	 	L	3	 
1	21	L	3	 	L	1	 
1	66	L	1	 	L	26	 
1	260	L	26	 	L	1	 
1	2	L	1	 	L	97	 
1	4	L	97	 	L	1	 
1	23	L	2	 	L	3	 
1	23	L	3	 	L	2	 
1	27	L	2	 	L	4	 
1	29	L	4	 	L	2	 
1	12	L	2	 	L	25	 
1	10	L	25	 	L	2	 
1	79	L	2	 	L	26	 
1	271	L	26	 	L	2	 
1	36872	L	2	 	L	28	 
1	36872	L	28	 	L	2	 
1	36938	L	2	 	L	90	 
1	37132	L	90	 	L	2	 
1	75	L	2	 	L	97	 
1	269	L	97	 	L	2	 
1	19	L	27	 	L	25	 
1	21	L	25	 	L	27	 
1	46431	L	27	 	L	26	 
1	46431	L	26	 	L	27	 
1	19	L	27	 	L	28	 
1	21	L	28	 	L	27	 
1	36876	L	92	 	L	28	 
1	36874	L	28	 	L	92	 
1	9311	L	92	 	L	32	 
1	9503	L	32	 	L	92	 
1	95	L	92	 	L	90	 
1	287	L	90	 	L	92	 
1	23	L	92	 	L	91	 
1	23	L	91	 	L	92	 
1	74	L	93	 	L	90	 
1	268	L	90	 	L	93	 
1	17	L	93	 	L	91	 
1	17	L	91	 	L	93	 
1	66	L	95	 	L	90	 
1	260	L	90	 	L	95	 
1	36955	L	95	 	L	97	 
1	37149	L	97	 	L	95	 
1	10	L	96	 	L	89	 
1	12	L	89	 	L	96	 
1	31	L	96	 	L	90	 
1	31	L	90	 	L	96	 
1	46092	L	96	 	L	91	 
1	46090	L	91	 	L	96	 
1	87	L	96	 	L	97	 
1	279	L	97	 	L	96	 
1	19	L	96	 	L	98	 
1	21	L	98	 	L	96	 
1	46431	L	31	 	L	29	 
1	46431	L	29	 	L	31	 
1	351	L	31	 	L	30	 
1	351	L	30	 	L	31	 
1	66	L	31	 	L	51	 
1	260	L	51	 	L	31	 
1	21	L	53	 	L	51	 
1	19	L	51	 	L	53	 
1	46431	L	53	 	L	52	 
1	46431	L	52	 	L	53	 
1	91	L	31	 	L	50	 
1	285	L	50	 	L	31	 
1	46367	L	53	 	L	49	 
1	46175	L	49	 	L	53	 
1	46365	L	53	 	L	50	 
1	46171	L	50	 	L	53	 
1	23	L	53	 	L	54	 
1	23	L	54	 	L	53	 
1	17	L	53	 	L	55	 
1	17	L	55	 	L	53	 
1	46431	L	31	 	L	32	 
1	46431	L	32	 	L	31	 
1	17	L	31	 	L	33	 
1	17	L	33	 	L	31	 
1	66	L	31	 	L	34	 
1	260	L	34	 	L	31	 
1	1	L	53	 	L	47	 
1	1	L	47	 	L	53	 
1	19	L	53	 	L	48	 
1	21	L	48	 	L	53	 
1	17	L	27	A	L	29	 
1	17	L	29	 	L	27	A
1	277	L	27	A	L	68	 
1	83	L	68	 	L	27	A
1	271	L	27	A	L	69	 
1	79	L	69	 	L	27	A
1	46431	L	29	 	L	30	 
1	46431	L	30	 	L	29	 
1	66	L	29	 	L	71	 
1	260	L	71	 	L	29	 
1	46171	L	30	 	L	51	 
1	46365	L	51	 	L	30	 
1	260	L	30	 	L	66	 
1	66	L	66	 	L	30	 
1	12	L	30	 	L	67	 
1	10	L	67	 	L	30	 
1	74	L	30	 	L	71	 
1	268	L	71	 	L	30	 
1	37215	L	51	 	L	52	 
1	37215	L	52	 	L	51	 
1	21	L	51	 	L	64	 
1	19	L	64	 	L	51	 
1	21	L	51	 	L	65	 
1	19	L	65	 	L	51	 
1	260	L	51	 	L	66	 
1	66	L	66	 	L	51	 
1	46088	L	51	 	L	71	 
1	46088	L	71	 	L	51	 
1	1	L	51	 	L	72	 
1	1	L	72	 	L	51	 
1	277	L	52	 	L	64	 
1	83	L	64	 	L	52	 
1	5	L	52	 	L	65	 
1	3	L	65	 	L	52	 
1	277	L	63	 	L	64	 
1	83	L	64	 	L	63	 
1	17	L	63	 	L	65	 
1	17	L	65	 	L	63	 
1	1	L	63	 	L	72	 
1	1	L	72	 	L	63	 
1	46431	L	63	 	L	74	 
1	46431	L	74	 	L	63	 
1	83	L	64	 	L	65	 
1	277	L	65	 	L	64	 
1	17	L	64	 	L	66	 
1	17	L	66	 	L	64	 
1	17	L	64	 	L	72	 
1	17	L	72	 	L	64	 
1	1	L	64	 	L	74	 
1	1	L	74	 	L	64	 
1	277	L	65	 	L	66	 
1	83	L	66	 	L	65	 
1	17	L	65	 	L	67	 
1	17	L	67	 	L	65	 
1	1	L	65	 	L	70	 
1	1	L	70	 	L	65	 
1	19	L	65	 	L	71	 
1	21	L	71	 	L	65	 
1	46431	L	65	 	L	72	 
1	46431	L	72	 	L	65	 
1	83	L	66	 	L	67	 
1	277	L	67	 	L	66	 
1	1	L	66	 	L	68	 
1	1	L	68	 	L	66	 
1	17	L	66	 	L	70	 
1	17	L	70	 	L	66	 
1	3	L	66	 	L	71	 
1	5	L	71	 	L	66	 
1	277	L	67	 	L	68	 
1	83	L	68	 	L	67	 
1	17	L	67	 	L	69	 
1	17	L	69	 	L	67	 
1	19	L	67	 	L	70	 
1	21	L	70	 	L	67	 
1	74	L	67	 	L	71	 
1	268	L	71	 	L	67	 
1	83	L	68	 	L	69	 
1	277	L	69	 	L	68	 
1	17	L	68	 	L	70	 
1	17	L	70	 	L	68	 
1	66	L	68	 	L	71	 
1	260	L	71	 	L	68	 
1	351	L	69	 	L	70	 
1	351	L	70	 	L	69	 
1	83	L	69	 	L	71	 
1	277	L	71	 	L	69	 
1	279	L	70	 	L	71	 
1	87	L	71	 	L	70	 
1	17	L	70	 	L	72	 
1	17	L	72	 	L	70	 
1	87	L	71	 	L	72	 
1	279	L	72	 	L	71	 
1	46105	L	72	 	L	74	 
1	46105	L	74	 	L	72	 
1	343	L	30	 	L	50	 
1	343	L	50	 	L	30	 
1	17	L	51	 	L	49	 
1	17	L	49	 	L	51	 
1	343	L	51	 	L	50	 
1	343	L	50	 	L	51	 
1	17	L	52	 	L	49	 
1	17	L	49	 	L	52	 
1	277	L	52	 	L	50	 
1	83	L	50	 	L	52	 
1	17	L	52	 	L	54	 
1	17	L	54	 	L	52	 
1	2	L	63	 	L	54	 
1	4	L	54	 	L	63	 
1	17	L	27	A	L	26	 
1	17	L	26	 	L	27	A
1	279	L	27	A	L	28	 
1	87	L	28	 	L	27	A
1	23	L	29	 	L	28	 
1	23	L	28	 	L	29	 
1	46367	L	29	 	L	32	 
1	46175	L	32	 	L	29	 
1	19	L	29	 	L	33	 
1	21	L	33	 	L	29	 
1	17	L	30	 	L	28	 
1	17	L	28	 	L	30	 
1	17	L	30	 	L	32	 
1	17	L	32	 	L	30	 
1	19	L	30	 	L	33	 
1	21	L	33	 	L	30	 
1	37151	L	51	 	L	33	 
1	36959	L	33	 	L	51	 
1	1	L	51	 	L	34	 
1	1	L	34	 	L	51	 
1	66	L	51	 	L	35	 
1	260	L	35	 	L	51	 
1	2	L	51	 	L	48	 
1	4	L	48	 	L	51	 
1	2	L	52	 	L	48	 
1	4	L	48	 	L	52	 
1	2	L	63	 	L	48	 
1	4	L	48	 	L	63	 
1	279	L	63	 	L	62	 
1	87	L	62	 	L	63	 
1	19	L	63	 	L	73	 
1	21	L	73	 	L	63	 
1	2	L	64	 	L	48	 
1	4	L	48	 	L	64	 
1	17	L	64	 	L	62	 
1	17	L	62	 	L	64	 
1	1	L	64	 	L	73	 
1	1	L	73	 	L	64	 
1	1	L	67	 	L	28	 
1	1	L	28	 	L	67	 
1	19	L	68	 	L	28	 
1	21	L	28	 	L	68	 
1	1	L	69	 	L	23	 
1	1	L	23	 	L	69	 
1	83	L	69	 	L	24	 
1	277	L	24	 	L	69	 
1	37151	L	69	 	L	25	 
1	36959	L	25	 	L	69	 
1	4	L	69	 	L	26	 
1	2	L	26	 	L	69	 
1	277	L	70	 	L	23	 
1	83	L	23	 	L	70	 
1	36875	L	70	 	L	24	 
1	36877	L	24	 	L	70	 
1	1	L	71	 	L	21	 
1	1	L	21	 	L	71	 
1	83	L	71	 	L	22	 
1	277	L	22	 	L	71	 
1	31	L	71	 	L	23	 
1	31	L	23	 	L	71	 
1	3	L	71	 	L	24	 
1	5	L	24	 	L	71	 
1	37132	L	71	 	L	28	 
1	36938	L	28	 	L	71	 
1	36872	L	71	 	L	33	 
1	36872	L	33	 	L	71	 
1	10	L	71	 	L	35	 
1	12	L	35	 	L	71	 
1	17	L	71	 	L	73	 
1	17	L	73	 	L	71	 
1	36872	L	72	 	L	20	 
1	36872	L	20	 	L	72	 
1	277	L	72	 	L	21	 
1	83	L	21	 	L	72	 
1	15	L	72	 	L	22	 
1	15	L	22	 	L	72	 
1	1	L	72	 	L	23	 
1	1	L	23	 	L	72	 
1	66	L	72	 	L	35	 
1	260	L	35	 	L	72	 
1	279	L	72	 	L	73	 
1	87	L	73	 	L	72	 
1	277	L	74	 	L	19	 
1	83	L	19	 	L	74	 
1	46095	L	74	 	L	20	 
1	46095	L	20	 	L	74	 
1	19	L	74	 	L	62	 
1	21	L	62	 	L	74	 
1	279	L	74	 	L	73	 
1	87	L	73	 	L	74	 
1	46088	L	74	 	L	18	 
1	46088	L	18	 	L	74	 
1	21	L	74	 	L	76	 
1	19	L	76	 	L	74	 
1	17	L	63	 	L	61	 
1	17	L	61	 	L	63	 
1	1	L	74	 	L	61	 
1	1	L	61	 	L	74	 
1	279	L	74	 	L	75	 
1	87	L	75	 	L	74	 
1	19	L	43	 	L	45	 
1	21	L	45	 	L	43	 
1	23	L	45	 	L	46	 
1	23	L	46	 	L	45	 
1	4	L	45	 	L	56	 
1	2	L	56	 	L	45	 
1	12	L	46	 	L	49	 
1	10	L	49	 	L	46	 
1	36875	L	46	 	L	55	 
1	36877	L	55	 	L	46	 
1	2	L	46	 	L	58	 
1	4	L	58	 	L	46	 
1	95	L	49	 	L	50	 
1	287	L	50	 	L	49	 
1	261	L	49	 	L	54	 
1	67	L	54	 	L	49	 
1	13	L	49	 	L	55	 
1	11	L	55	 	L	49	 
1	23	L	54	 	L	55	 
1	23	L	55	 	L	54	 
1	17	L	54	 	L	56	 
1	17	L	56	 	L	54	 
1	36878	L	54	 	L	58	 
1	36878	L	58	 	L	54	 
1	87	L	55	 	L	56	 
1	279	L	56	 	L	55	 
1	17	L	55	 	L	57	 
1	17	L	57	 	L	55	 
1	36891	L	55	 	L	58	 
1	36893	L	58	 	L	55	 
1	277	L	56	 	L	57	 
1	83	L	57	 	L	56	 
1	19	L	56	 	L	58	 
1	21	L	58	 	L	56	 
1	19	L	57	 	L	58	 
1	21	L	58	 	L	57	 
1	1	L	43	 	L	37	 
1	1	L	37	 	L	43	 
1	67	L	43	 	L	38	 
1	261	L	38	 	L	43	 
1	17	L	43	 	L	41	 
1	17	L	41	 	L	43	 
1	343	L	43	 	L	42	 
1	343	L	42	 	L	43	 
1	287	L	43	 	L	44	 
1	95	L	44	 	L	43	 
1	1	L	45	 	L	35	 
1	1	L	35	 	L	45	 
1	19	L	45	 	L	36	 
1	21	L	36	 	L	45	 
1	31	L	45	 	L	37	 
1	31	L	37	 	L	45	 
1	1	L	45	 	L	38	 
1	1	L	38	 	L	45	 
1	23	L	45	 	L	44	 
1	23	L	44	 	L	45	 
1	27	L	45	 	L	47	 
1	29	L	47	 	L	45	 
1	8	L	46	 	L	34	 
1	8	L	34	 	L	46	 
1	5	L	46	 	L	35	 
1	3	L	35	 	L	46	 
1	36875	L	46	 	L	36	 
1	36877	L	36	 	L	46	 
1	1	L	46	 	L	37	 
1	1	L	37	 	L	46	 
1	17	L	46	 	L	44	 
1	17	L	44	 	L	46	 
1	23	L	46	 	L	47	 
1	23	L	47	 	L	46	 
1	21	L	46	 	L	48	 
1	19	L	48	 	L	46	 
1	1	L	49	 	L	33	 
1	1	L	33	 	L	49	 
1	75	L	49	 	L	34	 
1	269	L	34	 	L	49	 
1	1	L	49	 	L	35	 
1	1	L	35	 	L	49	 
1	17	L	49	 	L	47	 
1	17	L	47	 	L	49	 
1	23	L	49	 	L	48	 
1	23	L	48	 	L	49	 
1	261	L	50	 	L	32	 
1	67	L	32	 	L	50	 
1	17	L	50	 	L	33	 
1	17	L	33	 	L	50	 
1	9291	L	50	 	L	34	 
1	9485	L	34	 	L	50	 
1	17	L	50	 	L	48	 
1	17	L	48	 	L	50	 
1	21	L	54	 	L	47	 
1	19	L	47	 	L	54	 
1	36875	L	54	 	L	48	 
1	36877	L	48	 	L	54	 
1	12	L	54	 	L	62	 
1	10	L	62	 	L	54	 
1	21	L	55	 	L	47	 
1	19	L	47	 	L	55	 
1	5	L	55	 	L	48	 
1	3	L	48	 	L	55	 
1	36878	L	58	 	L	47	 
1	36878	L	47	 	L	58	 
1	8	L	58	 	L	62	 
1	8	L	62	 	L	58	 
1	36876	L	54	 	L	60	 
1	36874	L	60	 	L	54	 
1	17	L	58	 	L	60	 
1	17	L	60	 	L	58	 
1	4	L	54	 	L	59	 
1	2	L	59	 	L	54	 
1	19	L	57	 	L	59	 
1	21	L	59	 	L	57	 
1	36895	L	58	 	L	59	 
1	36895	L	59	 	L	58	 
1	23	L	3	 	L	4	 
1	23	L	4	 	L	3	 
1	36959	L	3	 	L	5	 
1	37151	L	5	 	L	3	 
1	1	L	3	 	L	24	 
1	1	L	24	 	L	3	 
1	19	L	3	 	L	25	 
1	21	L	25	 	L	3	 
1	36955	L	3	 	L	26	 
1	37149	L	26	 	L	3	 
1	66	L	3	 	L	97	 
1	260	L	97	 	L	3	 
1	87	L	4	 	L	5	 
1	279	L	5	 	L	4	 
1	17	L	4	 	L	6	 
1	17	L	6	 	L	4	 
1	36872	L	4	 	L	23	 
1	36872	L	23	 	L	4	 
1	21	L	4	 	L	24	 
1	19	L	24	 	L	4	 
1	36877	L	4	 	L	25	 
1	36875	L	25	 	L	4	 
1	1	L	4	 	L	26	 
1	1	L	26	 	L	4	 
1	36872	L	4	 	L	33	 
1	36872	L	33	 	L	4	 
1	36876	L	4	 	L	88	 
1	36874	L	88	 	L	4	 
1	4	L	4	 	L	89	 
1	2	L	89	 	L	4	 
1	12	L	4	 	L	90	 
1	10	L	90	 	L	4	 
1	36942	L	4	 	L	97	 
1	37134	L	97	 	L	4	 
1	21	L	4	 	L	98	 
1	19	L	98	 	L	4	 
1	21	L	4	 	L	99	 
1	19	L	99	 	L	4	 
1	17	L	4	 	L	100	 
1	17	L	100	 	L	4	 
1	279	L	5	 	L	6	 
1	87	L	6	 	L	5	 
1	17	L	5	 	L	7	 
1	17	L	7	 	L	5	 
1	1	L	5	 	L	22	 
1	1	L	22	 	L	5	 
1	83	L	5	 	L	23	 
1	277	L	23	 	L	5	 
1	46431	L	5	 	L	24	 
1	46431	L	24	 	L	5	 
1	1	L	5	 	L	25	 
1	1	L	25	 	L	5	 
1	87	L	6	 	L	7	 
1	279	L	7	 	L	6	 
1	17	L	6	 	L	8	 
1	17	L	8	 	L	6	 
1	17	L	6	 	L	9	 
1	17	L	9	 	L	6	 
1	279	L	6	 	L	22	 
1	87	L	22	 	L	6	 
1	13	L	6	 	L	23	 
1	11	L	23	 	L	6	 
1	36872	L	6	 	L	35	 
1	36872	L	35	 	L	6	 
1	268	L	6	 	L	86	 
1	74	L	86	 	L	6	 
1	268	L	6	 	L	87	 
1	74	L	87	 	L	6	 
1	46348	L	6	 	L	88	 
1	46154	L	88	 	L	6	 
1	260	L	6	 	L	99	 
1	66	L	99	 	L	6	 
1	261	L	6	 	L	100	 
1	67	L	100	 	L	6	 
1	261	L	6	 	L	101	 
1	67	L	101	 	L	6	 
1	46414	L	6	 	L	102	 
1	46414	L	102	 	L	6	 
1	287	L	7	 	L	8	 
1	95	L	8	 	L	7	 
1	1	L	7	 	L	9	 
1	1	L	9	 	L	7	 
1	3	L	7	 	L	21	 
1	5	L	21	 	L	7	 
1	46175	L	7	 	L	22	 
1	46367	L	22	 	L	7	 
1	66	L	7	 	L	102	 
1	260	L	102	 	L	7	 
1	23	L	8	 	L	9	 
1	23	L	9	 	L	8	 
1	21	L	8	 	L	10	 
1	19	L	10	 	L	8	 
1	36878	L	8	 	L	11	 
1	36878	L	11	 	L	8	 
1	4	L	8	 	L	20	 
1	2	L	20	 	L	8	 
1	14	L	8	 	L	21	 
1	14	L	21	 	L	8	 
1	1	L	8	 	L	101	 
1	1	L	101	 	L	8	 
1	36955	L	8	 	L	102	 
1	37149	L	102	 	L	8	 
1	17	L	8	 	L	103	 
1	17	L	103	 	L	8	 
1	31	L	9	 	L	10	 
1	31	L	10	 	L	9	 
1	17	L	9	 	L	11	 
1	17	L	11	 	L	9	 
1	1	L	9	 	L	101	 
1	1	L	101	 	L	9	 
1	83	L	9	 	L	102	 
1	277	L	102	 	L	9	 
1	19	L	9	 	L	103	 
1	21	L	103	 	L	9	 
1	23	L	10	 	L	11	 
1	23	L	11	 	L	10	 
1	31	L	10	 	L	103	 
1	31	L	103	 	L	10	 
1	36872	L	11	 	L	19	 
1	36872	L	19	 	L	11	 
1	4	L	11	 	L	20	 
1	2	L	20	 	L	11	 
1	36876	L	11	 	L	21	 
1	36874	L	21	 	L	11	 
1	36872	L	11	 	L	102	 
1	36872	L	102	 	L	11	 
1	21	L	11	 	L	103	 
1	19	L	103	 	L	11	 
1	36895	L	11	 	L	104	 
1	36895	L	104	 	L	11	 
1	87	L	19	 	L	20	 
1	279	L	20	 	L	19	 
1	36893	L	19	 	L	21	 
1	36891	L	21	 	L	19	 
1	1	L	19	 	L	73	 
1	1	L	73	 	L	19	 
1	36872	L	19	 	L	104	 
1	36872	L	104	 	L	19	 
1	279	L	20	 	L	21	 
1	87	L	21	 	L	20	 
1	17	L	20	 	L	22	 
1	17	L	22	 	L	20	 
1	277	L	20	 	L	73	 
1	83	L	73	 	L	20	 
1	87	L	21	 	L	22	 
1	279	L	22	 	L	21	 
1	17	L	21	 	L	23	 
1	17	L	23	 	L	21	 
1	10	L	21	 	L	35	 
1	12	L	35	 	L	21	 
1	36895	L	21	 	L	73	 
1	36895	L	73	 	L	21	 
1	8	L	21	 	L	86	 
1	8	L	86	 	L	21	 
1	36876	L	21	 	L	102	 
1	36874	L	102	 	L	21	 
1	36872	L	21	 	L	104	 
1	36872	L	104	 	L	21	 
1	279	L	22	 	L	23	 
1	87	L	23	 	L	22	 
1	36889	L	22	 	L	24	 
1	36889	L	24	 	L	22	 
1	2	L	22	 	L	35	 
1	4	L	35	 	L	22	 
1	66	L	22	 	L	102	 
1	260	L	102	 	L	22	 
1	343	L	23	 	L	24	 
1	343	L	24	 	L	23	 
1	17	L	23	 	L	25	 
1	17	L	25	 	L	23	 
1	36872	L	23	 	L	33	 
1	36872	L	33	 	L	23	 
1	10	L	23	 	L	35	 
1	12	L	35	 	L	23	 
1	46094	L	23	 	L	88	 
1	46094	L	88	 	L	23	 
1	279	L	24	 	L	25	 
1	87	L	25	 	L	24	 
1	17	L	24	 	L	26	 
1	17	L	26	 	L	24	 
1	87	L	25	 	L	26	 
1	279	L	26	 	L	25	 
1	36872	L	25	 	L	28	 
1	36872	L	28	 	L	25	 
1	36872	L	28	 	L	33	 
1	36872	L	33	 	L	28	 
1	36872	L	28	 	L	90	 
1	36872	L	90	 	L	28	 
1	23	L	32	 	L	33	 
1	23	L	33	 	L	32	 
1	91	L	32	 	L	34	 
1	285	L	34	 	L	32	 
1	1	L	32	 	L	89	 
1	1	L	89	 	L	32	 
1	19	L	32	 	L	90	 
1	21	L	90	 	L	32	 
1	287	L	32	 	L	91	 
1	95	L	91	 	L	32	 
1	87	L	33	 	L	34	 
1	279	L	34	 	L	33	 
1	25	L	33	 	L	35	 
1	25	L	35	 	L	33	 
1	1	L	33	 	L	48	 
1	1	L	48	 	L	33	 
1	8	L	33	 	L	88	 
1	8	L	88	 	L	33	 
1	21	L	33	 	L	89	 
1	19	L	89	 	L	33	 
1	13	L	33	 	L	90	 
1	11	L	90	 	L	33	 
1	87	L	34	 	L	35	 
1	279	L	35	 	L	34	 
1	27	L	34	 	L	36	 
1	29	L	36	 	L	34	 
1	277	L	34	 	L	48	 
1	83	L	48	 	L	34	 
1	1	L	34	 	L	87	 
1	1	L	87	 	L	34	 
1	19	L	34	 	L	88	 
1	21	L	88	 	L	34	 
1	31	L	34	 	L	89	 
1	31	L	89	 	L	34	 
1	12	L	34	 	L	91	 
1	10	L	91	 	L	34	 
1	23	L	35	 	L	36	 
1	23	L	36	 	L	35	 
1	17	L	35	 	L	37	 
1	17	L	37	 	L	35	 
1	27	L	35	 	L	47	 
1	29	L	47	 	L	35	 
1	31	L	35	 	L	48	 
1	31	L	48	 	L	35	 
1	12	L	35	 	L	73	 
1	10	L	73	 	L	35	 
1	12	L	35	 	L	86	 
1	10	L	86	 	L	35	 
1	21	L	35	 	L	87	 
1	19	L	87	 	L	35	 
1	13	L	35	 	L	88	 
1	11	L	88	 	L	35	 
1	1	L	35	 	L	89	 
1	1	L	89	 	L	35	 
1	23	L	36	 	L	37	 
1	23	L	37	 	L	36	 
1	17	L	36	 	L	38	 
1	17	L	38	 	L	36	 
1	12	L	36	 	L	44	 
1	10	L	44	 	L	36	 
1	3	L	36	 	L	47	 
1	5	L	47	 	L	36	 
1	1	L	36	 	L	85	 
1	1	L	85	 	L	36	 
1	19	L	36	 	L	86	 
1	21	L	86	 	L	36	 
1	31	L	36	 	L	87	 
1	31	L	87	 	L	36	 
1	1	L	36	 	L	88	 
1	1	L	88	 	L	36	 
1	46088	L	36	 	L	89	 
1	46088	L	89	 	L	36	 
1	8	L	36	 	L	98	 
1	8	L	98	 	L	36	 
1	279	L	37	 	L	38	 
1	87	L	38	 	L	37	 
1	46105	L	37	 	L	39	 
1	46105	L	39	 	L	37	 
1	19	L	37	 	L	44	 
1	21	L	44	 	L	37	 
1	36875	L	37	 	L	47	 
1	36877	L	47	 	L	37	 
1	36872	L	37	 	L	62	 
1	36872	L	62	 	L	37	 
1	36872	L	37	 	L	84	 
1	36872	L	84	 	L	37	 
1	21	L	37	 	L	85	 
1	19	L	85	 	L	37	 
1	46091	L	37	 	L	86	 
1	46093	L	86	 	L	37	 
1	279	L	38	 	L	39	 
1	87	L	39	 	L	38	 
1	19	L	38	 	L	40	 
1	21	L	40	 	L	38	 
1	260	L	38	 	L	42	 
1	66	L	42	 	L	38	 
1	36877	L	38	 	L	44	 
1	36875	L	44	 	L	38	 
1	3	L	38	 	L	84	 
1	5	L	84	 	L	38	 
1	95	L	38	 	L	85	 
1	287	L	85	 	L	38	 
1	1	L	38	 	L	86	 
1	1	L	86	 	L	38	 
1	46088	L	38	 	L	87	 
1	46088	L	87	 	L	38	 
1	31	L	39	 	L	40	 
1	31	L	40	 	L	39	 
1	17	L	39	 	L	41	 
1	17	L	41	 	L	39	 
1	91	L	39	 	L	42	 
1	285	L	42	 	L	39	 
1	10	L	39	 	L	84	 
1	12	L	84	 	L	39	 
1	21	L	40	 	L	41	 
1	19	L	41	 	L	40	 
1	83	L	40	 	L	42	 
1	277	L	42	 	L	40	 
1	83	L	41	 	L	42	 
1	277	L	42	 	L	41	 
1	19	L	42	 	L	44	 
1	21	L	44	 	L	42	 
1	31	L	47	 	L	48	 
1	31	L	48	 	L	47	 
1	8	L	47	 	L	62	 
1	8	L	62	 	L	47	 
1	8	L	47	 	L	73	 
1	8	L	73	 	L	47	 
1	9224	L	47	 	L	86	 
1	9224	L	86	 	L	47	 
1	8	L	48	 	L	62	 
1	8	L	62	 	L	48	 
1	36876	L	48	 	L	73	 
1	36874	L	73	 	L	48	 
1	8	L	62	 	L	73	 
1	8	L	73	 	L	62	 
1	36872	L	62	 	L	86	 
1	36872	L	86	 	L	62	 
1	8	L	73	 	L	86	 
1	8	L	86	 	L	73	 
1	87	L	84	 	L	85	 
1	279	L	85	 	L	84	 
1	36955	L	84	 	L	86	 
1	37149	L	86	 	L	84	 
1	1	L	84	 	L	102	 
1	1	L	102	 	L	84	 
1	19	L	84	 	L	103	 
1	21	L	103	 	L	84	 
1	19	L	84	 	L	104	 
1	21	L	104	 	L	84	 
1	279	L	85	 	L	86	 
1	87	L	86	 	L	85	 
1	36891	L	85	 	L	87	 
1	36893	L	87	 	L	85	 
1	4	L	85	 	L	101	 
1	2	L	101	 	L	85	 
1	277	L	85	 	L	102	 
1	83	L	102	 	L	85	 
1	271	L	85	 	L	103	 
1	79	L	103	 	L	85	 
1	1	L	85	 	L	104	 
1	1	L	104	 	L	85	 
1	23	L	86	 	L	87	 
1	23	L	87	 	L	86	 
1	17	L	86	 	L	88	 
1	17	L	88	 	L	86	 
1	17	L	86	 	L	101	 
1	17	L	101	 	L	86	 
1	95	L	86	 	L	102	 
1	287	L	102	 	L	86	 
1	1	L	86	 	L	103	 
1	1	L	103	 	L	86	 
1	36872	L	86	 	L	104	 
1	36872	L	104	 	L	86	 
1	23	L	87	 	L	88	 
1	23	L	88	 	L	87	 
1	17	L	87	 	L	89	 
1	17	L	89	 	L	87	 
1	8	L	87	 	L	98	 
1	8	L	98	 	L	87	 
1	4	L	87	 	L	99	 
1	2	L	99	 	L	87	 
1	4	L	87	 	L	100	 
1	2	L	100	 	L	87	 
1	5	L	87	 	L	101	 
1	3	L	101	 	L	87	 
1	279	L	88	 	L	89	 
1	87	L	89	 	L	88	 
1	17	L	88	 	L	90	 
1	17	L	90	 	L	88	 
1	1	L	88	 	L	97	 
1	1	L	97	 	L	88	 
1	19	L	88	 	L	98	 
1	21	L	98	 	L	88	 
1	277	L	88	 	L	99	 
1	83	L	99	 	L	88	 
1	279	L	89	 	L	90	 
1	87	L	90	 	L	89	 
1	285	L	89	 	L	91	 
1	91	L	91	 	L	89	 
1	277	L	89	 	L	97	 
1	83	L	97	 	L	89	 
1	37135	L	89	 	L	98	 
1	36943	L	98	 	L	89	 
1	279	L	90	 	L	91	 
1	87	L	91	 	L	90	 
1	46431	L	90	 	L	97	 
1	46431	L	97	 	L	90	 
1	279	L	97	 	L	98	 
1	87	L	98	 	L	97	 
1	17	L	97	 	L	99	 
1	17	L	99	 	L	97	 
1	21	L	98	 	L	99	 
1	19	L	99	 	L	98	 
1	17	L	98	 	L	100	 
1	17	L	100	 	L	98	 
1	17	L	99	 	L	100	 
1	17	L	100	 	L	99	 
1	17	L	99	 	L	101	 
1	17	L	101	 	L	99	 
1	17	L	100	 	L	101	 
1	17	L	101	 	L	100	 
1	17	L	100	 	L	102	 
1	17	L	102	 	L	100	 
1	83	L	101	 	L	102	 
1	277	L	102	 	L	101	 
1	17	L	101	 	L	103	 
1	17	L	103	 	L	101	 
1	279	L	102	 	L	103	 
1	87	L	103	 	L	102	 
1	23	L	102	 	L	104	 
1	23	L	104	 	L	102	 
1	23	L	103	 	L	104	 
1	23	L	104	 	L	103	 
1	17	L	62	 	L	60	 
1	17	L	60	 	L	62	 
1	23	L	19	 	L	18	 
1	23	L	18	 	L	19	 
1	17	L	19	 	L	76	 
1	17	L	76	 	L	19	 
1	46105	L	20	 	L	18	 
1	46105	L	18	 	L	20	 
1	1	L	62	 	L	76	 
1	1	L	76	 	L	62	 
1	8	L	47	 	L	59	 
1	8	L	59	 	L	47	 
1	29	L	62	 	L	59	 
1	27	L	59	 	L	62	 
1	1	L	10	 	L	12	 
1	1	L	12	 	L	10	 
1	36872	L	10	 	L	105	 
1	36872	L	105	 	L	10	 
1	36872	L	10	 	L	142	 
1	36872	L	142	 	L	10	 
1	87	L	11	 	L	12	 
1	279	L	12	 	L	11	 
1	17	L	11	 	L	13	 
1	17	L	13	 	L	11	 
1	19	L	11	 	L	105	 
1	21	L	105	 	L	11	 
1	36876	L	19	 	L	13	 
1	36874	L	13	 	L	19	 
1	21	L	19	 	L	17	 
1	19	L	17	 	L	19	 
1	36895	L	19	 	L	75	 
1	36895	L	75	 	L	19	 
1	8	L	19	 	L	78	 
1	8	L	78	 	L	19	 
1	1	L	20	 	L	75	 
1	1	L	75	 	L	20	 
1	260	L	37	 	L	81	 
1	66	L	81	 	L	37	 
1	260	L	37	 	L	82	 
1	66	L	82	 	L	37	 
1	55564	L	39	 	L	81	 
1	55370	L	81	 	L	39	 
1	4	L	39	 	L	82	 
1	2	L	82	 	L	39	 
1	260	L	39	 	L	83	 
1	66	L	83	 	L	39	 
1	36872	L	40	 	L	165	 
1	36872	L	165	 	L	40	 
1	36895	L	62	 	L	61	 
1	36895	L	61	 	L	62	 
1	36877	L	62	 	L	75	 
1	36875	L	75	 	L	62	 
1	36876	L	62	 	L	82	 
1	36874	L	82	 	L	62	 
1	36893	L	73	 	L	75	 
1	36891	L	75	 	L	73	 
1	21	L	84	 	L	82	 
1	19	L	82	 	L	84	 
1	23	L	84	 	L	83	 
1	23	L	83	 	L	84	 
1	1	L	85	 	L	83	 
1	1	L	83	 	L	85	 
1	36872	L	86	 	L	75	 
1	36872	L	75	 	L	86	 
1	46348	L	86	 	L	82	 
1	46154	L	82	 	L	86	 
1	260	L	86	 	L	83	 
1	66	L	83	 	L	86	 
1	55323	L	103	 	L	105	 
1	55325	L	105	 	L	103	 
1	36872	L	103	 	L	142	 
1	36872	L	142	 	L	103	 
1	55304	L	103	 	L	165	 
1	55304	L	165	 	L	103	 
1	36876	L	104	 	L	13	 
1	36874	L	13	 	L	104	 
1	36872	L	104	 	L	75	 
1	36872	L	75	 	L	104	 
1	36872	L	104	 	L	78	 
1	36872	L	78	 	L	104	 
1	13	L	104	 	L	82	 
1	11	L	82	 	L	104	 
1	23	L	104	 	L	83	 
1	23	L	83	 	L	104	 
1	23	L	104	 	L	105	 
1	23	L	105	 	L	104	 
1	17	L	104	 	L	106	 
1	17	L	106	 	L	104	 
1	87	L	160	 	L	161	 
1	279	L	161	 	L	160	 
1	21	L	160	 	L	158	 
1	19	L	158	 	L	160	 
1	23	L	160	 	L	159	 
1	23	L	159	 	L	160	 
1	37149	L	161	 	L	159	 
1	36955	L	159	 	L	161	 
1	17	L	160	 	L	162	 
1	17	L	162	 	L	160	 
1	1	L	160	 	L	176	 
1	1	L	176	 	L	160	 
1	83	L	160	 	L	177	 
1	277	L	177	 	L	160	 
1	87	L	160	 	L	178	 
1	279	L	178	 	L	160	 
1	87	L	161	 	L	162	 
1	279	L	162	 	L	161	 
1	36891	L	161	 	L	163	 
1	36893	L	163	 	L	161	 
1	36874	L	161	 	L	175	 
1	36876	L	175	 	L	161	 
1	21	L	161	 	L	176	 
1	19	L	176	 	L	161	 
1	46349	L	161	 	L	177	 
1	46155	L	177	 	L	161	 
1	260	L	161	 	L	178	 
1	66	L	178	 	L	161	 
1	36872	L	161	 	L	146	 
1	36872	L	146	 	L	161	 
1	23	L	155	 	L	156	 
1	23	L	156	 	L	155	 
1	9503	L	155	 	L	157	 
1	9311	L	157	 	L	155	 
1	2	L	155	 	L	159	 
1	4	L	159	 	L	155	 
1	36872	L	155	 	L	181	 
1	36872	L	181	 	L	155	 
1	64520	L	155	 	L	185	 
1	64520	L	185	 	L	155	 
1	95	L	156	 	L	157	 
1	287	L	157	 	L	156	 
1	17	L	156	 	L	158	 
1	17	L	158	 	L	156	 
1	19	L	156	 	L	159	 
1	21	L	159	 	L	156	 
1	277	L	157	 	L	158	 
1	83	L	158	 	L	157	 
1	19	L	157	 	L	159	 
1	21	L	159	 	L	157	 
1	19	L	158	 	L	159	 
1	21	L	159	 	L	158	 
1	83	L	158	 	L	180	 
1	277	L	180	 	L	158	 
1	279	L	180	 	L	181	 
1	87	L	181	 	L	180	 
1	17	L	180	 	L	182	 
1	17	L	182	 	L	180	 
1	23	L	181	 	L	182	 
1	23	L	182	 	L	181	 
1	36878	L	181	 	L	185	 
1	36878	L	185	 	L	181	 
1	46431	L	182	 	L	185	 
1	46431	L	185	 	L	182	 
1	1	L	182	 	L	128	 
1	1	L	128	 	L	182	 
1	17	L	181	 	L	183	 
1	17	L	183	 	L	181	 
1	46367	L	182	 	L	183	 
1	46175	L	183	 	L	182	 
1	17	L	185	 	L	183	 
1	17	L	183	 	L	185	 
1	1	L	158	 	L	178	 
1	1	L	178	 	L	158	 
1	36872	L	159	 	L	177	 
1	36872	L	177	 	L	159	 
1	21	L	159	 	L	178	 
1	19	L	178	 	L	159	 
1	36943	L	180	 	L	131	 
1	37135	L	131	 	L	180	 
1	37151	L	180	 	L	178	 
1	36959	L	178	 	L	180	 
1	1	L	181	 	L	129	 
1	1	L	129	 	L	181	 
1	17	L	181	 	L	131	 
1	17	L	131	 	L	181	 
1	1	L	182	 	L	129	 
1	1	L	129	 	L	182	 
1	31	L	155	 	L	148	 
1	31	L	148	 	L	155	 
1	1	L	155	 	L	149	 
1	1	L	149	 	L	155	 
1	36877	L	155	 	L	150	 
1	36875	L	150	 	L	155	 
1	21	L	155	 	L	153	 
1	19	L	153	 	L	155	 
1	23	L	155	 	L	154	 
1	23	L	154	 	L	155	 
1	8	L	155	 	L	179	 
1	8	L	179	 	L	155	 
1	8	L	155	 	L	189	 
1	8	L	189	 	L	155	 
1	46088	L	156	 	L	147	 
1	46088	L	147	 	L	156	 
1	36889	L	156	 	L	154	 
1	36889	L	154	 	L	156	 
1	2	L	157	 	L	179	 
1	4	L	179	 	L	157	 
1	19	L	158	 	L	179	 
1	21	L	179	 	L	158	 
1	8	L	159	 	L	148	 
1	8	L	148	 	L	159	 
1	36877	L	159	 	L	179	 
1	36875	L	179	 	L	159	 
1	21	L	180	 	L	130	 
1	19	L	130	 	L	180	 
1	1	L	180	 	L	132	 
1	1	L	132	 	L	180	 
1	279	L	180	 	L	179	 
1	87	L	179	 	L	180	 
1	23	L	181	 	L	130	 
1	23	L	130	 	L	181	 
1	36872	L	181	 	L	132	 
1	36872	L	132	 	L	181	 
1	36872	L	181	 	L	150	 
1	36872	L	150	 	L	181	 
1	36895	L	181	 	L	179	 
1	36895	L	179	 	L	181	 
1	12	L	181	 	L	186	 
1	10	L	186	 	L	181	 
1	36872	L	181	 	L	192	 
1	36872	L	192	 	L	181	 
1	19	L	182	 	L	130	 
1	21	L	130	 	L	182	 
1	19	L	182	 	L	186	 
1	21	L	186	 	L	182	 
1	23	L	185	 	L	186	 
1	23	L	186	 	L	185	 
1	27	L	185	 	L	188	 
1	29	L	188	 	L	185	 
1	83	L	185	 	L	189	 
1	277	L	189	 	L	185	 
1	66	L	185	 	L	192	 
1	260	L	192	 	L	185	 
1	46365	L	182	 	L	184	 
1	46171	L	184	 	L	182	 
1	87	L	185	 	L	184	 
1	279	L	184	 	L	185	 
1	17	L	185	 	L	187	 
1	17	L	187	 	L	185	 
1	19	L	128	 	L	183	 
1	21	L	183	 	L	128	 
1	17	L	128	 	L	124	 
1	17	L	124	 	L	128	 
1	17	L	128	 	L	129	 
1	17	L	129	 	L	128	 
1	17	L	128	 	L	130	 
1	17	L	130	 	L	128	 
1	17	L	128	 	L	125	 
1	17	L	125	 	L	128	 
1	17	L	128	 	L	126	 
1	17	L	126	 	L	128	 
1	83	L	128	 	L	127	 
1	277	L	127	 	L	128	 
1	21	L	183	 	L	129	 
1	19	L	129	 	L	183	 
1	3	L	183	 	L	130	 
1	5	L	130	 	L	183	 
1	19	L	183	 	L	186	 
1	21	L	186	 	L	183	 
1	55327	L	183	 	L	184	 
1	55327	L	184	 	L	183	 
1	19	L	183	 	L	187	 
1	21	L	187	 	L	183	 
1	23	L	60	 	L	59	 
1	23	L	59	 	L	60	 
1	23	L	60	 	L	61	 
1	23	L	61	 	L	60	 
1	21	L	18	 	L	76	 
1	19	L	76	 	L	18	 
1	17	L	18	 	L	16	 
1	17	L	16	 	L	18	 
1	87	L	18	 	L	17	 
1	279	L	17	 	L	18	 
1	21	L	18	 	L	75	 
1	19	L	75	 	L	18	 
1	1	L	18	 	L	77	 
1	1	L	77	 	L	18	 
1	1	L	18	 	L	78	 
1	1	L	78	 	L	18	 
1	1	L	76	 	L	16	 
1	1	L	16	 	L	76	 
1	1	L	76	 	L	17	 
1	1	L	17	 	L	76	 
1	287	L	76	 	L	61	 
1	95	L	61	 	L	76	 
1	279	L	76	 	L	75	 
1	87	L	75	 	L	76	 
1	351	L	76	 	L	77	 
1	351	L	77	 	L	76	 
1	17	L	76	 	L	78	 
1	17	L	78	 	L	76	 
1	36895	L	59	 	L	61	 
1	36895	L	61	 	L	59	 
1	279	L	12	 	L	13	 
1	87	L	13	 	L	12	 
1	17	L	12	 	L	14	 
1	17	L	14	 	L	12	 
1	2	L	12	 	L	17	 
1	4	L	17	 	L	12	 
1	287	L	12	 	L	105	 
1	95	L	105	 	L	12	 
1	261	L	12	 	L	106	 
1	67	L	106	 	L	12	 
1	79	L	12	 	L	107	 
1	271	L	107	 	L	12	 
1	46088	L	12	 	L	140	 
1	46088	L	140	 	L	12	 
1	87	L	13	 	L	14	 
1	279	L	14	 	L	13	 
1	17	L	13	 	L	15	 
1	17	L	15	 	L	13	 
1	36874	L	13	 	L	17	 
1	36876	L	17	 	L	13	 
1	36874	L	13	 	L	78	 
1	36876	L	78	 	L	13	 
1	21	L	13	 	L	105	 
1	19	L	105	 	L	13	 
1	19	L	13	 	L	106	 
1	21	L	106	 	L	13	 
1	19	L	13	 	L	107	 
1	21	L	107	 	L	13	 
1	279	L	14	 	L	15	 
1	87	L	15	 	L	14	 
1	17	L	14	 	L	16	 
1	17	L	16	 	L	14	 
1	46171	L	14	 	L	17	 
1	46365	L	17	 	L	14	 
1	3	L	14	 	L	78	 
1	5	L	78	 	L	14	 
1	46367	L	14	 	L	107	 
1	46175	L	107	 	L	14	 
1	21	L	15	 	L	16	 
1	19	L	16	 	L	15	 
1	19	L	15	 	L	17	 
1	21	L	17	 	L	15	 
1	31	L	15	 	L	78	 
1	31	L	78	 	L	15	 
1	12	L	15	 	L	79	 
1	10	L	79	 	L	15	 
1	36876	L	15	 	L	80	 
1	36874	L	80	 	L	15	 
1	17	L	15	 	L	107	 
1	17	L	107	 	L	15	 
1	19	L	16	 	L	17	 
1	21	L	17	 	L	16	 
1	67	L	16	 	L	77	 
1	261	L	77	 	L	16	 
1	19	L	16	 	L	78	 
1	21	L	78	 	L	16	 
1	1	L	16	 	L	79	 
1	1	L	79	 	L	16	 
1	1	L	17	 	L	75	 
1	1	L	75	 	L	17	 
1	83	L	17	 	L	77	 
1	277	L	77	 	L	17	 
1	27	L	17	 	L	78	 
1	29	L	78	 	L	17	 
1	55304	L	17	 	L	107	 
1	55304	L	107	 	L	17	 
1	27	L	61	 	L	75	 
1	29	L	75	 	L	61	 
1	285	L	61	 	L	77	 
1	91	L	77	 	L	61	 
1	4	L	61	 	L	78	 
1	2	L	78	 	L	61	 
1	64524	L	61	 	L	79	 
1	64522	L	79	 	L	61	 
1	64520	L	61	 	L	82	 
1	64520	L	82	 	L	61	 
1	21	L	75	 	L	77	 
1	19	L	77	 	L	75	 
1	29	L	75	 	L	78	 
1	27	L	78	 	L	75	 
1	36872	L	75	 	L	82	 
1	36872	L	82	 	L	75	 
1	279	L	77	 	L	78	 
1	87	L	78	 	L	77	 
1	19	L	77	 	L	79	 
1	21	L	79	 	L	77	 
1	2	L	77	 	L	82	 
1	4	L	82	 	L	77	 
1	23	L	78	 	L	79	 
1	23	L	79	 	L	78	 
1	17	L	78	 	L	80	 
1	17	L	80	 	L	78	 
1	78	L	78	 	L	82	 
1	270	L	82	 	L	78	 
1	36876	L	78	 	L	83	 
1	36874	L	83	 	L	78	 
1	4	L	78	 	L	105	 
1	2	L	105	 	L	78	 
1	36876	L	78	 	L	106	 
1	36874	L	106	 	L	78	 
1	23	L	79	 	L	80	 
1	23	L	80	 	L	79	 
1	21	L	79	 	L	81	 
1	19	L	81	 	L	79	 
1	91	L	79	 	L	82	 
1	285	L	82	 	L	79	 
1	17	L	79	 	L	83	 
1	17	L	83	 	L	79	 
1	23	L	80	 	L	81	 
1	23	L	81	 	L	80	 
1	19	L	80	 	L	82	 
1	21	L	82	 	L	80	 
1	19	L	80	 	L	83	 
1	21	L	83	 	L	80	 
1	36874	L	80	 	L	106	 
1	36876	L	106	 	L	80	 
1	23	L	81	 	L	82	 
1	23	L	82	 	L	81	 
1	19	L	81	 	L	83	 
1	21	L	83	 	L	81	 
1	23	L	82	 	L	83	 
1	23	L	83	 	L	82	 
1	4	L	83	 	L	105	 
1	2	L	105	 	L	83	 
1	36876	L	83	 	L	106	 
1	36874	L	106	 	L	83	 
1	23	L	105	 	L	106	 
1	23	L	106	 	L	105	 
1	17	L	105	 	L	107	 
1	17	L	107	 	L	105	 
1	55304	L	105	 	L	142	 
1	55304	L	142	 	L	105	 
1	36938	L	105	 	L	166	 
1	37132	L	166	 	L	105	 
1	46090	L	105	 	L	173	 
1	46092	L	173	 	L	105	 
1	23	L	106	 	L	107	 
1	23	L	107	 	L	106	 
1	23	L	106	 	L	108	 
1	23	L	108	 	L	106	 
1	66	L	106	 	L	140	 
1	260	L	140	 	L	106	 
1	36938	L	106	 	L	166	 
1	37132	L	166	 	L	106	 
1	36875	L	106	 	L	171	 
1	36877	L	171	 	L	106	 
1	23	L	107	 	L	108	 
1	23	L	108	 	L	107	 
1	17	L	107	 	L	109	 
1	17	L	109	 	L	107	 
1	74	L	107	 	L	140	 
1	268	L	140	 	L	107	 
1	279	L	108	 	L	109	 
1	87	L	109	 	L	108	 
1	279	L	108	 	L	110	 
1	87	L	110	 	L	108	 
1	36876	L	108	 	L	111	 
1	36874	L	111	 	L	108	 
1	74	L	108	 	L	140	 
1	268	L	140	 	L	108	 
1	268	L	108	 	L	170	 
1	74	L	170	 	L	108	 
1	268	L	108	 	L	171	 
1	74	L	171	 	L	108	 
1	36876	L	108	 	L	172	 
1	36874	L	172	 	L	108	 
1	23	L	109	 	L	110	 
1	23	L	110	 	L	109	 
1	19	L	109	 	L	111	 
1	21	L	111	 	L	109	 
1	2	L	109	 	L	140	 
1	4	L	140	 	L	109	 
1	279	L	110	 	L	111	 
1	87	L	111	 	L	110	 
1	17	L	110	 	L	112	 
1	17	L	112	 	L	110	 
1	31	L	110	 	L	140	 
1	31	L	140	 	L	110	 
1	37135	L	110	 	L	141	 
1	36943	L	141	 	L	110	 
1	23	L	111	 	L	112	 
1	23	L	112	 	L	111	 
1	19	L	111	 	L	113	 
1	21	L	113	 	L	111	 
1	5	L	111	 	L	138	 
1	3	L	138	 	L	111	 
1	23	L	111	 	L	139	 
1	23	L	139	 	L	111	 
1	31	L	111	 	L	140	 
1	31	L	140	 	L	111	 
1	36895	L	112	 	L	113	 
1	36895	L	113	 	L	112	 
1	1	L	112	 	L	138	 
1	1	L	138	 	L	112	 
1	19	L	112	 	L	139	 
1	21	L	139	 	L	112	 
1	17	L	113	 	L	138	 
1	17	L	138	 	L	113	 
1	11	L	113	 	L	139	 
1	13	L	139	 	L	113	 
1	23	L	138	 	L	139	 
1	23	L	139	 	L	138	 
1	17	L	138	 	L	140	 
1	17	L	140	 	L	138	 
1	46088	L	138	 	L	167	 
1	46088	L	167	 	L	138	 
1	46088	L	138	 	L	170	 
1	46088	L	170	 	L	138	 
1	46154	L	138	 	L	172	 
1	46348	L	172	 	L	138	 
1	21	L	138	 	L	173	 
1	19	L	173	 	L	138	 
1	23	L	139	 	L	140	 
1	23	L	140	 	L	139	 
1	5	L	139	 	L	141	 
1	3	L	141	 	L	139	 
1	4	L	139	 	L	142	 
1	2	L	142	 	L	139	 
1	83	L	139	 	L	172	 
1	277	L	172	 	L	139	 
1	31	L	139	 	L	173	 
1	31	L	173	 	L	139	 
1	31	L	140	 	L	141	 
1	31	L	141	 	L	140	 
1	5	L	140	 	L	142	 
1	3	L	142	 	L	140	 
1	46088	L	140	 	L	166	 
1	46088	L	166	 	L	140	 
1	4	L	140	 	L	171	 
1	2	L	171	 	L	140	 
1	12	L	140	 	L	172	 
1	10	L	172	 	L	140	 
1	10	L	140	 	L	173	 
1	12	L	173	 	L	140	 
1	23	L	141	 	L	142	 
1	23	L	142	 	L	141	 
1	2	L	141	 	L	173	 
1	4	L	173	 	L	141	 
1	46090	L	142	 	L	173	 
1	46092	L	173	 	L	142	 
1	279	L	164	 	L	165	 
1	87	L	165	 	L	164	 
1	17	L	164	 	L	166	 
1	17	L	166	 	L	164	 
1	6	L	164	 	L	173	 
1	6	L	173	 	L	164	 
1	279	L	165	 	L	166	 
1	87	L	166	 	L	165	 
1	19	L	165	 	L	167	 
1	21	L	167	 	L	165	 
1	1	L	165	 	L	172	 
1	1	L	172	 	L	165	 
1	3	L	165	 	L	173	 
1	5	L	173	 	L	165	 
1	23	L	166	 	L	167	 
1	23	L	167	 	L	166	 
1	17	L	166	 	L	168	 
1	17	L	168	 	L	166	 
1	46349	L	166	 	L	171	 
1	46155	L	171	 	L	166	 
1	21	L	166	 	L	172	 
1	19	L	172	 	L	166	 
1	46154	L	166	 	L	173	 
1	46348	L	173	 	L	166	 
1	46431	L	167	 	L	168	 
1	46431	L	168	 	L	167	 
1	55581	L	167	 	L	169	 
1	55387	L	169	 	L	167	 
1	37215	L	167	 	L	170	 
1	37215	L	170	 	L	167	 
1	343	L	167	 	L	171	 
1	343	L	171	 	L	167	 
1	46365	L	167	 	L	172	 
1	46171	L	172	 	L	167	 
1	1	L	167	 	L	173	 
1	1	L	173	 	L	167	 
1	287	L	168	 	L	169	 
1	95	L	169	 	L	168	 
1	17	L	168	 	L	170	 
1	17	L	170	 	L	168	 
1	83	L	168	 	L	171	 
1	277	L	171	 	L	168	 
1	31	L	169	 	L	170	 
1	31	L	170	 	L	169	 
1	83	L	169	 	L	171	 
1	277	L	171	 	L	169	 
1	343	L	170	 	L	171	 
1	343	L	171	 	L	170	 
1	46431	L	170	 	L	172	 
1	46431	L	172	 	L	170	 
1	343	L	171	 	L	172	 
1	343	L	172	 	L	171	 
1	19	L	171	 	L	173	 
1	21	L	173	 	L	171	 
1	279	L	172	 	L	173	 
1	87	L	173	 	L	172	 
1	55304	L	110	 	L	199	 
1	55304	L	199	 	L	110	 
1	10	L	110	 	L	200	 
1	12	L	200	 	L	110	 
1	66	L	111	 	L	198	 
1	260	L	198	 	L	111	 
1	66	L	111	 	L	200	 
1	260	L	200	 	L	111	 
1	2	L	112	 	L	198	 
1	4	L	198	 	L	112	 
1	36938	L	112	 	L	200	 
1	37132	L	200	 	L	112	 
1	36872	L	113	 	L	144	 
1	36872	L	144	 	L	113	 
1	36938	L	113	 	L	198	 
1	37132	L	198	 	L	113	 
1	36938	L	113	 	L	200	 
1	37132	L	200	 	L	113	 
1	36872	L	139	 	L	144	 
1	36872	L	144	 	L	139	 
1	10	L	139	 	L	198	 
1	12	L	198	 	L	139	 
1	66	L	140	 	L	198	 
1	260	L	198	 	L	140	 
1	2	L	140	 	L	200	 
1	4	L	200	 	L	140	 
1	36895	L	141	 	L	143	 
1	36895	L	143	 	L	141	 
1	36938	L	141	 	L	198	 
1	37132	L	198	 	L	141	 
1	36872	L	141	 	L	199	 
1	36872	L	199	 	L	141	 
1	95	L	142	 	L	143	 
1	287	L	143	 	L	142	 
1	19	L	142	 	L	144	 
1	21	L	144	 	L	142	 
1	2	L	142	 	L	198	 
1	4	L	198	 	L	142	 
1	83	L	112	 	L	114	 
1	277	L	114	 	L	112	 
1	1	L	112	 	L	137	 
1	1	L	137	 	L	112	 
1	87	L	113	 	L	114	 
1	279	L	114	 	L	113	 
1	12	L	113	 	L	136	 
1	10	L	136	 	L	113	 
1	21	L	113	 	L	137	 
1	19	L	137	 	L	113	 
1	83	L	138	 	L	114	 
1	277	L	114	 	L	138	 
1	17	L	138	 	L	136	 
1	17	L	136	 	L	138	 
1	31	L	138	 	L	137	 
1	31	L	137	 	L	138	 
1	46155	L	138	 	L	174	 
1	46349	L	174	 	L	138	 
1	12	L	139	 	L	136	 
1	10	L	136	 	L	139	 
1	21	L	139	 	L	137	 
1	19	L	137	 	L	139	 
1	4	L	139	 	L	174	 
1	2	L	174	 	L	139	 
1	12	L	139	 	L	175	 
1	10	L	175	 	L	139	 
1	66	L	142	 	L	163	 
1	260	L	163	 	L	142	 
1	17	L	164	 	L	162	 
1	17	L	162	 	L	164	 
1	279	L	164	 	L	163	 
1	87	L	163	 	L	164	 
1	46365	L	164	 	L	174	 
1	46171	L	174	 	L	164	 
1	17	L	165	 	L	163	 
1	17	L	163	 	L	165	 
1	46105	L	172	 	L	174	 
1	46105	L	174	 	L	172	 
1	1	L	173	 	L	136	 
1	1	L	136	 	L	173	 
1	1	L	173	 	L	137	 
1	1	L	137	 	L	173	 
1	87	L	173	 	L	174	 
1	279	L	174	 	L	173	 
1	17	L	173	 	L	175	 
1	17	L	175	 	L	173	 
1	36872	L	112	 	L	205	 
1	36872	L	205	 	L	112	 
1	27	L	113	 	L	115	 
1	29	L	115	 	L	113	 
1	36874	L	113	 	L	205	 
1	36876	L	205	 	L	113	 
1	23	L	143	 	L	144	 
1	23	L	144	 	L	143	 
1	1	L	143	 	L	145	 
1	1	L	145	 	L	143	 
1	1	L	143	 	L	197	 
1	1	L	197	 	L	143	 
1	67	L	143	 	L	198	 
1	261	L	198	 	L	143	 
1	17	L	143	 	L	199	 
1	17	L	199	 	L	143	 
1	87	L	144	 	L	145	 
1	279	L	145	 	L	144	 
1	5	L	144	 	L	197	 
1	3	L	197	 	L	144	 
1	14	L	144	 	L	198	 
1	14	L	198	 	L	144	 
1	46175	L	145	 	L	197	 
1	46367	L	197	 	L	145	 
1	279	L	197	 	L	198	 
1	87	L	198	 	L	197	 
1	17	L	197	 	L	199	 
1	17	L	199	 	L	197	 
1	4	L	197	 	L	202	 
1	2	L	202	 	L	197	 
1	36879	L	197	 	L	204	 
1	36879	L	204	 	L	197	 
1	287	L	198	 	L	199	 
1	95	L	199	 	L	198	 
1	46431	L	198	 	L	200	 
1	46431	L	200	 	L	198	 
1	19	L	198	 	L	201	 
1	21	L	201	 	L	198	 
1	17	L	198	 	L	202	 
1	17	L	202	 	L	198	 
1	95	L	199	 	L	200	 
1	287	L	200	 	L	199	 
1	17	L	199	 	L	201	 
1	17	L	201	 	L	199	 
1	351	L	200	 	L	201	 
1	351	L	201	 	L	200	 
1	17	L	200	 	L	202	 
1	17	L	202	 	L	200	 
1	37151	L	201	 	L	202	 
1	36959	L	202	 	L	201	 
1	46367	L	201	 	L	203	 
1	46175	L	203	 	L	201	 
1	17	L	201	 	L	204	 
1	17	L	204	 	L	201	 
1	37215	L	202	 	L	203	 
1	37215	L	203	 	L	202	 
1	19	L	202	 	L	204	 
1	21	L	204	 	L	202	 
1	287	L	203	 	L	204	 
1	95	L	204	 	L	203	 
1	36872	L	144	 	L	136	 
1	36872	L	136	 	L	144	 
1	8	L	144	 	L	163	 
1	8	L	163	 	L	144	 
1	8	L	144	 	L	175	 
1	8	L	175	 	L	144	 
1	36889	L	144	 	L	146	 
1	36889	L	146	 	L	144	 
1	36876	L	144	 	L	196	 
1	36874	L	196	 	L	144	 
1	279	L	145	 	L	146	 
1	87	L	146	 	L	145	 
1	46365	L	145	 	L	147	 
1	46171	L	147	 	L	145	 
1	1	L	145	 	L	195	 
1	1	L	195	 	L	145	 
1	19	L	145	 	L	196	 
1	21	L	196	 	L	145	 
1	285	L	197	 	L	195	 
1	91	L	195	 	L	197	 
1	279	L	197	 	L	196	 
1	87	L	196	 	L	197	 
1	17	L	198	 	L	196	 
1	17	L	196	 	L	198	 
1	19	L	203	 	L	205	 
1	21	L	205	 	L	203	 
1	36874	L	204	 	L	195	 
1	36876	L	195	 	L	204	 
1	5	L	204	 	L	196	 
1	3	L	196	 	L	204	 
1	23	L	204	 	L	205	 
1	23	L	205	 	L	204	 
1	27	L	204	 	L	206	 
1	29	L	206	 	L	204	 
1	83	L	114	 	L	116	 
1	277	L	116	 	L	114	 
1	1	L	114	 	L	135	 
1	1	L	135	 	L	114	 
1	19	L	114	 	L	136	 
1	21	L	136	 	L	114	 
1	279	L	114	 	L	137	 
1	87	L	137	 	L	114	 
1	36891	L	116	 	L	118	 
1	36893	L	118	 	L	116	 
1	1	L	116	 	L	133	 
1	1	L	133	 	L	116	 
1	83	L	116	 	L	134	 
1	277	L	134	 	L	116	 
1	287	L	116	 	L	135	 
1	95	L	135	 	L	116	 
1	46088	L	116	 	L	137	 
1	46088	L	137	 	L	116	 
1	1	L	118	 	L	131	 
1	1	L	131	 	L	118	 
1	31	L	118	 	L	133	 
1	31	L	133	 	L	118	 
1	1	L	118	 	L	134	 
1	1	L	134	 	L	118	 
1	12	L	118	 	L	135	 
1	10	L	135	 	L	118	 
1	95	L	121	 	L	124	 
1	287	L	124	 	L	121	 
1	277	L	124	 	L	129	 
1	83	L	129	 	L	124	 
1	46348	L	124	 	L	131	 
1	46154	L	131	 	L	124	 
1	17	L	129	 	L	131	 
1	17	L	131	 	L	129	 
1	27	L	131	 	L	133	 
1	29	L	133	 	L	131	 
1	36874	L	131	 	L	178	 
1	36876	L	178	 	L	131	 
1	87	L	133	 	L	134	 
1	279	L	134	 	L	133	 
1	36893	L	133	 	L	135	 
1	36891	L	135	 	L	133	 
1	36872	L	133	 	L	176	 
1	36872	L	176	 	L	133	 
1	21	L	133	 	L	177	 
1	19	L	177	 	L	133	 
1	36879	L	133	 	L	178	 
1	36879	L	178	 	L	133	 
1	279	L	134	 	L	135	 
1	87	L	135	 	L	134	 
1	36891	L	134	 	L	136	 
1	36893	L	136	 	L	134	 
1	1	L	134	 	L	175	 
1	1	L	175	 	L	134	 
1	83	L	134	 	L	176	 
1	277	L	176	 	L	134	 
1	31	L	134	 	L	177	 
1	31	L	177	 	L	134	 
1	23	L	135	 	L	136	 
1	23	L	136	 	L	135	 
1	31	L	135	 	L	137	 
1	31	L	137	 	L	135	 
1	21	L	135	 	L	175	 
1	19	L	175	 	L	135	 
1	13	L	135	 	L	176	 
1	11	L	176	 	L	135	 
1	87	L	136	 	L	137	 
1	279	L	137	 	L	136	 
1	83	L	136	 	L	174	 
1	277	L	174	 	L	136	 
1	31	L	136	 	L	175	 
1	31	L	175	 	L	136	 
1	4	L	136	 	L	177	 
1	2	L	177	 	L	136	 
1	46159	L	137	 	L	174	 
1	46351	L	174	 	L	137	 
1	277	L	137	 	L	175	 
1	83	L	175	 	L	137	 
1	279	L	162	 	L	163	 
1	87	L	163	 	L	162	 
1	1	L	162	 	L	174	 
1	1	L	174	 	L	162	 
1	19	L	162	 	L	175	 
1	21	L	175	 	L	162	 
1	95	L	162	 	L	176	 
1	287	L	176	 	L	162	 
1	21	L	163	 	L	174	 
1	19	L	174	 	L	163	 
1	36879	L	163	 	L	175	 
1	36879	L	175	 	L	163	 
1	279	L	174	 	L	175	 
1	87	L	175	 	L	174	 
1	17	L	174	 	L	176	 
1	17	L	176	 	L	174	 
1	87	L	175	 	L	176	 
1	279	L	176	 	L	175	 
1	29	L	175	 	L	177	 
1	27	L	177	 	L	175	 
1	343	L	176	 	L	177	 
1	343	L	177	 	L	176	 
1	46367	L	176	 	L	178	 
1	46175	L	178	 	L	176	 
1	343	L	177	 	L	178	 
1	343	L	178	 	L	177	 
1	279	L	114	 	L	115	 
1	87	L	115	 	L	114	 
1	279	L	116	 	L	115	 
1	87	L	115	 	L	116	 
1	279	L	116	 	L	117	 
1	87	L	117	 	L	116	 
1	2	L	116	 	L	207	 
1	4	L	207	 	L	116	 
1	23	L	118	 	L	117	 
1	23	L	117	 	L	118	 
1	31	L	118	 	L	119	 
1	31	L	119	 	L	118	 
1	19	L	118	 	L	120	 
1	21	L	120	 	L	118	 
1	19	L	118	 	L	132	 
1	21	L	132	 	L	118	 
1	2	L	118	 	L	209	 
1	4	L	209	 	L	118	 
1	277	L	121	 	L	119	 
1	83	L	119	 	L	121	 
1	279	L	121	 	L	120	 
1	87	L	120	 	L	121	 
1	268	L	124	 	L	120	 
1	74	L	120	 	L	124	 
1	277	L	124	 	L	130	 
1	83	L	130	 	L	124	 
1	2	L	129	 	L	120	 
1	4	L	120	 	L	129	 
1	19	L	129	 	L	130	 
1	21	L	130	 	L	129	 
1	1	L	131	 	L	119	 
1	1	L	119	 	L	131	 
1	19	L	131	 	L	120	 
1	21	L	120	 	L	131	 
1	279	L	131	 	L	130	 
1	87	L	130	 	L	131	 
1	279	L	131	 	L	132	 
1	87	L	132	 	L	131	 
1	277	L	131	 	L	179	 
1	83	L	179	 	L	131	 
1	19	L	133	 	L	117	 
1	21	L	117	 	L	133	 
1	23	L	133	 	L	132	 
1	23	L	132	 	L	133	 
1	2	L	133	 	L	148	 
1	4	L	148	 	L	133	 
1	1	L	133	 	L	179	 
1	1	L	179	 	L	133	 
1	36872	L	134	 	L	115	 
1	36872	L	115	 	L	134	 
1	271	L	134	 	L	117	 
1	79	L	117	 	L	134	 
1	17	L	134	 	L	132	 
1	17	L	132	 	L	134	 
1	10	L	134	 	L	148	 
1	12	L	148	 	L	134	 
1	46094	L	134	 	L	194	 
1	46094	L	194	 	L	134	 
1	19	L	135	 	L	115	 
1	21	L	115	 	L	135	 
1	1	L	135	 	L	117	 
1	1	L	117	 	L	135	 
1	36879	L	136	 	L	115	 
1	36879	L	115	 	L	136	 
1	36872	L	136	 	L	146	 
1	36872	L	146	 	L	136	 
1	36872	L	136	 	L	194	 
1	36872	L	194	 	L	136	 
1	36876	L	136	 	L	196	 
1	36874	L	196	 	L	136	 
1	1	L	137	 	L	115	 
1	1	L	115	 	L	137	 
1	36872	L	175	 	L	146	 
1	36872	L	146	 	L	175	 
1	1	L	177	 	L	132	 
1	1	L	132	 	L	177	 
1	36872	L	177	 	L	146	 
1	36872	L	146	 	L	177	 
1	9290	L	177	 	L	148	 
1	9484	L	148	 	L	177	 
1	17	L	177	 	L	179	 
1	17	L	179	 	L	177	 
1	277	L	178	 	L	132	 
1	83	L	132	 	L	178	 
1	2	L	178	 	L	148	 
1	4	L	148	 	L	178	 
1	279	L	178	 	L	179	 
1	87	L	179	 	L	178	 
1	279	L	121	 	L	122	 
1	87	L	122	 	L	121	 
1	31	L	121	 	L	123	 
1	31	L	123	 	L	121	 
1	19	L	121	 	L	125	 
1	21	L	125	 	L	121	 
1	17	L	121	 	L	126	 
1	17	L	126	 	L	121	 
1	17	L	124	 	L	122	 
1	17	L	122	 	L	124	 
1	23	L	124	 	L	123	 
1	23	L	123	 	L	124	 
1	23	L	124	 	L	125	 
1	23	L	125	 	L	124	 
1	17	L	124	 	L	126	 
1	17	L	126	 	L	124	 
1	91	L	124	 	L	127	 
1	285	L	127	 	L	124	 
1	19	L	129	 	L	125	 
1	21	L	125	 	L	129	 
1	83	L	129	 	L	127	 
1	277	L	127	 	L	129	 
1	21	L	115	 	L	117	 
1	19	L	117	 	L	115	 
1	36876	L	115	 	L	194	 
1	36874	L	194	 	L	115	 
1	36872	L	115	 	L	196	 
1	36872	L	196	 	L	115	 
1	36876	L	115	 	L	205	 
1	36874	L	205	 	L	115	 
1	74	L	115	 	L	207	 
1	268	L	207	 	L	115	 
1	19	L	117	 	L	119	 
1	21	L	119	 	L	117	 
1	36872	L	117	 	L	132	 
1	36872	L	132	 	L	117	 
1	36872	L	117	 	L	148	 
1	36872	L	148	 	L	117	 
1	12	L	117	 	L	192	 
1	10	L	192	 	L	117	 
1	4	L	117	 	L	193	 
1	2	L	193	 	L	117	 
1	12	L	117	 	L	194	 
1	10	L	194	 	L	117	 
1	14	L	117	 	L	207	 
1	14	L	207	 	L	117	 
1	4	L	117	 	L	208	 
1	2	L	208	 	L	117	 
1	36872	L	117	 	L	209	 
1	36872	L	209	 	L	117	 
1	31	L	119	 	L	120	 
1	31	L	120	 	L	119	 
1	3	L	119	 	L	132	 
1	5	L	132	 	L	119	 
1	10	L	119	 	L	186	 
1	12	L	186	 	L	119	 
1	36874	L	119	 	L	209	 
1	36876	L	209	 	L	119	 
1	36876	L	120	 	L	130	 
1	36874	L	130	 	L	120	 
1	13	L	120	 	L	132	 
1	11	L	132	 	L	120	 
1	36938	L	120	 	L	186	 
1	37132	L	186	 	L	120	 
1	8	L	120	 	L	209	 
1	8	L	209	 	L	120	 
1	19	L	130	 	L	132	 
1	21	L	132	 	L	130	 
1	1	L	130	 	L	179	 
1	1	L	179	 	L	130	 
1	14	L	130	 	L	186	 
1	14	L	186	 	L	130	 
1	36874	L	132	 	L	148	 
1	36876	L	148	 	L	132	 
1	36895	L	132	 	L	179	 
1	36895	L	179	 	L	132	 
1	8	L	132	 	L	186	 
1	8	L	186	 	L	132	 
1	8	L	132	 	L	192	 
1	8	L	192	 	L	132	 
1	36872	L	132	 	L	209	 
1	36872	L	209	 	L	132	 
1	87	L	146	 	L	147	 
1	279	L	147	 	L	146	 
1	25	L	146	 	L	148	 
1	25	L	148	 	L	146	 
1	36872	L	146	 	L	194	 
1	36872	L	194	 	L	146	 
1	21	L	146	 	L	195	 
1	19	L	195	 	L	146	 
1	36877	L	146	 	L	196	 
1	36875	L	196	 	L	146	 
1	23	L	147	 	L	148	 
1	23	L	148	 	L	147	 
1	25	L	147	 	L	149	 
1	25	L	149	 	L	147	 
1	55306	L	147	 	L	154	 
1	55308	L	154	 	L	147	 
1	1	L	147	 	L	193	 
1	1	L	193	 	L	147	 
1	19	L	147	 	L	194	 
1	21	L	194	 	L	147	 
1	31	L	147	 	L	195	 
1	31	L	195	 	L	147	 
1	23	L	148	 	L	149	 
1	23	L	149	 	L	148	 
1	17	L	148	 	L	150	 
1	17	L	150	 	L	148	 
1	1	L	148	 	L	153	 
1	1	L	153	 	L	148	 
1	19	L	148	 	L	154	 
1	21	L	154	 	L	148	 
1	36876	L	148	 	L	179	 
1	36874	L	179	 	L	148	 
1	21	L	148	 	L	193	 
1	19	L	193	 	L	148	 
1	12	L	148	 	L	194	 
1	10	L	194	 	L	148	 
1	23	L	149	 	L	150	 
1	23	L	150	 	L	149	 
1	17	L	149	 	L	151	 
1	17	L	151	 	L	149	 
1	21	L	149	 	L	152	 
1	19	L	152	 	L	149	 
1	1	L	149	 	L	153	 
1	1	L	153	 	L	149	 
1	55311	L	149	 	L	154	 
1	55311	L	154	 	L	149	 
1	1	L	149	 	L	191	 
1	1	L	191	 	L	149	 
1	17	L	149	 	L	192	 
1	17	L	192	 	L	149	 
1	95	L	149	 	L	193	 
1	287	L	193	 	L	149	 
1	55304	L	149	 	L	195	 
1	55304	L	195	 	L	149	 
1	31	L	150	 	L	151	 
1	31	L	151	 	L	150	 
1	17	L	150	 	L	152	 
1	17	L	152	 	L	150	 
1	87	L	150	 	L	153	 
1	279	L	153	 	L	150	 
1	1	L	150	 	L	154	 
1	1	L	154	 	L	150	 
1	36872	L	150	 	L	179	 
1	36872	L	179	 	L	150	 
1	74	L	150	 	L	189	 
1	268	L	189	 	L	150	 
1	21	L	150	 	L	191	 
1	19	L	191	 	L	150	 
1	36874	L	150	 	L	192	 
1	36876	L	192	 	L	150	 
1	21	L	151	 	L	152	 
1	19	L	152	 	L	151	 
1	95	L	151	 	L	153	 
1	287	L	153	 	L	151	 
1	4	L	151	 	L	188	 
1	2	L	188	 	L	151	 
1	46348	L	151	 	L	189	 
1	46154	L	189	 	L	151	 
1	37132	L	151	 	L	190	 
1	36938	L	190	 	L	151	 
1	46431	L	151	 	L	191	 
1	46431	L	191	 	L	151	 
1	83	L	152	 	L	153	 
1	277	L	153	 	L	152	 
1	17	L	152	 	L	154	 
1	17	L	154	 	L	152	 
1	279	L	153	 	L	154	 
1	87	L	154	 	L	153	 
1	8	L	179	 	L	192	 
1	8	L	192	 	L	179	 
1	19	L	186	 	L	188	 
1	21	L	188	 	L	186	 
1	83	L	186	 	L	189	 
1	277	L	189	 	L	186	 
1	17	L	186	 	L	190	 
1	17	L	190	 	L	186	 
1	74	L	186	 	L	192	 
1	268	L	192	 	L	186	 
1	36872	L	186	 	L	209	 
1	36872	L	209	 	L	186	 
1	269	L	186	 	L	211	 
1	75	L	211	 	L	186	 
1	95	L	188	 	L	189	 
1	287	L	189	 	L	188	 
1	17	L	188	 	L	190	 
1	17	L	190	 	L	188	 
1	23	L	189	 	L	190	 
1	23	L	190	 	L	189	 
1	21	L	189	 	L	191	 
1	19	L	191	 	L	189	 
1	9290	L	189	 	L	192	 
1	9484	L	192	 	L	189	 
1	1	L	189	 	L	211	 
1	1	L	211	 	L	189	 
1	46431	L	190	 	L	191	 
1	46431	L	191	 	L	190	 
1	19	L	190	 	L	192	 
1	21	L	192	 	L	190	 
1	1	L	190	 	L	209	 
1	1	L	209	 	L	190	 
1	36959	L	190	 	L	210	 
1	37151	L	210	 	L	190	 
1	31	L	190	 	L	211	 
1	31	L	211	 	L	190	 
1	279	L	191	 	L	192	 
1	87	L	192	 	L	191	 
1	83	L	191	 	L	193	 
1	277	L	193	 	L	191	 
1	17	L	191	 	L	209	 
1	17	L	209	 	L	191	 
1	46090	L	191	 	L	210	 
1	46092	L	210	 	L	191	 
1	87	L	192	 	L	193	 
1	279	L	193	 	L	192	 
1	17	L	192	 	L	194	 
1	17	L	194	 	L	192	 
1	1	L	192	 	L	207	 
1	1	L	207	 	L	192	 
1	83	L	192	 	L	208	 
1	277	L	208	 	L	192	 
1	31	L	192	 	L	209	 
1	31	L	209	 	L	192	 
1	4	L	192	 	L	211	 
1	2	L	211	 	L	192	 
1	279	L	193	 	L	194	 
1	87	L	194	 	L	193	 
1	36893	L	193	 	L	195	 
1	36891	L	195	 	L	193	 
1	36872	L	193	 	L	206	 
1	36872	L	206	 	L	193	 
1	277	L	193	 	L	207	 
1	83	L	207	 	L	193	 
1	46095	L	193	 	L	208	 
1	46095	L	208	 	L	193	 
1	279	L	194	 	L	195	 
1	87	L	195	 	L	194	 
1	17	L	194	 	L	196	 
1	17	L	196	 	L	194	 
1	1	L	194	 	L	205	 
1	1	L	205	 	L	194	 
1	19	L	194	 	L	206	 
1	21	L	206	 	L	194	 
1	31	L	194	 	L	207	 
1	31	L	207	 	L	194	 
1	1	L	194	 	L	208	 
1	1	L	208	 	L	194	 
1	23	L	195	 	L	196	 
1	23	L	196	 	L	195	 
1	21	L	195	 	L	205	 
1	19	L	205	 	L	195	 
1	36875	L	195	 	L	206	 
1	36877	L	206	 	L	195	 
1	31	L	196	 	L	205	 
1	31	L	205	 	L	196	 
1	23	L	205	 	L	206	 
1	23	L	206	 	L	205	 
1	25	L	205	 	L	207	 
1	25	L	207	 	L	205	 
1	87	L	206	 	L	207	 
1	279	L	207	 	L	206	 
1	36893	L	206	 	L	208	 
1	36891	L	208	 	L	206	 
1	87	L	207	 	L	208	 
1	279	L	208	 	L	207	 
1	1	L	207	 	L	209	 
1	1	L	209	 	L	207	 
1	279	L	208	 	L	209	 
1	87	L	209	 	L	208	 
1	1	L	208	 	L	210	 
1	1	L	210	 	L	208	 
1	87	L	209	 	L	210	 
1	279	L	210	 	L	209	 
1	29	L	209	 	L	211	 
1	27	L	211	 	L	209	 
1	95	L	210	 	L	211	 
1	287	L	211	 	L	210	 
1	17	L	120	 	L	122	 
1	17	L	122	 	L	120	 
1	36874	L	120	 	L	125	 
1	36876	L	125	 	L	120	 
1	36872	L	130	 	L	125	 
1	36872	L	125	 	L	130	 
1	8	L	186	 	L	125	 
1	8	L	125	 	L	186	 
1	21	L	186	 	L	184	 
1	19	L	184	 	L	186	 
1	31	L	186	 	L	187	 
1	31	L	187	 	L	186	 
1	29	L	188	 	L	184	 
1	27	L	184	 	L	188	 
1	23	L	188	 	L	187	 
1	23	L	187	 	L	188	 
1	17	L	189	 	L	184	 
1	17	L	184	 	L	189	 
1	17	L	189	 	L	187	 
1	17	L	187	 	L	189	 
1	260	L	192	 	L	187	 
1	66	L	187	 	L	192	 
1	3	L	211	 	L	187	 
1	5	L	187	 	L	211	 
1	279	L	122	 	L	123	 
1	87	L	123	 	L	122	 
1	27	L	122	 	L	125	 
1	29	L	125	 	L	122	 
1	46171	L	122	 	L	126	 
1	46365	L	126	 	L	122	 
1	17	L	122	 	L	127	 
1	17	L	127	 	L	122	 
1	17	L	123	 	L	125	 
1	17	L	125	 	L	123	 
1	83	L	123	 	L	126	 
1	277	L	126	 	L	123	 
1	83	L	123	 	L	127	 
1	277	L	127	 	L	123	 
1	95	L	125	 	L	126	 
1	287	L	126	 	L	125	 
1	83	L	125	 	L	127	 
1	277	L	127	 	L	125	 
1	343	L	126	 	L	127	 
1	343	L	127	 	L	126	 
1	36872	L	125	 	L	187	 
1	36872	L	187	 	L	125	 
1	36955	L	184	 	L	187	 
1	37149	L	187	 	L	184	 
2	55327	H	30	 	H	31	 
2	55327	H	31	 	H	30	 
2	2	H	30	 	H	52	 
2	4	H	52	 	H	30	 
2	15	H	30	 	H	52	A
2	15	H	52	A	H	30	 
2	31	H	30	 	H	53	 
2	31	H	53	 	H	30	 
2	10	H	30	 	H	73	 
2	12	H	73	 	H	30	 
2	1	H	31	 	H	33	 
2	1	H	33	 	H	31	 
2	8	H	33	 	H	50	 
2	8	H	50	 	H	33	 
2	21	H	33	 	H	51	 
2	19	H	51	 	H	33	 
2	46093	H	33	 	H	52	 
2	46091	H	52	 	H	33	 
2	2	H	33	 	H	52	A
2	4	H	52	A	H	33	 
2	279	H	50	 	H	51	 
2	87	H	51	 	H	50	 
2	17	H	50	 	H	52	 
2	17	H	52	 	H	50	 
2	1	H	50	 	H	56	 
2	1	H	56	 	H	50	 
2	83	H	50	 	H	57	 
2	277	H	57	 	H	50	 
2	2	H	50	 	H	69	 
2	4	H	69	 	H	50	 
2	23	H	51	 	H	52	 
2	23	H	52	 	H	51	 
2	31	H	51	 	H	52	A
2	31	H	52	A	H	51	 
2	4	H	51	 	H	55	 
2	2	H	55	 	H	51	 
2	21	H	51	 	H	56	 
2	19	H	56	 	H	51	 
2	36879	H	51	 	H	57	 
2	36879	H	57	 	H	51	 
2	14	H	51	 	H	69	 
2	14	H	69	 	H	51	 
2	4	H	51	 	H	70	 
2	2	H	70	 	H	51	 
2	36876	H	51	 	H	71	 
2	36874	H	71	 	H	51	 
2	287	H	52	 	H	52	A
2	95	H	52	A	H	52	 
2	37151	H	52	 	H	53	 
2	36959	H	53	 	H	52	 
2	46431	H	52	 	H	54	 
2	46431	H	54	 	H	52	 
2	17	H	52	 	H	55	 
2	17	H	55	 	H	52	 
2	29	H	52	 	H	56	 
2	27	H	56	 	H	52	 
2	23	H	52	A	H	53	 
2	23	H	53	 	H	52	A
2	17	H	52	A	H	54	 
2	17	H	54	 	H	52	A
2	17	H	52	A	H	55	 
2	17	H	55	 	H	52	A
2	36874	H	52	A	H	71	 
2	36876	H	71	 	H	52	A
2	74	H	52	A	H	73	 
2	268	H	73	 	H	52	A
2	95	H	53	 	H	54	 
2	287	H	54	 	H	53	 
2	17	H	53	 	H	55	 
2	17	H	55	 	H	53	 
2	2	H	53	 	H	73	 
2	4	H	73	 	H	53	 
2	277	H	54	 	H	55	 
2	83	H	55	 	H	54	 
2	46431	H	54	 	H	56	 
2	46431	H	56	 	H	54	 
2	19	H	55	 	H	56	 
2	21	H	56	 	H	55	 
2	83	H	55	 	H	57	 
2	277	H	57	 	H	55	 
2	343	H	56	 	H	57	 
2	343	H	57	 	H	56	 
2	14	H	57	 	H	69	 
2	14	H	69	 	H	57	 
2	87	H	69	 	H	70	 
2	279	H	70	 	H	69	 
2	17	H	69	 	H	71	 
2	17	H	71	 	H	69	 
2	279	H	70	 	H	71	 
2	87	H	71	 	H	70	 
2	17	H	70	 	H	72	 
2	17	H	72	 	H	70	 
2	23	H	71	 	H	72	 
2	23	H	72	 	H	71	 
2	17	H	71	 	H	73	 
2	17	H	73	 	H	71	 
2	343	H	72	 	H	73	 
2	343	H	73	 	H	72	 
2	46431	H	72	 	H	74	 
2	46431	H	74	 	H	72	 
2	46431	H	73	 	H	74	 
2	46431	H	74	 	H	73	 
2	23	H	50	 	H	49	 
2	23	H	49	 	H	50	 
2	46111	H	50	 	H	58	 
2	46111	H	58	 	H	50	 
2	1	H	50	 	H	59	 
2	1	H	59	 	H	50	 
2	17	H	51	 	H	49	 
2	17	H	49	 	H	51	 
2	17	H	56	 	H	58	 
2	17	H	58	 	H	56	 
2	279	H	57	 	H	58	 
2	87	H	58	 	H	57	 
2	46107	H	57	 	H	59	 
2	46109	H	59	 	H	57	 
2	36876	H	69	 	H	49	 
2	36874	H	49	 	H	69	 
2	74	H	69	 	H	59	 
2	268	H	59	 	H	69	 
2	87	H	69	 	H	68	 
2	279	H	68	 	H	69	 
2	21	H	69	 	H	79	 
2	19	H	79	 	H	69	 
2	46088	H	70	 	H	19	 
2	46088	H	19	 	H	70	 
2	37149	H	70	 	H	68	 
2	36955	H	68	 	H	70	 
2	287	H	70	 	H	79	 
2	95	H	79	 	H	70	 
2	3	H	71	 	H	79	 
2	5	H	79	 	H	71	 
2	10	H	72	 	H	79	 
2	12	H	79	 	H	72	 
2	17	H	69	 	H	67	 
2	17	H	67	 	H	69	 
2	36895	H	30	 	H	28	 
2	36895	H	28	 	H	30	 
2	23	H	30	 	H	29	 
2	23	H	29	 	H	30	 
2	17	H	30	 	H	32	 
2	17	H	32	 	H	30	 
2	66	H	30	 	H	76	 
2	260	H	76	 	H	30	 
2	46367	H	31	 	H	28	 
2	46175	H	28	 	H	31	 
2	17	H	31	 	H	29	 
2	17	H	29	 	H	31	 
2	87	H	31	 	H	32	 
2	279	H	32	 	H	31	 
2	17	H	33	 	H	29	 
2	17	H	29	 	H	33	 
2	95	H	33	 	H	32	 
2	287	H	32	 	H	33	 
2	23	H	33	 	H	34	 
2	23	H	34	 	H	33	 
2	91	H	33	 	H	35	 
2	285	H	35	 	H	33	 
2	1	H	33	 	H	93	 
2	1	H	93	 	H	33	 
2	19	H	33	 	H	94	 
2	21	H	94	 	H	33	 
2	91	H	33	 	H	95	 
2	285	H	95	 	H	33	 
2	21	H	50	 	H	34	 
2	19	H	34	 	H	50	 
2	46155	H	50	 	H	35	 
2	46349	H	35	 	H	50	 
2	1	H	51	 	H	32	 
2	1	H	32	 	H	51	 
2	31	H	51	 	H	34	 
2	31	H	34	 	H	51	 
2	5	H	52	 	H	32	 
2	3	H	32	 	H	52	 
2	36893	H	52	A	H	29	 
2	36891	H	29	 	H	52	A
2	21	H	52	A	H	32	 
2	19	H	32	 	H	52	A
2	12	H	52	A	H	34	 
2	10	H	34	 	H	52	A
2	4	H	69	 	H	34	 
2	2	H	34	 	H	69	 
2	4	H	69	 	H	35	 
2	2	H	35	 	H	69	 
2	12	H	69	 	H	36	 
2	10	H	36	 	H	69	 
2	1	H	70	 	H	77	 
2	1	H	77	 	H	70	 
2	19	H	70	 	H	78	 
2	21	H	78	 	H	70	 
2	36874	H	71	 	H	29	 
2	36876	H	29	 	H	71	 
2	21	H	71	 	H	77	 
2	19	H	77	 	H	71	 
2	36879	H	71	 	H	78	 
2	36879	H	78	 	H	71	 
2	2	H	72	 	H	29	 
2	4	H	29	 	H	72	 
2	279	H	72	 	H	76	 
2	87	H	76	 	H	72	 
2	23	H	72	 	H	77	 
2	23	H	77	 	H	72	 
2	1	H	72	 	H	78	 
2	1	H	78	 	H	72	 
2	36874	H	73	 	H	29	 
2	36876	H	29	 	H	73	 
2	19	H	73	 	H	76	 
2	21	H	76	 	H	73	 
2	17	H	74	 	H	76	 
2	17	H	76	 	H	74	 
2	10	H	50	 	H	47	 
2	12	H	47	 	H	50	 
2	17	H	50	 	H	48	 
2	17	H	48	 	H	50	 
2	1	H	69	 	H	80	 
2	1	H	80	 	H	69	 
2	46431	H	72	 	H	75	 
2	46431	H	75	 	H	72	 
2	17	H	73	 	H	75	 
2	17	H	75	 	H	73	 
2	46431	H	74	 	H	75	 
2	46431	H	75	 	H	74	 
2	21	H	49	 	H	58	 
2	19	H	58	 	H	49	 
2	15	H	49	 	H	59	 
2	15	H	59	 	H	49	 
2	23	H	58	 	H	59	 
2	23	H	59	 	H	58	 
2	17	H	58	 	H	60	 
2	17	H	60	 	H	58	 
2	23	H	59	 	H	60	 
2	23	H	60	 	H	59	 
2	19	H	59	 	H	61	 
2	21	H	61	 	H	59	 
2	4	H	59	 	H	63	 
2	2	H	63	 	H	59	 
2	37151	H	60	 	H	61	 
2	36959	H	61	 	H	60	 
2	55583	H	60	 	H	62	 
2	55391	H	62	 	H	60	 
2	287	H	60	 	H	63	 
2	95	H	63	 	H	60	 
2	17	H	60	 	H	64	 
2	17	H	64	 	H	60	 
2	31	H	61	 	H	62	 
2	31	H	62	 	H	61	 
2	17	H	61	 	H	63	 
2	17	H	63	 	H	61	 
2	19	H	61	 	H	64	 
2	21	H	64	 	H	61	 
2	31	H	62	 	H	63	 
2	31	H	63	 	H	62	 
2	83	H	62	 	H	64	 
2	277	H	64	 	H	62	 
2	23	H	63	 	H	64	 
2	23	H	64	 	H	63	 
2	46348	H	59	 	H	68	 
2	46154	H	68	 	H	59	 
2	268	H	59	 	H	67	 
2	74	H	67	 	H	59	 
2	17	H	63	 	H	65	 
2	17	H	65	 	H	63	 
2	19	H	63	 	H	66	 
2	21	H	66	 	H	63	 
2	31	H	63	 	H	67	 
2	31	H	67	 	H	63	 
2	21	H	64	 	H	65	 
2	19	H	65	 	H	64	 
2	27	H	64	 	H	66	 
2	29	H	66	 	H	64	 
2	1	H	49	 	H	34	 
2	1	H	34	 	H	49	 
2	83	H	49	 	H	35	 
2	277	H	35	 	H	49	 
2	19	H	49	 	H	36	 
2	21	H	36	 	H	49	 
2	83	H	49	 	H	47	 
2	277	H	47	 	H	49	 
2	31	H	49	 	H	48	 
2	31	H	48	 	H	49	 
2	10	H	58	 	H	47	 
2	12	H	47	 	H	58	 
2	1	H	58	 	H	48	 
2	1	H	48	 	H	58	 
2	2	H	59	 	H	47	 
2	4	H	47	 	H	59	 
2	21	H	59	 	H	48	 
2	19	H	48	 	H	59	 
2	14	H	60	 	H	47	 
2	14	H	47	 	H	60	 
2	21	H	60	 	H	48	 
2	19	H	48	 	H	60	 
2	36872	H	63	 	H	38	 
2	36872	H	38	 	H	63	 
2	36872	H	63	 	H	46	 
2	36872	H	46	 	H	63	 
2	4	H	63	 	H	47	 
2	2	H	47	 	H	63	 
2	12	H	63	 	H	48	 
2	10	H	48	 	H	63	 
2	8	H	19	 	H	79	 
2	8	H	79	 	H	19	 
2	1	H	68	 	H	79	 
2	1	H	79	 	H	68	 
2	17	H	19	 	H	17	 
2	17	H	17	 	H	19	 
2	15	H	19	 	H	81	 
2	15	H	81	 	H	19	 
2	17	H	68	 	H	66	 
2	17	H	66	 	H	68	 
2	279	H	68	 	H	67	 
2	87	H	67	 	H	68	 
2	9503	H	68	 	H	81	 
2	9311	H	81	 	H	68	 
2	17	H	79	 	H	81	 
2	17	H	81	 	H	79	 
2	1	H	79	 	H	22	 
2	1	H	22	 	H	79	 
2	66	H	79	 	H	36	 
2	260	H	36	 	H	79	 
2	46367	H	79	 	H	77	 
2	46175	H	77	 	H	79	 
2	23	H	79	 	H	78	 
2	23	H	78	 	H	79	 
2	66	H	19	 	H	7	 
2	260	H	7	 	H	19	 
2	23	H	19	 	H	20	 
2	23	H	20	 	H	19	 
2	17	H	19	 	H	21	 
2	17	H	21	 	H	19	 
2	21	H	19	 	H	80	 
2	19	H	80	 	H	19	 
2	19	H	68	 	H	80	 
2	21	H	80	 	H	68	 
2	21	H	79	 	H	20	 
2	19	H	20	 	H	79	 
2	13	H	79	 	H	21	 
2	11	H	21	 	H	79	 
2	46088	H	79	 	H	75	 
2	46088	H	75	 	H	79	 
2	23	H	79	 	H	80	 
2	23	H	80	 	H	79	 
2	2	H	19	 	H	10	 
2	4	H	10	 	H	19	 
2	23	H	19	 	H	18	 
2	23	H	18	 	H	19	 
2	19	H	15	 	H	16	 
2	21	H	16	 	H	15	 
2	17	H	15	 	H	17	 
2	17	H	17	 	H	15	 
2	17	H	15	 	H	82	B
2	17	H	82	B	H	15	 
2	19	H	15	 	H	82	C
2	21	H	82	C	H	15	 
2	87	H	16	 	H	17	 
2	279	H	17	 	H	16	 
2	1	H	16	 	H	82	 
2	1	H	82	 	H	16	 
2	1	H	16	 	H	82	A
2	1	H	82	A	H	16	 
2	17	H	16	 	H	82	B
2	17	H	82	B	H	16	 
2	36891	H	16	 	H	82	C
2	36893	H	82	C	H	16	 
2	46088	H	17	 	H	81	 
2	46088	H	81	 	H	17	 
2	277	H	17	 	H	82	 
2	83	H	82	 	H	17	 
2	13	H	17	 	H	82	A
2	11	H	82	A	H	17	 
2	5	H	17	 	H	82	B
2	3	H	82	B	H	17	 
2	2	H	17	 	H	82	C
2	4	H	82	C	H	17	 
2	19	H	65	 	H	66	 
2	21	H	66	 	H	65	 
2	17	H	65	 	H	67	 
2	17	H	67	 	H	65	 
2	66	H	65	 	H	82	A
2	260	H	82	A	H	65	 
2	23	H	66	 	H	67	 
2	23	H	67	 	H	66	 
2	67	H	66	 	H	81	 
2	261	H	81	 	H	66	 
2	19	H	66	 	H	82	 
2	21	H	82	 	H	66	 
2	351	H	66	 	H	82	A
2	351	H	82	A	H	66	 
2	268	H	66	 	H	82	B
2	74	H	82	B	H	66	 
2	21	H	67	 	H	81	 
2	19	H	81	 	H	67	 
2	36875	H	67	 	H	82	 
2	36877	H	82	 	H	67	 
2	279	H	81	 	H	82	 
2	87	H	82	 	H	81	 
2	285	H	81	 	H	82	A
2	91	H	82	A	H	81	 
2	23	H	82	 	H	82	A
2	23	H	82	A	H	82	 
2	17	H	82	 	H	82	B
2	17	H	82	B	H	82	 
2	36874	H	82	 	H	82	C
2	36876	H	82	C	H	82	 
2	46431	H	82	A	H	82	B
2	46431	H	82	B	H	82	A
2	19	H	82	A	H	82	C
2	21	H	82	C	H	82	A
2	279	H	82	B	H	82	C
2	87	H	82	C	H	82	B
2	8	H	67	 	H	48	 
2	8	H	48	 	H	67	 
2	36872	H	67	 	H	80	 
2	36872	H	80	 	H	67	 
2	1	H	81	 	H	20	 
2	1	H	20	 	H	81	 
2	23	H	81	 	H	80	 
2	23	H	80	 	H	81	 
2	36872	H	82	 	H	20	 
2	36872	H	20	 	H	82	 
2	36893	H	82	 	H	80	 
2	36891	H	80	 	H	82	 
2	17	H	15	 	H	13	 
2	17	H	13	 	H	15	 
2	19	H	15	 	H	14	 
2	21	H	14	 	H	15	 
2	1	H	15	 	H	83	 
2	1	H	83	 	H	15	 
2	36874	H	16	 	H	12	 
2	36876	H	12	 	H	16	 
2	29	H	16	 	H	13	 
2	27	H	13	 	H	16	 
2	21	H	16	 	H	14	 
2	19	H	14	 	H	16	 
2	17	H	16	 	H	18	 
2	17	H	18	 	H	16	 
2	2	H	17	 	H	12	 
2	4	H	12	 	H	17	 
2	279	H	17	 	H	18	 
2	87	H	18	 	H	17	 
2	46092	H	66	 	H	83	 
2	46090	H	83	 	H	66	 
2	55304	H	66	 	H	86	 
2	55304	H	86	 	H	66	 
2	277	H	81	 	H	18	 
2	83	H	18	 	H	81	 
2	36895	H	82	 	H	18	 
2	36895	H	18	 	H	82	 
2	36872	H	82	 	H	90	 
2	36872	H	90	 	H	82	 
2	36872	H	82	 	H	109	 
2	36872	H	109	 	H	82	 
2	2	H	82	A	H	86	 
2	4	H	86	 	H	82	A
2	83	H	82	B	H	83	 
2	277	H	83	 	H	82	B
2	2	H	82	B	H	86	 
2	4	H	86	 	H	82	B
2	36872	H	82	C	H	12	 
2	36872	H	12	 	H	82	C
2	5	H	82	C	H	13	 
2	3	H	13	 	H	82	C
2	23	H	82	C	H	14	 
2	23	H	14	 	H	82	C
2	36876	H	82	C	H	18	 
2	36874	H	18	 	H	82	C
2	87	H	82	C	H	83	 
2	279	H	83	 	H	82	C
2	17	H	82	C	H	84	 
2	17	H	84	 	H	82	C
2	36938	H	82	C	H	86	 
2	37132	H	86	 	H	82	C
2	36872	H	82	C	H	109	 
2	36872	H	109	 	H	82	C
2	36874	H	82	C	H	111	 
2	36876	H	111	 	H	82	C
2	279	H	1	 	H	2	 
2	87	H	2	 	H	1	 
2	91	H	1	 	H	3	 
2	285	H	3	 	H	1	 
2	67	H	1	 	H	25	 
2	261	H	25	 	H	1	 
2	17	H	1	 	H	26	 
2	17	H	26	 	H	1	 
2	23	H	2	 	H	3	 
2	23	H	3	 	H	2	 
2	17	H	2	 	H	4	 
2	17	H	4	 	H	2	 
2	23	H	2	 	H	25	 
2	23	H	25	 	H	2	 
2	5	H	2	 	H	26	 
2	3	H	26	 	H	2	 
2	12	H	2	 	H	27	 
2	10	H	27	 	H	2	 
2	36872	H	2	 	H	97	 
2	36872	H	97	 	H	2	 
2	8	H	2	 	H	98	 
2	8	H	98	 	H	2	 
2	36874	H	2	 	H	102	 
2	36876	H	102	 	H	2	 
2	23	H	3	 	H	4	 
2	23	H	4	 	H	3	 
2	1	H	3	 	H	23	 
2	1	H	23	 	H	3	 
2	19	H	3	 	H	24	 
2	21	H	24	 	H	3	 
2	46175	H	3	 	H	25	 
2	46367	H	25	 	H	3	 
2	2	H	3	 	H	27	 
2	4	H	27	 	H	3	 
2	2	H	3	 	H	102	 
2	4	H	102	 	H	3	 
2	36874	H	4	 	H	22	 
2	36876	H	22	 	H	4	 
2	21	H	4	 	H	23	 
2	19	H	23	 	H	4	 
2	36877	H	4	 	H	24	 
2	36875	H	24	 	H	4	 
2	36872	H	4	 	H	27	 
2	36872	H	27	 	H	4	 
2	36872	H	4	 	H	34	 
2	36872	H	34	 	H	4	 
2	36876	H	4	 	H	92	 
2	36874	H	92	 	H	4	 
2	4	H	4	 	H	93	 
2	2	H	93	 	H	4	 
2	36876	H	4	 	H	94	 
2	36874	H	94	 	H	4	 
2	12	H	4	 	H	102	 
2	10	H	102	 	H	4	 
2	5	H	4	 	H	103	 
2	3	H	103	 	H	4	 
2	21	H	4	 	H	104	 
2	19	H	104	 	H	4	 
2	343	H	22	 	H	23	 
2	343	H	23	 	H	22	 
2	17	H	22	 	H	24	 
2	17	H	24	 	H	22	 
2	36872	H	22	 	H	34	 
2	36872	H	34	 	H	22	 
2	10	H	22	 	H	36	 
2	12	H	36	 	H	22	 
2	1	H	22	 	H	76	 
2	1	H	76	 	H	22	 
2	83	H	22	 	H	77	 
2	277	H	77	 	H	22	 
2	31	H	22	 	H	78	 
2	31	H	78	 	H	22	 
2	46350	H	22	 	H	92	 
2	46158	H	92	 	H	22	 
2	279	H	23	 	H	24	 
2	87	H	24	 	H	23	 
2	17	H	23	 	H	25	 
2	17	H	25	 	H	23	 
2	285	H	23	 	H	76	 
2	91	H	76	 	H	23	 
2	46159	H	23	 	H	77	 
2	46351	H	77	 	H	23	 
2	1	H	23	 	H	78	 
2	1	H	78	 	H	23	 
2	87	H	24	 	H	25	 
2	279	H	25	 	H	24	 
2	17	H	24	 	H	26	 
2	17	H	26	 	H	24	 
2	36879	H	24	 	H	27	 
2	36879	H	27	 	H	24	 
2	10	H	24	 	H	29	 
2	12	H	29	 	H	24	 
2	36959	H	24	 	H	76	 
2	37151	H	76	 	H	24	 
2	277	H	25	 	H	26	 
2	83	H	26	 	H	25	 
2	19	H	25	 	H	27	 
2	21	H	27	 	H	25	 
2	2	H	25	 	H	76	 
2	4	H	76	 	H	25	 
2	19	H	26	 	H	27	 
2	21	H	27	 	H	26	 
2	1	H	26	 	H	28	 
2	1	H	28	 	H	26	 
2	66	H	26	 	H	98	 
2	260	H	98	 	H	26	 
2	23	H	27	 	H	28	 
2	23	H	28	 	H	27	 
2	29	H	27	 	H	29	 
2	27	H	29	 	H	27	 
2	36872	H	27	 	H	32	 
2	36872	H	32	 	H	27	 
2	8	H	27	 	H	34	 
2	8	H	34	 	H	27	 
2	66	H	27	 	H	76	 
2	260	H	76	 	H	27	 
2	36872	H	27	 	H	94	 
2	36872	H	94	 	H	27	 
2	36876	H	27	 	H	97	 
2	36874	H	97	 	H	27	 
2	74	H	27	 	H	98	 
2	268	H	98	 	H	27	 
2	8	H	27	 	H	102	 
2	8	H	102	 	H	27	 
2	279	H	28	 	H	29	 
2	87	H	29	 	H	28	 
2	19	H	28	 	H	32	 
2	21	H	32	 	H	28	 
2	46154	H	28	 	H	76	 
2	46348	H	76	 	H	28	 
2	19	H	29	 	H	32	 
2	21	H	32	 	H	29	 
2	10	H	29	 	H	34	 
2	12	H	34	 	H	29	 
2	36942	H	29	 	H	76	 
2	37134	H	76	 	H	29	 
2	4	H	29	 	H	77	 
2	2	H	77	 	H	29	 
2	36876	H	29	 	H	78	 
2	36874	H	78	 	H	29	 
2	29	H	32	 	H	34	 
2	27	H	34	 	H	32	 
2	36876	H	32	 	H	94	 
2	36874	H	94	 	H	32	 
2	46348	H	32	 	H	95	 
2	46154	H	95	 	H	32	 
2	260	H	32	 	H	96	 
2	66	H	96	 	H	32	 
2	268	H	32	 	H	97	 
2	74	H	97	 	H	32	 
2	87	H	34	 	H	35	 
2	279	H	35	 	H	34	 
2	17	H	34	 	H	36	 
2	17	H	36	 	H	34	 
2	36872	H	34	 	H	78	 
2	36872	H	78	 	H	34	 
2	21	H	34	 	H	93	 
2	19	H	93	 	H	34	 
2	36877	H	34	 	H	94	 
2	36875	H	94	 	H	34	 
2	87	H	35	 	H	36	 
2	279	H	36	 	H	35	 
2	19	H	35	 	H	92	 
2	21	H	92	 	H	35	 
2	287	H	35	 	H	93	 
2	95	H	93	 	H	35	 
2	46092	H	35	 	H	95	 
2	46090	H	95	 	H	35	 
2	268	H	36	 	H	78	 
2	74	H	78	 	H	36	 
2	36877	H	36	 	H	92	 
2	36875	H	92	 	H	36	 
2	1	H	36	 	H	93	 
2	1	H	93	 	H	36	 
2	343	H	76	 	H	77	 
2	343	H	77	 	H	76	 
2	17	H	76	 	H	78	 
2	17	H	78	 	H	76	 
2	279	H	77	 	H	78	 
2	87	H	78	 	H	77	 
2	279	H	92	 	H	93	 
2	87	H	93	 	H	92	 
2	17	H	92	 	H	94	 
2	17	H	94	 	H	92	 
2	1	H	92	 	H	102	 
2	1	H	102	 	H	92	 
2	19	H	92	 	H	103	 
2	21	H	103	 	H	92	 
2	277	H	92	 	H	104	 
2	83	H	104	 	H	92	 
2	23	H	93	 	H	94	 
2	23	H	94	 	H	93	 
2	17	H	93	 	H	95	 
2	17	H	95	 	H	93	 
2	21	H	93	 	H	102	 
2	19	H	102	 	H	93	 
2	15	H	93	 	H	103	 
2	15	H	103	 	H	93	 
2	23	H	94	 	H	95	 
2	23	H	95	 	H	94	 
2	19	H	94	 	H	96	 
2	21	H	96	 	H	94	 
2	19	H	94	 	H	101	 
2	21	H	101	 	H	94	 
2	31	H	94	 	H	102	 
2	31	H	102	 	H	94	 
2	1	H	94	 	H	103	 
2	1	H	103	 	H	94	 
2	287	H	95	 	H	96	 
2	95	H	96	 	H	95	 
2	19	H	95	 	H	97	 
2	21	H	97	 	H	95	 
2	3	H	95	 	H	101	 
2	5	H	101	 	H	95	 
2	31	H	96	 	H	97	 
2	31	H	97	 	H	96	 
2	21	H	96	 	H	98	 
2	19	H	98	 	H	96	 
2	5	H	96	 	H	100	A
2	3	H	100	A	H	96	 
2	21	H	96	 	H	100	B
2	19	H	100	B	H	96	 
2	15	H	96	 	H	101	 
2	15	H	101	 	H	96	 
2	31	H	97	 	H	98	 
2	31	H	98	 	H	97	 
2	17	H	97	 	H	99	 
2	17	H	99	 	H	97	 
2	21	H	97	 	H	100	B
2	19	H	100	B	H	97	 
2	36874	H	97	 	H	102	 
2	36876	H	102	 	H	97	 
2	23	H	98	 	H	99	 
2	23	H	99	 	H	98	 
2	17	H	98	 	H	100	 
2	17	H	100	 	H	98	 
2	19	H	98	 	H	100	A
2	21	H	100	A	H	98	 
2	21	H	99	 	H	100	 
2	19	H	100	 	H	99	 
2	17	H	99	 	H	100	A
2	17	H	100	A	H	99	 
2	19	H	100	 	H	100	A
2	21	H	100	A	H	100	 
2	17	H	100	 	H	100	B
2	17	H	100	B	H	100	 
2	277	H	100	A	H	100	B
2	83	H	100	B	H	100	A
2	277	H	100	A	H	101	 
2	83	H	101	 	H	100	A
2	46088	H	100	A	H	102	 
2	46088	H	102	 	H	100	A
2	19	H	100	B	H	101	 
2	21	H	101	 	H	100	B
2	19	H	100	B	H	102	 
2	21	H	102	 	H	100	B
2	279	H	101	 	H	102	 
2	87	H	102	 	H	101	 
2	9243	H	101	 	H	103	 
2	9245	H	103	 	H	101	 
2	87	H	102	 	H	103	 
2	279	H	103	 	H	102	 
2	17	H	102	 	H	104	 
2	17	H	104	 	H	102	 
2	21	H	103	 	H	104	 
2	19	H	104	 	H	103	 
2	17	H	35	 	H	37	 
2	17	H	37	 	H	35	 
2	9224	H	35	 	H	47	 
2	9224	H	47	 	H	35	 
2	1	H	35	 	H	91	 
2	1	H	91	 	H	35	 
2	23	H	36	 	H	37	 
2	23	H	37	 	H	36	 
2	17	H	36	 	H	38	 
2	17	H	38	 	H	36	 
2	1	H	36	 	H	46	 
2	1	H	46	 	H	36	 
2	67	H	36	 	H	47	 
2	261	H	47	 	H	36	 
2	27	H	36	 	H	48	 
2	29	H	48	 	H	36	 
2	21	H	36	 	H	91	 
2	19	H	91	 	H	36	 
2	1	H	92	 	H	37	 
2	1	H	37	 	H	92	 
2	23	H	92	 	H	91	 
2	23	H	91	 	H	92	 
2	36872	H	93	 	H	37	 
2	36872	H	37	 	H	93	 
2	17	H	93	 	H	91	 
2	17	H	91	 	H	93	 
2	36872	H	103	 	H	37	 
2	36872	H	37	 	H	103	 
2	36872	H	103	 	H	45	 
2	36872	H	45	 	H	103	 
2	12	H	103	 	H	91	 
2	10	H	91	 	H	103	 
2	2	H	104	 	H	91	 
2	4	H	91	 	H	104	 
2	46105	H	3	 	H	5	 
2	46105	H	5	 	H	3	 
2	87	H	4	 	H	5	 
2	279	H	5	 	H	4	 
2	19	H	4	 	H	6	 
2	21	H	6	 	H	4	 
2	19	H	4	 	H	105	 
2	21	H	105	 	H	4	 
2	277	H	22	 	H	5	 
2	83	H	5	 	H	22	 
2	15	H	22	 	H	6	 
2	15	H	6	 	H	22	 
2	17	H	22	 	H	20	 
2	17	H	20	 	H	22	 
2	87	H	22	 	H	21	 
2	279	H	21	 	H	22	 
2	287	H	23	 	H	5	 
2	95	H	5	 	H	23	 
2	1	H	23	 	H	6	 
2	1	H	6	 	H	23	 
2	46105	H	23	 	H	21	 
2	46105	H	21	 	H	23	 
2	260	H	23	 	H	75	 
2	66	H	75	 	H	23	 
2	1	H	24	 	H	5	 
2	1	H	5	 	H	24	 
2	36872	H	36	 	H	6	 
2	36872	H	6	 	H	36	 
2	36876	H	36	 	H	20	 
2	36874	H	20	 	H	36	 
2	4	H	36	 	H	21	 
2	2	H	21	 	H	36	 
2	12	H	36	 	H	80	 
2	10	H	80	 	H	36	 
2	87	H	76	 	H	75	 
2	279	H	75	 	H	76	 
2	36876	H	77	 	H	21	 
2	36874	H	21	 	H	77	 
2	46431	H	77	 	H	75	 
2	46431	H	75	 	H	77	 
2	1	H	78	 	H	20	 
2	1	H	20	 	H	78	 
2	19	H	78	 	H	21	 
2	21	H	21	 	H	78	 
2	17	H	78	 	H	80	 
2	17	H	80	 	H	78	 
2	46154	H	92	 	H	6	 
2	46348	H	6	 	H	92	 
2	17	H	103	 	H	105	 
2	17	H	105	 	H	103	 
2	66	H	104	 	H	6	 
2	260	H	6	 	H	104	 
2	19	H	104	 	H	105	 
2	21	H	105	 	H	104	 
2	17	H	104	 	H	106	 
2	17	H	106	 	H	104	 
2	12	H	36	 	H	90	 
2	10	H	90	 	H	36	 
2	17	H	92	 	H	90	 
2	17	H	90	 	H	92	 
2	23	H	37	 	H	38	 
2	23	H	38	 	H	37	 
2	17	H	37	 	H	39	 
2	17	H	39	 	H	37	 
2	36876	H	37	 	H	45	 
2	36874	H	45	 	H	37	 
2	21	H	37	 	H	46	 
2	19	H	46	 	H	37	 
2	13	H	37	 	H	47	 
2	11	H	47	 	H	37	 
2	3	H	37	 	H	48	 
2	5	H	48	 	H	37	 
2	31	H	37	 	H	91	 
2	31	H	91	 	H	37	 
2	23	H	38	 	H	39	 
2	23	H	39	 	H	38	 
2	36893	H	38	 	H	40	 
2	36891	H	40	 	H	38	 
2	1	H	38	 	H	44	 
2	1	H	44	 	H	38	 
2	19	H	38	 	H	45	 
2	21	H	45	 	H	38	 
2	31	H	38	 	H	46	 
2	31	H	46	 	H	38	 
2	1	H	38	 	H	47	 
2	1	H	47	 	H	38	 
2	10	H	38	 	H	48	 
2	12	H	48	 	H	38	 
2	1	H	38	 	H	91	 
2	1	H	91	 	H	38	 
2	23	H	39	 	H	40	 
2	23	H	40	 	H	39	 
2	260	H	39	 	H	43	 
2	66	H	43	 	H	39	 
2	277	H	39	 	H	44	 
2	83	H	44	 	H	39	 
2	36879	H	39	 	H	45	 
2	36879	H	45	 	H	39	 
2	46088	H	39	 	H	91	 
2	46088	H	91	 	H	39	 
2	17	H	40	 	H	42	 
2	17	H	42	 	H	40	 
2	31	H	40	 	H	43	 
2	31	H	43	 	H	40	 
2	17	H	40	 	H	44	 
2	17	H	44	 	H	40	 
2	55304	H	40	 	H	46	 
2	55304	H	46	 	H	40	 
2	87	H	42	 	H	43	 
2	279	H	43	 	H	42	 
2	1	H	42	 	H	44	 
2	1	H	44	 	H	42	 
2	277	H	43	 	H	44	 
2	83	H	44	 	H	43	 
2	17	H	43	 	H	45	 
2	17	H	45	 	H	43	 
2	19	H	44	 	H	45	 
2	21	H	45	 	H	44	 
2	19	H	44	 	H	46	 
2	21	H	46	 	H	44	 
2	23	H	45	 	H	46	 
2	23	H	46	 	H	45	 
2	17	H	45	 	H	47	 
2	17	H	47	 	H	45	 
2	8	H	45	 	H	91	 
2	8	H	91	 	H	45	 
2	23	H	46	 	H	47	 
2	23	H	47	 	H	46	 
2	19	H	46	 	H	48	 
2	21	H	48	 	H	46	 
2	23	H	47	 	H	48	 
2	23	H	48	 	H	47	 
2	36872	H	48	 	H	80	 
2	36872	H	80	 	H	48	 
2	74	H	91	 	H	6	 
2	268	H	6	 	H	91	 
2	4	H	91	 	H	105	 
2	2	H	105	 	H	91	 
2	5	H	91	 	H	106	 
2	3	H	106	 	H	91	 
2	1	H	91	 	H	107	 
2	1	H	107	 	H	91	 
2	1	H	37	 	H	89	 
2	1	H	89	 	H	37	 
2	19	H	37	 	H	90	 
2	21	H	90	 	H	37	 
2	260	H	38	 	H	85	 
2	66	H	85	 	H	38	 
2	55564	H	38	 	H	86	 
2	55370	H	86	 	H	38	 
2	4	H	38	 	H	87	 
2	2	H	87	 	H	38	 
2	8	H	38	 	H	88	 
2	8	H	88	 	H	38	 
2	21	H	38	 	H	89	 
2	19	H	89	 	H	38	 
2	46091	H	38	 	H	90	 
2	46093	H	90	 	H	38	 
2	19	H	39	 	H	41	 
2	21	H	41	 	H	39	 
2	19	H	39	 	H	88	 
2	21	H	88	 	H	39	 
2	31	H	39	 	H	89	 
2	31	H	89	 	H	39	 
2	31	H	40	 	H	41	 
2	31	H	41	 	H	40	 
2	55564	H	40	 	H	85	 
2	55370	H	85	 	H	40	 
2	5	H	40	 	H	87	 
2	3	H	87	 	H	40	 
2	11	H	40	 	H	88	 
2	13	H	88	 	H	40	 
2	23	H	42	 	H	41	 
2	23	H	41	 	H	42	 
2	277	H	43	 	H	41	 
2	83	H	41	 	H	43	 
2	8	H	48	 	H	90	 
2	8	H	90	 	H	48	 
2	36893	H	91	 	H	89	 
2	36891	H	89	 	H	91	 
2	23	H	91	 	H	90	 
2	23	H	90	 	H	91	 
2	279	H	5	 	H	6	 
2	87	H	6	 	H	5	 
2	17	H	5	 	H	7	 
2	17	H	7	 	H	5	 
2	1	H	5	 	H	21	 
2	1	H	21	 	H	5	 
2	46154	H	5	 	H	105	 
2	46348	H	105	 	H	5	 
2	87	H	6	 	H	7	 
2	279	H	7	 	H	6	 
2	17	H	6	 	H	8	 
2	17	H	8	 	H	6	 
2	277	H	6	 	H	21	 
2	83	H	21	 	H	6	 
2	37198	H	6	 	H	105	 
2	37198	H	105	 	H	6	 
2	260	H	6	 	H	106	 
2	66	H	106	 	H	6	 
2	46414	H	6	 	H	107	 
2	46414	H	107	 	H	6	 
2	277	H	7	 	H	8	 
2	83	H	8	 	H	7	 
2	17	H	7	 	H	9	 
2	17	H	9	 	H	7	 
2	37132	H	7	 	H	20	 
2	36938	H	20	 	H	7	 
2	46431	H	7	 	H	21	 
2	46431	H	21	 	H	7	 
2	66	H	7	 	H	105	 
2	260	H	105	 	H	7	 
2	1	H	7	 	H	106	 
2	1	H	106	 	H	7	 
2	46155	H	7	 	H	107	 
2	46349	H	107	 	H	7	 
2	19	H	8	 	H	9	 
2	21	H	9	 	H	8	 
2	66	H	8	 	H	107	 
2	260	H	107	 	H	8	 
2	2	H	9	 	H	107	 
2	4	H	107	 	H	9	 
2	87	H	20	 	H	21	 
2	279	H	21	 	H	20	 
2	36895	H	20	 	H	80	 
2	36895	H	80	 	H	20	 
2	36872	H	20	 	H	107	 
2	36872	H	107	 	H	20	 
2	277	H	105	 	H	106	 
2	83	H	106	 	H	105	 
2	17	H	105	 	H	107	 
2	17	H	107	 	H	105	 
2	83	H	106	 	H	107	 
2	277	H	107	 	H	106	 
2	268	H	6	 	H	90	 
2	74	H	90	 	H	6	 
2	19	H	8	 	H	10	 
2	21	H	10	 	H	8	 
2	1	H	8	 	H	108	 
2	1	H	108	 	H	8	 
2	23	H	9	 	H	10	 
2	23	H	10	 	H	9	 
2	17	H	9	 	H	11	 
2	17	H	11	 	H	9	 
2	29	H	9	 	H	108	 
2	27	H	108	 	H	9	 
2	36872	H	20	 	H	10	 
2	36872	H	10	 	H	20	 
2	36889	H	20	 	H	18	 
2	36889	H	18	 	H	20	 
2	8	H	20	 	H	90	 
2	8	H	90	 	H	20	 
2	1	H	80	 	H	18	 
2	1	H	18	 	H	80	 
2	8	H	80	 	H	90	 
2	8	H	90	 	H	80	 
2	2	H	106	 	H	89	 
2	4	H	89	 	H	106	 
2	17	H	106	 	H	90	 
2	17	H	90	 	H	106	 
2	17	H	106	 	H	108	 
2	17	H	108	 	H	106	 
2	12	H	107	 	H	10	 
2	10	H	10	 	H	107	 
2	1	H	107	 	H	88	 
2	1	H	88	 	H	107	 
2	19	H	107	 	H	89	 
2	21	H	89	 	H	107	 
2	287	H	107	 	H	90	 
2	95	H	90	 	H	107	 
2	343	H	107	 	H	108	 
2	343	H	108	 	H	107	 
2	23	H	107	 	H	109	 
2	23	H	109	 	H	107	 
2	279	H	10	 	H	11	 
2	87	H	11	 	H	10	 
2	36891	H	10	 	H	12	 
2	36893	H	12	 	H	10	 
2	36872	H	10	 	H	18	 
2	36872	H	18	 	H	10	 
2	21	H	10	 	H	108	 
2	19	H	108	 	H	10	 
2	31	H	10	 	H	109	 
2	31	H	109	 	H	10	 
2	83	H	10	 	H	110	 
2	277	H	110	 	H	10	 
2	23	H	11	 	H	12	 
2	23	H	12	 	H	11	 
2	17	H	11	 	H	13	 
2	17	H	13	 	H	11	 
2	2	H	11	 	H	109	 
2	4	H	109	 	H	11	 
2	36895	H	11	 	H	110	 
2	36895	H	110	 	H	11	 
2	36872	H	11	 	H	148	 
2	36872	H	148	 	H	11	 
2	36872	H	11	 	H	149	 
2	36872	H	149	 	H	11	 
2	31	H	12	 	H	13	 
2	31	H	13	 	H	12	 
2	19	H	12	 	H	14	 
2	21	H	14	 	H	12	 
2	36872	H	12	 	H	18	 
2	36872	H	18	 	H	12	 
2	36874	H	12	 	H	109	 
2	36876	H	109	 	H	12	 
2	21	H	12	 	H	110	 
2	19	H	110	 	H	12	 
2	27	H	12	 	H	111	 
2	29	H	111	 	H	12	 
2	17	H	12	 	H	112	 
2	17	H	112	 	H	12	 
2	31	H	13	 	H	14	 
2	31	H	14	 	H	13	 
2	2	H	13	 	H	111	 
2	4	H	111	 	H	13	 
2	21	H	13	 	H	112	 
2	19	H	112	 	H	13	 
2	268	H	13	 	H	113	 
2	74	H	113	 	H	13	 
2	4	H	13	 	H	114	 
2	2	H	114	 	H	13	 
2	5	H	14	 	H	83	 
2	3	H	83	 	H	14	 
2	36878	H	14	 	H	111	 
2	36878	H	111	 	H	14	 
2	21	H	14	 	H	112	 
2	19	H	112	 	H	14	 
2	12	H	14	 	H	113	 
2	10	H	113	 	H	14	 
2	36872	H	18	 	H	109	 
2	36872	H	109	 	H	18	 
2	21	H	41	 	H	87	 
2	19	H	87	 	H	41	 
2	13	H	41	 	H	88	 
2	11	H	88	 	H	41	 
2	343	H	83	 	H	84	 
2	343	H	84	 	H	83	 
2	285	H	83	 	H	85	 
2	91	H	85	 	H	83	 
2	46431	H	83	 	H	86	 
2	46431	H	86	 	H	83	 
2	83	H	83	 	H	87	 
2	277	H	87	 	H	83	 
2	3	H	83	 	H	111	 
2	5	H	111	 	H	83	 
2	287	H	84	 	H	85	 
2	95	H	85	 	H	84	 
2	19	H	84	 	H	86	 
2	21	H	86	 	H	84	 
2	91	H	84	 	H	87	 
2	285	H	87	 	H	84	 
2	23	H	84	 	H	111	 
2	23	H	111	 	H	84	 
2	23	H	85	 	H	86	 
2	23	H	86	 	H	85	 
2	17	H	85	 	H	87	 
2	17	H	87	 	H	85	 
2	87	H	86	 	H	87	 
2	279	H	87	 	H	86	 
2	19	H	86	 	H	88	 
2	21	H	88	 	H	86	 
2	46154	H	86	 	H	90	 
2	46348	H	90	 	H	86	 
2	11	H	86	 	H	109	 
2	13	H	109	 	H	86	 
2	10	H	86	 	H	111	 
2	12	H	111	 	H	86	 
2	279	H	87	 	H	88	 
2	87	H	88	 	H	87	 
2	1	H	87	 	H	89	 
2	1	H	89	 	H	87	 
2	66	H	87	 	H	90	 
2	260	H	90	 	H	87	 
2	279	H	87	 	H	109	 
2	87	H	109	 	H	87	 
2	37133	H	87	 	H	110	 
2	36939	H	110	 	H	87	 
2	37135	H	87	 	H	111	 
2	36943	H	111	 	H	87	 
2	23	H	88	 	H	89	 
2	23	H	89	 	H	88	 
2	36891	H	88	 	H	90	 
2	36893	H	90	 	H	88	 
2	19	H	88	 	H	108	 
2	21	H	108	 	H	88	 
2	19	H	88	 	H	109	 
2	21	H	109	 	H	88	 
2	23	H	89	 	H	90	 
2	23	H	90	 	H	89	 
2	36879	H	89	 	H	108	 
2	36879	H	108	 	H	89	 
2	1	H	89	 	H	109	 
2	1	H	109	 	H	89	 
2	1	H	90	 	H	108	 
2	1	H	108	 	H	90	 
2	36876	H	90	 	H	109	 
2	36874	H	109	 	H	90	 
2	279	H	108	 	H	109	 
2	87	H	109	 	H	108	 
2	36893	H	108	 	H	110	 
2	36891	H	110	 	H	108	 
2	87	H	109	 	H	110	 
2	279	H	110	 	H	109	 
2	36893	H	109	 	H	111	 
2	36891	H	111	 	H	109	 
2	279	H	110	 	H	111	 
2	87	H	111	 	H	110	 
2	29	H	110	 	H	112	 
2	27	H	112	 	H	110	 
2	36872	H	110	 	H	148	 
2	36872	H	148	 	H	110	 
2	36872	H	110	 	H	185	 
2	36872	H	185	 	H	110	 
2	87	H	111	 	H	112	 
2	279	H	112	 	H	111	 
2	17	H	111	 	H	113	 
2	17	H	113	 	H	111	 
2	46431	H	112	 	H	113	 
2	46431	H	113	 	H	112	 
2	37149	H	112	 	H	114	 
2	36955	H	114	 	H	112	 
2	36874	H	112	 	H	148	 
2	36876	H	148	 	H	112	 
2	46348	H	112	 	H	183	 
2	46154	H	183	 	H	112	 
2	279	H	113	 	H	114	 
2	87	H	114	 	H	113	 
2	17	H	113	 	H	115	 
2	17	H	115	 	H	113	 
2	46088	H	113	 	H	183	 
2	46088	H	183	 	H	113	 
2	23	H	114	 	H	115	 
2	23	H	115	 	H	114	 
2	17	H	114	 	H	116	 
2	17	H	116	 	H	114	 
2	36874	H	114	 	H	148	 
2	36876	H	148	 	H	114	 
2	36942	H	114	 	H	183	 
2	37134	H	183	 	H	114	 
2	36872	H	114	 	H	184	 
2	36872	H	184	 	H	114	 
2	87	H	115	 	H	116	 
2	279	H	116	 	H	115	 
2	91	H	115	 	H	117	 
2	285	H	117	 	H	115	 
2	3	H	115	 	H	148	 
2	5	H	148	 	H	115	 
2	2	H	115	 	H	184	 
2	4	H	184	 	H	115	 
2	343	H	116	 	H	117	 
2	343	H	117	 	H	116	 
2	19	H	116	 	H	118	 
2	21	H	118	 	H	116	 
2	279	H	116	 	H	148	 
2	87	H	148	 	H	116	 
2	37135	H	116	 	H	149	 
2	36943	H	149	 	H	116	 
2	36876	H	116	 	H	214	 
2	36874	H	214	 	H	116	 
2	12	H	116	 	H	215	 
2	10	H	215	 	H	116	 
2	37151	H	117	 	H	118	 
2	36959	H	118	 	H	117	 
2	19	H	117	 	H	119	 
2	21	H	119	 	H	117	 
2	261	H	117	 	H	146	 
2	67	H	146	 	H	117	 
2	23	H	117	 	H	147	 
2	23	H	147	 	H	117	 
2	287	H	117	 	H	148	 
2	95	H	148	 	H	117	 
2	1	H	117	 	H	149	 
2	1	H	149	 	H	117	 
2	36872	H	117	 	H	184	 
2	36872	H	184	 	H	117	 
2	66	H	117	 	H	212	 
2	260	H	212	 	H	117	 
2	66	H	117	 	H	215	 
2	260	H	215	 	H	117	 
2	31	H	118	 	H	119	 
2	31	H	119	 	H	118	 
2	1	H	118	 	H	145	 
2	1	H	145	 	H	118	 
2	17	H	118	 	H	146	 
2	17	H	146	 	H	118	 
2	19	H	118	 	H	147	 
2	21	H	147	 	H	118	 
2	17	H	118	 	H	148	 
2	17	H	148	 	H	118	 
2	66	H	118	 	H	212	 
2	260	H	212	 	H	118	 
2	36938	H	118	 	H	215	 
2	37132	H	215	 	H	118	 
2	36874	H	118	 	H	217	 
2	36876	H	217	 	H	118	 
2	5	H	119	 	H	145	 
2	3	H	145	 	H	119	 
2	17	H	119	 	H	146	 
2	17	H	146	 	H	119	 
2	15	H	119	 	H	147	 
2	15	H	147	 	H	119	 
2	36872	H	119	 	H	152	 
2	36872	H	152	 	H	119	 
2	78	H	119	 	H	212	 
2	270	H	212	 	H	119	 
2	74	H	119	 	H	215	 
2	268	H	215	 	H	119	 
2	36938	H	119	 	H	217	 
2	37132	H	217	 	H	119	 
2	21	H	145	 	H	146	 
2	19	H	146	 	H	145	 
2	19	H	145	 	H	147	 
2	21	H	147	 	H	145	 
2	46088	H	145	 	H	179	 
2	46088	H	179	 	H	145	 
2	1	H	145	 	H	185	 
2	1	H	185	 	H	145	 
2	46159	H	145	 	H	186	 
2	46351	H	186	 	H	145	 
2	19	H	146	 	H	147	 
2	21	H	147	 	H	146	 
2	17	H	146	 	H	148	 
2	17	H	148	 	H	146	 
2	2	H	146	 	H	184	 
2	4	H	184	 	H	146	 
2	17	H	146	 	H	185	 
2	17	H	185	 	H	146	 
2	67	H	146	 	H	186	 
2	261	H	186	 	H	146	 
2	23	H	147	 	H	148	 
2	23	H	148	 	H	147	 
2	5	H	147	 	H	149	 
2	3	H	149	 	H	147	 
2	46092	H	147	 	H	150	 
2	46090	H	150	 	H	147	 
2	4	H	147	 	H	151	 
2	2	H	151	 	H	147	 
2	37132	H	147	 	H	152	 
2	36938	H	152	 	H	147	 
2	36876	H	147	 	H	176	 
2	36874	H	176	 	H	147	 
2	3	H	147	 	H	184	 
2	5	H	184	 	H	147	 
2	31	H	147	 	H	185	 
2	31	H	185	 	H	147	 
2	260	H	147	 	H	186	 
2	66	H	186	 	H	147	 
2	10	H	147	 	H	212	 
2	12	H	212	 	H	147	 
2	36895	H	148	 	H	149	 
2	36895	H	149	 	H	148	 
2	1	H	148	 	H	150	 
2	1	H	150	 	H	148	 
2	4	H	148	 	H	183	 
2	2	H	183	 	H	148	 
2	14	H	148	 	H	184	 
2	14	H	184	 	H	148	 
2	10	H	148	 	H	185	 
2	12	H	185	 	H	148	 
2	66	H	148	 	H	212	 
2	260	H	212	 	H	148	 
2	2	H	148	 	H	214	 
2	4	H	214	 	H	148	 
2	23	H	149	 	H	150	 
2	23	H	150	 	H	149	 
2	19	H	149	 	H	151	 
2	21	H	151	 	H	149	 
2	2	H	149	 	H	185	 
2	4	H	185	 	H	149	 
2	74	H	149	 	H	212	 
2	268	H	212	 	H	149	 
2	36878	H	149	 	H	214	 
2	36878	H	214	 	H	149	 
2	287	H	150	 	H	151	 
2	95	H	151	 	H	150	 
2	261	H	150	 	H	152	 
2	67	H	152	 	H	150	 
2	36872	H	150	 	H	176	 
2	36872	H	176	 	H	150	 
2	46090	H	150	 	H	185	 
2	46092	H	185	 	H	150	 
2	66	H	150	 	H	212	 
2	260	H	212	 	H	150	 
2	23	H	151	 	H	152	 
2	23	H	152	 	H	151	 
2	67	H	151	 	H	212	 
2	261	H	212	 	H	151	 
2	36891	H	151	 	H	213	 
2	36893	H	213	 	H	151	 
2	36879	H	152	 	H	212	 
2	36879	H	212	 	H	152	 
2	2	H	152	 	H	213	 
2	4	H	213	 	H	152	 
2	23	H	175	 	H	176	 
2	23	H	176	 	H	175	 
2	19	H	175	 	H	177	 
2	21	H	177	 	H	175	 
2	1	H	175	 	H	186	 
2	1	H	186	 	H	175	 
2	23	H	176	 	H	177	 
2	23	H	177	 	H	176	 
2	17	H	176	 	H	178	 
2	17	H	178	 	H	176	 
2	10	H	176	 	H	185	 
2	12	H	185	 	H	176	 
2	21	H	176	 	H	186	 
2	19	H	186	 	H	176	 
2	23	H	177	 	H	178	 
2	23	H	178	 	H	177	 
2	19	H	177	 	H	179	 
2	21	H	179	 	H	177	 
2	1	H	177	 	H	184	 
2	1	H	184	 	H	177	 
2	19	H	177	 	H	185	 
2	21	H	185	 	H	177	 
2	87	H	177	 	H	186	 
2	279	H	186	 	H	177	 
2	23	H	178	 	H	179	 
2	23	H	179	 	H	178	 
2	21	H	178	 	H	180	 
2	19	H	180	 	H	178	 
2	4	H	178	 	H	183	 
2	2	H	183	 	H	178	 
2	21	H	178	 	H	184	 
2	19	H	184	 	H	178	 
2	36879	H	178	 	H	185	 
2	36879	H	185	 	H	178	 
2	87	H	179	 	H	180	 
2	279	H	180	 	H	179	 
2	17	H	179	 	H	183	 
2	17	H	183	 	H	179	 
2	23	H	179	 	H	184	 
2	23	H	184	 	H	179	 
2	1	H	179	 	H	185	 
2	1	H	185	 	H	179	 
2	46348	H	179	 	H	186	 
2	46154	H	186	 	H	179	 
2	287	H	180	 	H	183	 
2	95	H	183	 	H	180	 
2	19	H	180	 	H	184	 
2	21	H	184	 	H	180	 
2	23	H	183	 	H	184	 
2	23	H	184	 	H	183	 
2	17	H	183	 	H	185	 
2	17	H	185	 	H	183	 
2	23	H	184	 	H	185	 
2	23	H	185	 	H	184	 
2	17	H	184	 	H	186	 
2	17	H	186	 	H	184	 
2	87	H	185	 	H	186	 
2	279	H	186	 	H	185	 
2	287	H	212	 	H	213	 
2	95	H	213	 	H	212	 
2	37149	H	212	 	H	214	 
2	36955	H	214	 	H	212	 
2	46431	H	212	 	H	215	 
2	46431	H	215	 	H	212	 
2	23	H	212	 	H	216	 
2	23	H	216	 	H	212	 
2	9311	H	212	 	H	217	 
2	9503	H	217	 	H	212	 
2	23	H	213	 	H	214	 
2	23	H	214	 	H	213	 
2	17	H	213	 	H	215	 
2	17	H	215	 	H	213	 
2	83	H	213	 	H	216	 
2	277	H	216	 	H	213	 
2	87	H	214	 	H	215	 
2	279	H	215	 	H	214	 
2	83	H	214	 	H	216	 
2	277	H	216	 	H	214	 
2	343	H	215	 	H	216	 
2	343	H	216	 	H	215	 
2	46431	H	215	 	H	217	 
2	46431	H	217	 	H	215	 
2	343	H	216	 	H	217	 
2	343	H	217	 	H	216	 
2	83	H	118	 	H	120	 
2	277	H	120	 	H	118	 
2	87	H	119	 	H	120	 
2	279	H	120	 	H	119	 
2	36891	H	119	 	H	121	 
2	36893	H	121	 	H	119	 
2	36874	H	119	 	H	144	 
2	36876	H	144	 	H	119	 
2	36872	H	119	 	H	210	 
2	36872	H	210	 	H	119	 
2	87	H	145	 	H	120	 
2	279	H	120	 	H	145	 
2	8	H	145	 	H	122	 
2	8	H	122	 	H	145	 
2	27	H	145	 	H	143	 
2	29	H	143	 	H	145	 
2	23	H	145	 	H	144	 
2	23	H	144	 	H	145	 
2	17	H	145	 	H	187	 
2	17	H	187	 	H	145	 
2	17	H	146	 	H	144	 
2	17	H	144	 	H	146	 
2	12	H	147	 	H	144	 
2	10	H	144	 	H	147	 
2	37132	H	147	 	H	187	 
2	36938	H	187	 	H	147	 
2	17	H	151	 	H	153	 
2	17	H	153	 	H	151	 
2	1	H	151	 	H	211	 
2	1	H	211	 	H	151	 
2	36872	H	152	 	H	144	 
2	36872	H	144	 	H	152	 
2	87	H	152	 	H	153	 
2	279	H	153	 	H	152	 
2	36891	H	152	 	H	154	 
2	36893	H	154	 	H	152	 
2	36872	H	152	 	H	187	 
2	36872	H	187	 	H	152	 
2	36874	H	152	 	H	210	 
2	36876	H	210	 	H	152	 
2	21	H	152	 	H	211	 
2	19	H	211	 	H	152	 
2	21	H	175	 	H	173	 
2	19	H	173	 	H	175	 
2	31	H	175	 	H	174	 
2	31	H	174	 	H	175	 
2	2	H	175	 	H	187	 
2	4	H	187	 	H	175	 
2	17	H	176	 	H	174	 
2	17	H	174	 	H	176	 
2	36879	H	176	 	H	187	 
2	36879	H	187	 	H	176	 
2	1	H	177	 	H	187	 
2	1	H	187	 	H	177	 
2	1	H	185	 	H	144	 
2	1	H	144	 	H	185	 
2	17	H	185	 	H	187	 
2	17	H	187	 	H	185	 
2	36872	H	186	 	H	143	 
2	36872	H	143	 	H	186	 
2	277	H	186	 	H	144	 
2	83	H	144	 	H	186	 
2	279	H	186	 	H	187	 
2	87	H	187	 	H	186	 
2	17	H	186	 	H	188	 
2	17	H	188	 	H	186	 
2	1	H	212	 	H	153	 
2	1	H	153	 	H	212	 
2	17	H	212	 	H	210	 
2	17	H	210	 	H	212	 
2	23	H	212	 	H	211	 
2	23	H	211	 	H	212	 
2	1	H	212	 	H	218	 
2	1	H	218	 	H	212	 
2	36876	H	213	 	H	153	 
2	36874	H	153	 	H	213	 
2	21	H	213	 	H	211	 
2	19	H	211	 	H	213	 
2	17	H	216	 	H	218	 
2	17	H	218	 	H	216	 
2	1	H	217	 	H	210	 
2	1	H	210	 	H	217	 
2	23	H	217	 	H	211	 
2	23	H	211	 	H	217	 
2	279	H	217	 	H	218	 
2	87	H	218	 	H	217	 
2	27	H	217	 	H	219	 
2	29	H	219	 	H	217	 
2	279	H	120	 	H	121	 
2	87	H	121	 	H	120	 
2	46107	H	120	 	H	122	 
2	46109	H	122	 	H	120	 
2	1	H	120	 	H	143	 
2	1	H	143	 	H	120	 
2	19	H	120	 	H	144	 
2	21	H	144	 	H	120	 
2	23	H	121	 	H	122	 
2	23	H	122	 	H	121	 
2	19	H	121	 	H	123	 
2	21	H	123	 	H	121	 
2	36872	H	121	 	H	142	 
2	36872	H	142	 	H	121	 
2	21	H	121	 	H	143	 
2	19	H	143	 	H	121	 
2	36873	H	121	 	H	144	 
2	36873	H	144	 	H	121	 
2	36872	H	121	 	H	208	 
2	36872	H	208	 	H	121	 
2	36876	H	121	 	H	210	 
2	36874	H	210	 	H	121	 
2	36872	H	121	 	H	219	 
2	36872	H	219	 	H	121	 
2	74	H	121	 	H	221	 
2	268	H	221	 	H	121	 
2	31	H	122	 	H	123	 
2	31	H	123	 	H	122	 
2	19	H	122	 	H	124	 
2	21	H	124	 	H	122	 
2	1	H	122	 	H	141	 
2	1	H	141	 	H	122	 
2	83	H	122	 	H	142	 
2	277	H	142	 	H	122	 
2	31	H	122	 	H	143	 
2	31	H	143	 	H	122	 
2	2	H	122	 	H	221	 
2	4	H	221	 	H	122	 
2	23	H	123	 	H	124	 
2	23	H	124	 	H	123	 
2	17	H	123	 	H	125	 
2	17	H	125	 	H	123	 
2	5	H	123	 	H	141	 
2	3	H	141	 	H	123	 
2	3	H	123	 	H	142	 
2	5	H	142	 	H	123	 
2	1	H	123	 	H	143	 
2	1	H	143	 	H	123	 
2	10	H	123	 	H	221	 
2	12	H	221	 	H	123	 
2	4	H	123	 	H	222	 
2	2	H	222	 	H	123	 
2	14	H	123	 	H	223	 
2	14	H	223	 	H	123	 
2	23	H	124	 	H	125	 
2	23	H	125	 	H	124	 
2	19	H	124	 	H	126	 
2	21	H	126	 	H	124	 
2	1	H	124	 	H	139	 
2	1	H	139	 	H	124	 
2	23	H	124	 	H	140	 
2	23	H	140	 	H	124	 
2	21	H	124	 	H	141	 
2	19	H	141	 	H	124	 
2	5	H	124	 	H	142	 
2	3	H	142	 	H	124	 
2	12	H	124	 	H	143	 
2	10	H	143	 	H	124	 
2	8	H	124	 	H	188	 
2	8	H	188	 	H	124	 
2	4	H	124	 	H	189	 
2	2	H	189	 	H	124	 
2	2	H	124	 	H	223	 
2	4	H	223	 	H	124	 
2	36895	H	125	 	H	126	 
2	36895	H	126	 	H	125	 
2	36874	H	125	 	H	140	 
2	36876	H	140	 	H	125	 
2	1	H	125	 	H	141	 
2	1	H	141	 	H	125	 
2	36872	H	125	 	H	199	 
2	36872	H	199	 	H	125	 
2	10	H	125	 	H	223	 
2	12	H	223	 	H	125	 
2	4	H	125	 	H	226	 
2	2	H	226	 	H	125	 
2	36872	H	126	 	H	138	 
2	36872	H	138	 	H	126	 
2	21	H	126	 	H	139	 
2	19	H	139	 	H	126	 
2	36874	H	126	 	H	140	 
2	36876	H	140	 	H	126	 
2	8	H	126	 	H	199	 
2	8	H	199	 	H	126	 
2	285	H	134	 	H	137	 
2	91	H	137	 	H	134	 
2	4	H	134	 	H	138	 
2	2	H	138	 	H	134	 
2	23	H	137	 	H	138	 
2	23	H	138	 	H	137	 
2	17	H	137	 	H	139	 
2	17	H	139	 	H	137	 
2	36878	H	137	 	H	192	 
2	36878	H	192	 	H	137	 
2	21	H	137	 	H	193	 
2	19	H	193	 	H	137	 
2	13	H	137	 	H	194	 
2	11	H	194	 	H	137	 
2	87	H	138	 	H	139	 
2	279	H	139	 	H	138	 
2	36891	H	138	 	H	140	 
2	36893	H	140	 	H	138	 
2	1	H	138	 	H	191	 
2	1	H	191	 	H	138	 
2	83	H	138	 	H	192	 
2	277	H	192	 	H	138	 
2	36895	H	138	 	H	193	 
2	36895	H	193	 	H	138	 
2	5	H	138	 	H	194	 
2	3	H	194	 	H	138	 
2	8	H	138	 	H	199	 
2	8	H	199	 	H	138	 
2	279	H	139	 	H	140	 
2	87	H	140	 	H	139	 
2	17	H	139	 	H	141	 
2	17	H	141	 	H	139	 
2	36872	H	139	 	H	190	 
2	36872	H	190	 	H	139	 
2	277	H	139	 	H	191	 
2	83	H	191	 	H	139	 
2	46415	H	139	 	H	192	 
2	46415	H	192	 	H	139	 
2	21	H	140	 	H	141	 
2	19	H	141	 	H	140	 
2	17	H	140	 	H	142	 
2	17	H	142	 	H	140	 
2	10	H	140	 	H	157	 
2	12	H	157	 	H	140	 
2	1	H	140	 	H	189	 
2	1	H	189	 	H	140	 
2	83	H	140	 	H	190	 
2	277	H	190	 	H	140	 
2	36895	H	140	 	H	191	 
2	36895	H	191	 	H	140	 
2	36872	H	140	 	H	193	 
2	36872	H	193	 	H	140	 
2	36872	H	140	 	H	199	 
2	36872	H	199	 	H	140	 
2	36872	H	140	 	H	205	 
2	36872	H	205	 	H	140	 
2	10	H	140	 	H	223	 
2	12	H	223	 	H	140	 
2	83	H	141	 	H	142	 
2	277	H	142	 	H	141	 
2	17	H	141	 	H	143	 
2	17	H	143	 	H	141	 
2	2	H	141	 	H	157	 
2	4	H	157	 	H	141	 
2	17	H	141	 	H	189	 
2	17	H	189	 	H	141	 
2	3	H	141	 	H	190	 
2	5	H	190	 	H	141	 
2	1	H	141	 	H	191	 
2	1	H	191	 	H	141	 
2	2	H	141	 	H	223	 
2	4	H	223	 	H	141	 
2	279	H	142	 	H	143	 
2	87	H	143	 	H	142	 
2	19	H	142	 	H	144	 
2	21	H	144	 	H	142	 
2	36874	H	142	 	H	157	 
2	36876	H	157	 	H	142	 
2	1	H	142	 	H	187	 
2	1	H	187	 	H	142	 
2	83	H	142	 	H	188	 
2	277	H	188	 	H	142	 
2	31	H	142	 	H	189	 
2	31	H	189	 	H	142	 
2	1	H	142	 	H	190	 
2	1	H	190	 	H	142	 
2	46094	H	142	 	H	208	 
2	46094	H	208	 	H	142	 
2	36872	H	142	 	H	210	 
2	36872	H	210	 	H	142	 
2	268	H	142	 	H	221	 
2	74	H	221	 	H	142	 
2	36872	H	142	 	H	223	 
2	36872	H	223	 	H	142	 
2	23	H	143	 	H	144	 
2	23	H	144	 	H	143	 
2	21	H	143	 	H	187	 
2	19	H	187	 	H	143	 
2	15	H	143	 	H	188	 
2	15	H	188	 	H	143	 
2	1	H	143	 	H	189	 
2	1	H	189	 	H	143	 
2	36872	H	144	 	H	154	 
2	36872	H	154	 	H	144	 
2	36895	H	144	 	H	187	 
2	36895	H	187	 	H	144	 
2	23	H	144	 	H	188	 
2	23	H	188	 	H	144	 
2	36872	H	144	 	H	210	 
2	36872	H	210	 	H	144	 
2	279	H	153	 	H	154	 
2	87	H	154	 	H	153	 
2	36889	H	153	 	H	156	 
2	36889	H	156	 	H	153	 
2	1	H	153	 	H	209	 
2	1	H	209	 	H	153	 
2	19	H	153	 	H	210	 
2	21	H	210	 	H	153	 
2	37151	H	153	 	H	211	 
2	36959	H	211	 	H	153	 
2	87	H	154	 	H	156	 
2	279	H	156	 	H	154	 
2	25	H	154	 	H	157	 
2	25	H	157	 	H	154	 
2	36938	H	154	 	H	173	 
2	37132	H	173	 	H	154	 
2	36872	H	154	 	H	187	 
2	36872	H	187	 	H	154	 
2	36872	H	154	 	H	189	 
2	36872	H	189	 	H	154	 
2	36872	H	154	 	H	208	 
2	36872	H	208	 	H	154	 
2	21	H	154	 	H	209	 
2	19	H	209	 	H	154	 
2	36879	H	154	 	H	210	 
2	36879	H	210	 	H	154	 
2	279	H	156	 	H	157	 
2	87	H	157	 	H	156	 
2	17	H	156	 	H	162	 
2	17	H	162	 	H	156	 
2	261	H	156	 	H	163	 
2	67	H	163	 	H	156	 
2	260	H	156	 	H	164	 
2	66	H	164	 	H	156	 
2	1	H	156	 	H	206	 
2	1	H	206	 	H	156	 
2	83	H	156	 	H	208	 
2	277	H	208	 	H	156	 
2	46431	H	156	 	H	209	 
2	46431	H	209	 	H	156	 
2	95	H	157	 	H	162	 
2	287	H	162	 	H	157	 
2	17	H	157	 	H	163	 
2	17	H	163	 	H	157	 
2	17	H	157	 	H	164	 
2	17	H	164	 	H	157	 
2	83	H	157	 	H	165	 
2	277	H	165	 	H	157	 
2	31	H	157	 	H	166	 
2	31	H	166	 	H	157	 
2	8	H	157	 	H	171	 
2	8	H	171	 	H	157	 
2	9484	H	157	 	H	189	 
2	9290	H	189	 	H	157	 
2	260	H	157	 	H	190	 
2	66	H	190	 	H	157	 
2	36876	H	157	 	H	191	 
2	36874	H	191	 	H	157	 
2	36876	H	157	 	H	205	 
2	36874	H	205	 	H	157	 
2	21	H	157	 	H	206	 
2	19	H	206	 	H	157	 
2	36877	H	157	 	H	208	 
2	36875	H	208	 	H	157	 
2	66	H	157	 	H	209	 
2	260	H	209	 	H	157	 
2	4	H	157	 	H	221	 
2	2	H	221	 	H	157	 
2	36872	H	157	 	H	223	 
2	36872	H	223	 	H	157	 
2	87	H	162	 	H	163	 
2	279	H	163	 	H	162	 
2	17	H	162	 	H	164	 
2	17	H	164	 	H	162	 
2	95	H	162	 	H	165	 
2	287	H	165	 	H	162	 
2	36895	H	162	 	H	166	 
2	36895	H	166	 	H	162	 
2	46348	H	162	 	H	204	 
2	46154	H	204	 	H	162	 
2	37132	H	162	 	H	205	 
2	36938	H	205	 	H	162	 
2	46367	H	162	 	H	206	 
2	46175	H	206	 	H	162	 
2	1	H	162	 	H	208	 
2	1	H	208	 	H	162	 
2	66	H	162	 	H	209	 
2	260	H	209	 	H	162	 
2	277	H	163	 	H	164	 
2	83	H	164	 	H	163	 
2	83	H	163	 	H	165	 
2	277	H	165	 	H	163	 
2	46154	H	163	 	H	209	 
2	46348	H	209	 	H	163	 
2	83	H	164	 	H	165	 
2	277	H	165	 	H	164	 
2	17	H	164	 	H	166	 
2	17	H	166	 	H	164	 
2	83	H	164	 	H	167	 
2	277	H	167	 	H	164	 
2	287	H	165	 	H	166	 
2	95	H	166	 	H	165	 
2	83	H	165	 	H	167	 
2	277	H	167	 	H	165	 
2	87	H	166	 	H	167	 
2	279	H	167	 	H	166	 
2	21	H	166	 	H	168	 
2	19	H	168	 	H	166	 
2	10	H	166	 	H	171	 
2	12	H	171	 	H	166	 
2	36872	H	166	 	H	191	 
2	36872	H	191	 	H	166	 
2	4	H	166	 	H	192	 
2	2	H	192	 	H	166	 
2	36872	H	166	 	H	193	 
2	36872	H	193	 	H	166	 
2	36876	H	166	 	H	205	 
2	36874	H	205	 	H	166	 
2	46431	H	167	 	H	168	 
2	46431	H	168	 	H	167	 
2	17	H	167	 	H	169	 
2	17	H	169	 	H	167	 
2	2	H	167	 	H	171	 
2	4	H	171	 	H	167	 
2	277	H	168	 	H	169	 
2	83	H	169	 	H	168	 
2	19	H	168	 	H	171	 
2	21	H	171	 	H	168	 
2	2	H	168	 	H	191	 
2	4	H	191	 	H	168	 
2	17	H	168	 	H	192	 
2	17	H	192	 	H	168	 
2	19	H	169	 	H	171	 
2	21	H	171	 	H	169	 
2	19	H	169	 	H	172	 
2	21	H	172	 	H	169	 
2	1	H	169	 	H	190	 
2	1	H	190	 	H	169	 
2	19	H	169	 	H	191	 
2	21	H	191	 	H	169	 
2	83	H	169	 	H	192	 
2	277	H	192	 	H	169	 
2	87	H	171	 	H	172	 
2	279	H	172	 	H	171	 
2	36893	H	171	 	H	173	 
2	36891	H	173	 	H	171	 
2	36872	H	171	 	H	189	 
2	36872	H	189	 	H	171	 
2	21	H	171	 	H	190	 
2	19	H	190	 	H	171	 
2	36879	H	171	 	H	191	 
2	36879	H	191	 	H	171	 
2	1	H	171	 	H	192	 
2	1	H	192	 	H	171	 
2	87	H	172	 	H	173	 
2	279	H	173	 	H	172	 
2	27	H	172	 	H	174	 
2	29	H	174	 	H	172	 
2	1	H	172	 	H	188	 
2	1	H	188	 	H	172	 
2	83	H	172	 	H	189	 
2	277	H	189	 	H	172	 
2	95	H	172	 	H	190	 
2	287	H	190	 	H	172	 
2	1	H	172	 	H	191	 
2	1	H	191	 	H	172	 
2	279	H	173	 	H	174	 
2	87	H	174	 	H	173	 
2	36872	H	173	 	H	187	 
2	36872	H	187	 	H	173	 
2	277	H	173	 	H	188	 
2	83	H	188	 	H	173	 
2	46159	H	173	 	H	189	 
2	46351	H	189	 	H	173	 
2	17	H	173	 	H	190	 
2	17	H	190	 	H	173	 
2	3	H	174	 	H	187	 
2	5	H	187	 	H	174	 
2	29	H	174	 	H	188	 
2	27	H	188	 	H	174	 
2	5	H	174	 	H	189	 
2	3	H	189	 	H	174	 
2	36876	H	174	 	H	190	 
2	36874	H	190	 	H	174	 
2	87	H	187	 	H	188	 
2	279	H	188	 	H	187	 
2	21	H	187	 	H	189	 
2	19	H	189	 	H	187	 
2	343	H	188	 	H	189	 
2	343	H	189	 	H	188	 
2	17	H	188	 	H	190	 
2	17	H	190	 	H	188	 
2	343	H	189	 	H	190	 
2	343	H	190	 	H	189	 
2	17	H	189	 	H	191	 
2	17	H	191	 	H	189	 
2	279	H	190	 	H	191	 
2	87	H	191	 	H	190	 
2	17	H	190	 	H	192	 
2	17	H	192	 	H	190	 
2	87	H	191	 	H	192	 
2	279	H	192	 	H	191	 
2	36889	H	191	 	H	193	 
2	36889	H	193	 	H	191	 
2	36872	H	191	 	H	205	 
2	36872	H	205	 	H	191	 
2	279	H	192	 	H	193	 
2	87	H	193	 	H	192	 
2	19	H	192	 	H	194	 
2	21	H	194	 	H	192	 
2	31	H	193	 	H	194	 
2	31	H	194	 	H	193	 
2	8	H	193	 	H	198	 
2	8	H	198	 	H	193	 
2	12	H	193	 	H	199	 
2	10	H	199	 	H	193	 
2	36872	H	193	 	H	205	 
2	36872	H	205	 	H	193	 
2	36959	H	194	 	H	198	 
2	37151	H	198	 	H	194	 
2	19	H	194	 	H	199	 
2	21	H	199	 	H	194	 
2	279	H	198	 	H	199	 
2	87	H	199	 	H	198	 
2	17	H	198	 	H	200	 
2	17	H	200	 	H	198	 
2	46111	H	198	 	H	203	 
2	46111	H	203	 	H	198	 
2	17	H	198	 	H	204	 
2	17	H	204	 	H	198	 
2	36895	H	199	 	H	200	 
2	36895	H	200	 	H	199	 
2	277	H	199	 	H	203	 
2	83	H	203	 	H	199	 
2	4	H	199	 	H	204	 
2	2	H	204	 	H	199	 
2	268	H	199	 	H	205	 
2	74	H	205	 	H	199	 
2	8	H	199	 	H	222	 
2	8	H	222	 	H	199	 
2	268	H	199	 	H	223	 
2	74	H	223	 	H	199	 
2	12	H	199	 	H	226	 
2	10	H	226	 	H	199	 
2	17	H	200	 	H	203	 
2	17	H	203	 	H	200	 
2	8	H	200	 	H	226	 
2	8	H	226	 	H	200	 
2	87	H	203	 	H	204	 
2	279	H	204	 	H	203	 
2	19	H	203	 	H	205	 
2	21	H	205	 	H	203	 
2	279	H	204	 	H	205	 
2	87	H	205	 	H	204	 
2	46171	H	204	 	H	206	 
2	46365	H	206	 	H	204	 
2	46090	H	204	 	H	222	 
2	46092	H	222	 	H	204	 
2	87	H	205	 	H	206	 
2	279	H	206	 	H	205	 
2	17	H	205	 	H	208	 
2	17	H	208	 	H	205	 
2	1	H	205	 	H	221	 
2	1	H	221	 	H	205	 
2	67	H	205	 	H	222	 
2	261	H	222	 	H	205	 
2	27	H	205	 	H	223	 
2	29	H	223	 	H	205	 
2	279	H	206	 	H	208	 
2	87	H	208	 	H	206	 
2	46175	H	206	 	H	209	 
2	46367	H	209	 	H	206	 
2	36876	H	206	 	H	220	 
2	36874	H	220	 	H	206	 
2	21	H	206	 	H	221	 
2	19	H	221	 	H	206	 
2	13	H	206	 	H	222	 
2	11	H	222	 	H	206	 
2	1	H	206	 	H	223	 
2	1	H	223	 	H	206	 
2	343	H	208	 	H	209	 
2	343	H	209	 	H	208	 
2	37149	H	208	 	H	210	 
2	36955	H	210	 	H	208	 
2	1	H	208	 	H	219	 
2	1	H	219	 	H	208	 
2	19	H	208	 	H	220	 
2	21	H	220	 	H	208	 
2	287	H	208	 	H	221	 
2	95	H	221	 	H	208	 
2	1	H	208	 	H	222	 
2	1	H	222	 	H	208	 
2	10	H	208	 	H	223	 
2	12	H	223	 	H	208	 
2	23	H	209	 	H	210	 
2	23	H	210	 	H	209	 
2	17	H	209	 	H	211	 
2	17	H	211	 	H	209	 
2	36938	H	209	 	H	218	 
2	37132	H	218	 	H	209	 
2	21	H	209	 	H	219	 
2	19	H	219	 	H	209	 
2	46159	H	209	 	H	220	 
2	46351	H	220	 	H	209	 
2	1	H	209	 	H	221	 
2	1	H	221	 	H	209	 
2	23	H	210	 	H	211	 
2	23	H	211	 	H	210	 
2	83	H	210	 	H	218	 
2	277	H	218	 	H	210	 
2	23	H	210	 	H	219	 
2	23	H	219	 	H	210	 
2	66	H	210	 	H	220	 
2	260	H	220	 	H	210	 
2	36879	H	211	 	H	218	 
2	36879	H	218	 	H	211	 
2	17	H	211	 	H	219	 
2	17	H	219	 	H	211	 
2	279	H	218	 	H	219	 
2	87	H	219	 	H	218	 
2	55321	H	218	 	H	220	 
2	55321	H	220	 	H	218	 
2	23	H	219	 	H	220	 
2	23	H	220	 	H	219	 
2	17	H	219	 	H	221	 
2	17	H	221	 	H	219	 
2	343	H	220	 	H	221	 
2	343	H	221	 	H	220	 
2	17	H	220	 	H	222	 
2	17	H	222	 	H	220	 
2	23	H	221	 	H	222	 
2	23	H	222	 	H	221	 
2	19	H	221	 	H	223	 
2	21	H	223	 	H	221	 
2	279	H	222	 	H	223	 
2	87	H	223	 	H	222	 
2	36895	H	222	 	H	226	 
2	36895	H	226	 	H	222	 
2	23	H	223	 	H	226	 
2	23	H	226	 	H	223	 
2	17	H	125	 	H	127	 
2	17	H	127	 	H	125	 
2	21	H	126	 	H	127	 
2	19	H	127	 	H	126	 
2	17	H	126	 	H	128	 
2	17	H	128	 	H	126	 
2	5	H	126	 	H	129	 
2	3	H	129	 	H	126	 
2	8	H	126	 	H	130	 
2	8	H	130	 	H	126	 
2	17	H	134	 	H	130	 
2	17	H	130	 	H	134	 
2	343	H	134	 	H	133	 
2	343	H	133	 	H	134	 
2	279	H	134	 	H	135	 
2	87	H	135	 	H	134	 
2	17	H	134	 	H	136	 
2	17	H	136	 	H	134	 
2	21	H	137	 	H	135	 
2	19	H	135	 	H	137	 
2	95	H	137	 	H	136	 
2	287	H	136	 	H	137	 
2	67	H	137	 	H	195	 
2	261	H	195	 	H	137	 
2	17	H	138	 	H	136	 
2	17	H	136	 	H	138	 
2	79	H	138	 	H	195	 
2	271	H	195	 	H	138	 
2	1	H	193	 	H	136	 
2	1	H	136	 	H	193	 
2	83	H	193	 	H	195	 
2	277	H	195	 	H	193	 
2	21	H	194	 	H	136	 
2	19	H	136	 	H	194	 
2	87	H	194	 	H	195	 
2	279	H	195	 	H	194	 
2	36959	H	194	 	H	196	 
2	37151	H	196	 	H	194	 
2	17	H	198	 	H	195	 
2	17	H	195	 	H	198	 
2	46431	H	198	 	H	196	 
2	46431	H	196	 	H	198	 
2	83	H	198	 	H	202	 
2	277	H	202	 	H	198	 
2	19	H	199	 	H	195	 
2	21	H	195	 	H	199	 
2	17	H	199	 	H	196	 
2	17	H	196	 	H	199	 
2	87	H	199	 	H	202	 
2	279	H	202	 	H	199	 
2	21	H	200	 	H	195	 
2	19	H	195	 	H	200	 
2	87	H	200	 	H	202	 
2	279	H	202	 	H	200	 
2	4	H	203	 	H	196	 
2	2	H	196	 	H	203	 
2	46175	H	203	 	H	202	 
2	46367	H	202	 	H	203	 
2	17	H	204	 	H	202	 
2	17	H	202	 	H	204	 
2	83	H	127	 	H	128	 
2	277	H	128	 	H	127	 
2	19	H	127	 	H	129	 
2	21	H	129	 	H	127	 
2	17	H	127	 	H	130	 
2	17	H	130	 	H	127	 
2	287	H	128	 	H	129	 
2	95	H	129	 	H	128	 
2	19	H	128	 	H	130	 
2	21	H	130	 	H	128	 
2	23	H	129	 	H	130	 
2	23	H	130	 	H	129	 
2	1	H	129	 	H	133	 
2	1	H	133	 	H	129	 
2	87	H	130	 	H	133	 
2	279	H	133	 	H	130	 
2	285	H	133	 	H	135	 
2	91	H	135	 	H	133	 
2	351	H	135	 	H	136	 
2	351	H	136	 	H	135	 
2	66	H	135	 	H	195	 
2	260	H	195	 	H	135	 
2	83	H	136	 	H	195	 
2	277	H	195	 	H	136	 
2	279	H	195	 	H	196	 
2	87	H	196	 	H	195	 
2	66	H	196	 	H	202	 
2	260	H	202	 	H	196	 
3	8	L	212	 	L	96	 
3	36872	L	212	 	L	46	 
3	36876	L	212	 	L	49	 
3	4	L	212	 	L	54	 
3	4	L	212	 	L	55	 
3	36876	L	212	 	L	56	 
3	36872	L	212	 	L	34	 
3	36872	L	212	 	L	36	 
3	36872	L	212	 	L	89	 
3	36872	L	212	 	L	91	 
3	36872	L	212	 	L	98	 
4	8	L	96	 	L	212	 
4	36872	L	46	 	L	212	 
4	36874	L	49	 	L	212	 
4	2	L	54	 	L	212	 
4	2	L	55	 	L	212	 
4	36874	L	56	 	L	212	 
4	36872	L	34	 	L	212	 
4	36872	L	36	 	L	212	 
4	36872	L	89	 	L	212	 
4	36872	L	91	 	L	212	 
4	36872	L	98	 	L	212	 
5	36872	L	212	 	H	35	 
5	36876	L	212	 	H	93	 
5	4	L	212	 	H	94	 
5	36876	L	212	 	H	95	 
5	36872	L	212	 	H	96	 
5	4	L	212	 	H	100	 
5	4	L	212	 	H	100	A
5	4	L	212	 	H	100	B
5	36876	L	212	 	H	101	 
5	36872	L	212	 	H	103	 
5	36872	L	212	 	H	37	 
5	8	L	212	 	H	47	 
6	36872	H	35	 	L	212	 
6	36874	H	93	 	L	212	 
6	2	H	94	 	L	212	 
6	36874	H	95	 	L	212	 
6	36872	H	96	 	L	212	 
6	2	H	100	 	L	212	 
6	2	H	100	A	L	212	 
6	2	H	100	B	L	212	 
6	36874	H	101	 	L	212	 
6	36872	H	103	 	L	212	 
6	36872	H	37	 	L	212	 
6	8	H	47	 	L	212	 
7	46088	L	96	 	H	50	 
7	55304	L	1	 	H	62	 
7	46090	L	94	 	H	58	 
7	36878	L	95	 	H	60	 
7	36872	L	95	 	H	61	 
7	36872	L	95	 	H	62	 
7	46088	L	96	 	H	58	 
7	8	L	96	 	H	35	 
7	36872	L	94	 	H	47	 
7	10	L	95	 	H	47	 
7	27	L	96	 	H	47	 
7	8	L	43	 	H	103	 
7	260	L	43	 	H	104	 
7	4	L	46	 	H	100	B
7	36942	L	46	 	H	101	 
7	260	L	56	 	H	100	 
7	46088	L	56	 	H	100	A
7	46154	L	43	 	H	91	 
7	260	L	43	 	H	105	 
7	260	L	43	 	H	106	 
7	8	L	91	 	H	33	 
7	46088	L	91	 	H	50	 
7	46088	L	36	 	H	101	 
7	9224	L	36	 	H	103	 
7	36938	L	44	 	H	103	 
7	46088	L	91	 	H	35	 
7	46088	L	91	 	H	95	 
7	36872	L	98	 	H	103	 
7	46088	L	38	 	H	39	 
7	36872	L	38	 	H	45	 
7	46088	L	38	 	H	91	 
7	66	L	42	 	H	91	 
7	36872	L	44	 	H	39	 
7	36872	L	44	 	H	45	 
7	74	L	44	 	H	91	 
7	46088	L	87	 	H	39	 
7	260	L	87	 	H	43	 
7	260	L	87	 	H	44	 
7	12	L	87	 	H	45	 
7	36872	L	98	 	H	37	 
7	36893	L	98	 	H	45	 
7	4	L	98	 	H	46	 
7	12	L	98	 	H	47	 
7	36872	L	160	 	H	177	 
7	36876	L	160	 	H	179	 
7	2	L	161	 	H	177	 
7	46088	L	180	 	H	145	 
7	46088	L	180	 	H	179	 
7	10	L	164	 	H	175	 
7	46154	L	138	 	H	172	 
7	4	L	164	 	H	173	 
7	36878	L	164	 	H	174	 
7	8	L	167	 	H	172	 
7	260	L	169	 	H	167	 
7	4	L	169	 	H	168	 
7	4	L	169	 	H	169	 
7	260	L	169	 	H	171	 
7	8	L	124	 	H	145	 
7	46088	L	131	 	H	145	 
7	37135	L	162	 	H	175	 
7	260	L	162	 	H	176	 
7	36874	L	162	 	H	177	 
7	19	L	163	 	H	175	 
7	36872	L	178	 	H	145	 
7	46088	L	116	 	H	139	 
7	12	L	118	 	H	124	 
7	4	L	118	 	H	125	 
7	12	L	118	 	H	126	 
7	36876	L	118	 	H	139	 
7	4	L	118	 	H	140	 
7	4	L	118	 	H	141	 
7	12	L	121	 	H	122	 
7	37132	L	121	 	H	123	 
7	36872	L	121	 	H	124	 
7	74	L	124	 	H	122	 
7	36872	L	124	 	H	143	 
7	36872	L	131	 	H	143	 
7	36872	L	133	 	H	124	 
7	36872	L	133	 	H	143	 
7	36872	L	133	 	H	188	 
7	36872	L	135	 	H	124	 
7	8	L	135	 	H	139	 
7	4	L	135	 	H	140	 
7	4	L	135	 	H	141	 
7	4	L	135	 	H	142	 
7	8	L	135	 	H	174	 
7	36876	L	135	 	H	188	 
7	4	L	135	 	H	189	 
7	36876	L	135	 	H	190	 
7	36872	L	137	 	H	139	 
7	46090	L	137	 	H	172	 
7	36872	L	137	 	H	174	 
7	46088	L	137	 	H	190	 
7	270	L	162	 	H	174	 
7	2	L	163	 	H	174	 
7	46088	L	174	 	H	172	 
7	10	L	174	 	H	174	 
7	2	L	175	 	H	174	 
7	10	L	176	 	H	174	 
7	46088	L	176	 	H	188	 
7	36872	L	178	 	H	143	 
7	46088	L	178	 	H	188	 
7	2	L	119	 	H	124	 
7	4	L	119	 	H	125	 
7	4	L	123	 	H	121	 
7	74	L	123	 	H	122	 
7	36872	L	123	 	H	123	 
7	55304	L	123	 	H	221	 
7	46088	L	127	 	H	122	 
8	46088	H	50	 	L	96	 
8	55304	H	62	 	L	1	 
8	46092	H	58	 	L	94	 
8	36878	H	60	 	L	95	 
8	36872	H	61	 	L	95	 
8	36872	H	62	 	L	95	 
8	46088	H	58	 	L	96	 
8	8	H	35	 	L	96	 
8	36872	H	47	 	L	94	 
8	12	H	47	 	L	95	 
8	29	H	47	 	L	96	 
8	8	H	103	 	L	43	 
8	66	H	104	 	L	43	 
8	2	H	100	B	L	46	 
8	37134	H	101	 	L	46	 
8	66	H	100	 	L	56	 
8	46088	H	100	A	L	56	 
8	46348	H	91	 	L	43	 
8	66	H	105	 	L	43	 
8	66	H	106	 	L	43	 
8	8	H	33	 	L	91	 
8	46088	H	50	 	L	91	 
8	46088	H	101	 	L	36	 
8	9224	H	103	 	L	36	 
8	37132	H	103	 	L	44	 
8	46088	H	35	 	L	91	 
8	46088	H	95	 	L	91	 
8	36872	H	103	 	L	98	 
8	46088	H	39	 	L	38	 
8	36872	H	45	 	L	38	 
8	46088	H	91	 	L	38	 
8	260	H	91	 	L	42	 
8	36872	H	39	 	L	44	 
8	36872	H	45	 	L	44	 
8	268	H	91	 	L	44	 
8	46088	H	39	 	L	87	 
8	66	H	43	 	L	87	 
8	66	H	44	 	L	87	 
8	10	H	45	 	L	87	 
8	36872	H	37	 	L	98	 
8	36891	H	45	 	L	98	 
8	2	H	46	 	L	98	 
8	10	H	47	 	L	98	 
8	36872	H	177	 	L	160	 
8	36874	H	179	 	L	160	 
8	4	H	177	 	L	161	 
8	46088	H	145	 	L	180	 
8	46088	H	179	 	L	180	 
8	12	H	175	 	L	164	 
8	46348	H	172	 	L	138	 
8	2	H	173	 	L	164	 
8	36878	H	174	 	L	164	 
8	8	H	172	 	L	167	 
8	66	H	167	 	L	169	 
8	2	H	168	 	L	169	 
8	2	H	169	 	L	169	 
8	66	H	171	 	L	169	 
8	8	H	145	 	L	124	 
8	46088	H	145	 	L	131	 
8	36943	H	175	 	L	162	 
8	66	H	176	 	L	162	 
8	36876	H	177	 	L	162	 
8	21	H	175	 	L	163	 
8	36872	H	145	 	L	178	 
8	46088	H	139	 	L	116	 
8	10	H	124	 	L	118	 
8	2	H	125	 	L	118	 
8	10	H	126	 	L	118	 
8	36874	H	139	 	L	118	 
8	2	H	140	 	L	118	 
8	2	H	141	 	L	118	 
8	10	H	122	 	L	121	 
8	36938	H	123	 	L	121	 
8	36872	H	124	 	L	121	 
8	268	H	122	 	L	124	 
8	36872	H	143	 	L	124	 
8	36872	H	143	 	L	131	 
8	36872	H	124	 	L	133	 
8	36872	H	143	 	L	133	 
8	36872	H	188	 	L	133	 
8	36872	H	124	 	L	135	 
8	8	H	139	 	L	135	 
8	2	H	140	 	L	135	 
8	2	H	141	 	L	135	 
8	2	H	142	 	L	135	 
8	8	H	174	 	L	135	 
8	36874	H	188	 	L	135	 
8	2	H	189	 	L	135	 
8	36874	H	190	 	L	135	 
8	36872	H	139	 	L	137	 
8	46092	H	172	 	L	137	 
8	36872	H	174	 	L	137	 
8	46088	H	190	 	L	137	 
8	78	H	174	 	L	162	 
8	4	H	174	 	L	163	 
8	46088	H	172	 	L	174	 
8	12	H	174	 	L	174	 
8	4	H	174	 	L	175	 
8	12	H	174	 	L	176	 
8	46088	H	188	 	L	176	 
8	36872	H	143	 	L	178	 
8	46088	H	188	 	L	178	 
8	4	H	124	 	L	119	 
8	2	H	125	 	L	119	 
8	2	H	121	 	L	123	 
8	268	H	122	 	L	123	 
8	36872	H	123	 	L	123	 
8	55304	H	221	 	L	123	 
8	46088	H	122	 	L	127	 
