1	343	A	577	 	A	578	 
1	343	A	578	 	A	577	 
1	46365	A	577	 	A	579	 
1	46171	A	579	 	A	577	 
1	95	A	578	 	A	579	 
1	287	A	579	 	A	578	 
1	268	A	577	 	A	580	 
1	74	A	580	 	A	577	 
1	17	A	578	 	A	580	 
1	17	A	580	 	A	578	 
1	23	A	579	 	A	580	 
1	23	A	580	 	A	579	 
1	21	A	577	 	A	573	 
1	19	A	573	 	A	577	 
1	21	A	577	 	A	574	 
1	19	A	574	 	A	577	 
1	17	A	577	 	A	575	 
1	17	A	575	 	A	577	 
1	23	A	577	 	A	576	 
1	23	A	576	 	A	577	 
1	277	A	578	 	A	576	 
1	83	A	576	 	A	578	 
1	23	A	421	 	A	422	 
1	23	A	422	 	A	421	 
1	9245	A	421	 	A	423	 
1	9243	A	423	 	A	421	 
1	287	A	421	 	A	545	 
1	95	A	545	 	A	421	 
1	12	A	421	 	A	546	 
1	10	A	546	 	A	421	 
1	12	A	421	 	A	547	 
1	10	A	547	 	A	421	 
1	23	A	422	 	A	423	 
1	23	A	423	 	A	422	 
1	21	A	422	 	A	545	 
1	19	A	545	 	A	422	 
1	83	A	422	 	A	546	 
1	277	A	546	 	A	422	 
1	46154	A	423	 	A	546	 
1	46348	A	546	 	A	423	 
1	87	A	545	 	A	546	 
1	279	A	546	 	A	545	 
1	1	A	545	 	A	547	 
1	1	A	547	 	A	545	 
1	287	A	546	 	A	547	 
1	95	A	547	 	A	546	 
1	46088	A	547	 	A	580	 
1	46088	A	580	 	A	547	 
1	2	A	421	 	A	430	 
1	4	A	430	 	A	421	 
1	17	A	422	 	A	424	 
1	17	A	424	 	A	422	 
1	14	A	422	 	A	426	 
1	14	A	426	 	A	422	 
1	14	A	422	 	A	427	 
1	14	A	427	 	A	422	 
1	36872	A	422	 	A	430	 
1	36872	A	430	 	A	422	 
1	36876	A	422	 	A	544	 
1	36874	A	544	 	A	422	 
1	279	A	423	 	A	424	 
1	87	A	424	 	A	423	 
1	95	A	423	 	A	425	 
1	287	A	425	 	A	423	 
1	95	A	423	 	A	426	 
1	287	A	426	 	A	423	 
1	19	A	423	 	A	427	 
1	21	A	427	 	A	423	 
1	23	A	545	 	A	544	 
1	23	A	544	 	A	545	 
1	46092	A	546	 	A	424	 
1	46090	A	424	 	A	546	 
1	36872	A	546	 	A	427	 
1	36872	A	427	 	A	546	 
1	17	A	546	 	A	544	 
1	17	A	544	 	A	546	 
1	36872	A	421	 	A	550	 
1	36872	A	550	 	A	421	 
1	78	A	545	 	A	549	 
1	270	A	549	 	A	545	 
1	12	A	545	 	A	550	 
1	10	A	550	 	A	545	 
1	9503	A	546	 	A	548	 
1	9311	A	548	 	A	546	 
1	46431	A	546	 	A	549	 
1	46431	A	549	 	A	546	 
1	19	A	546	 	A	550	 
1	21	A	550	 	A	546	 
1	23	A	547	 	A	548	 
1	23	A	548	 	A	547	 
1	17	A	547	 	A	549	 
1	17	A	549	 	A	547	 
1	27	A	547	 	A	550	 
1	29	A	550	 	A	547	 
1	17	A	421	 	A	419	 
1	17	A	419	 	A	421	 
1	23	A	421	 	A	420	 
1	23	A	420	 	A	421	 
1	10	A	421	 	A	570	 
1	12	A	570	 	A	421	 
1	8	A	421	 	A	574	 
1	8	A	574	 	A	421	 
1	36893	A	422	 	A	420	 
1	36891	A	420	 	A	422	 
1	8	A	545	 	A	419	 
1	8	A	419	 	A	545	 
1	21	A	545	 	A	420	 
1	19	A	420	 	A	545	 
1	36876	A	545	 	A	553	 
1	36874	A	553	 	A	545	 
1	36872	A	545	 	A	570	 
1	36872	A	570	 	A	545	 
1	36872	A	545	 	A	571	 
1	36872	A	571	 	A	545	 
1	36872	A	545	 	A	574	 
1	36872	A	574	 	A	545	 
1	21	A	545	 	A	543	 
1	19	A	543	 	A	545	 
1	10	A	545	 	A	518	 
1	12	A	518	 	A	545	 
1	8	A	545	 	A	552	 
1	8	A	552	 	A	545	 
1	8	A	545	 	A	556	 
1	8	A	556	 	A	545	 
1	87	A	424	 	A	425	 
1	279	A	425	 	A	424	 
1	17	A	424	 	A	426	 
1	17	A	426	 	A	424	 
1	55323	A	424	 	A	427	 
1	55325	A	427	 	A	424	 
1	17	A	424	 	A	428	 
1	17	A	428	 	A	424	 
1	46367	A	425	 	A	426	 
1	46175	A	426	 	A	425	 
1	17	A	425	 	A	427	 
1	17	A	427	 	A	425	 
1	23	A	426	 	A	427	 
1	23	A	427	 	A	426	 
1	17	A	426	 	A	428	 
1	17	A	428	 	A	426	 
1	83	A	426	 	A	429	 
1	277	A	429	 	A	426	 
1	19	A	426	 	A	430	 
1	21	A	430	 	A	426	 
1	17	A	426	 	A	431	 
1	17	A	431	 	A	426	 
1	23	A	427	 	A	428	 
1	23	A	428	 	A	427	 
1	17	A	427	 	A	429	 
1	17	A	429	 	A	427	 
1	19	A	427	 	A	430	 
1	21	A	430	 	A	427	 
1	19	A	427	 	A	431	 
1	21	A	431	 	A	427	 
1	17	A	427	 	A	432	 
1	17	A	432	 	A	427	 
1	270	A	427	 	A	516	 
1	78	A	516	 	A	427	 
1	270	A	427	 	A	544	 
1	78	A	544	 	A	427	 
1	87	A	428	 	A	429	 
1	279	A	429	 	A	428	 
1	17	A	428	 	A	430	 
1	17	A	430	 	A	428	 
1	19	A	428	 	A	431	 
1	21	A	431	 	A	428	 
1	19	A	428	 	A	432	 
1	21	A	432	 	A	428	 
1	36876	A	428	 	A	457	 
1	36874	A	457	 	A	428	 
1	14	A	428	 	A	460	 
1	14	A	460	 	A	428	 
1	10	A	428	 	A	516	 
1	12	A	516	 	A	428	 
1	279	A	429	 	A	430	 
1	87	A	430	 	A	429	 
1	17	A	429	 	A	431	 
1	17	A	431	 	A	429	 
1	19	A	429	 	A	432	 
1	21	A	432	 	A	429	 
1	23	A	430	 	A	431	 
1	23	A	431	 	A	430	 
1	17	A	430	 	A	432	 
1	17	A	432	 	A	430	 
1	10	A	430	 	A	544	 
1	12	A	544	 	A	430	 
1	23	A	431	 	A	432	 
1	23	A	432	 	A	431	 
1	36872	A	431	 	A	457	 
1	36872	A	457	 	A	431	 
1	36872	A	431	 	A	461	 
1	36872	A	461	 	A	431	 
1	8	A	431	 	A	516	 
1	8	A	516	 	A	431	 
1	10	A	431	 	A	544	 
1	12	A	544	 	A	431	 
1	36872	A	432	 	A	460	 
1	36872	A	460	 	A	432	 
1	36872	A	432	 	A	461	 
1	36872	A	461	 	A	432	 
1	36872	A	432	 	A	464	 
1	36872	A	464	 	A	432	 
1	36938	A	432	 	A	466	 
1	37132	A	466	 	A	432	 
1	17	A	457	 	A	459	 
1	17	A	459	 	A	457	 
1	27	A	457	 	A	460	 
1	29	A	460	 	A	457	 
1	36891	A	457	 	A	461	 
1	36893	A	461	 	A	457	 
1	36872	A	457	 	A	516	 
1	36872	A	516	 	A	457	 
1	279	A	459	 	A	460	 
1	87	A	460	 	A	459	 
1	17	A	459	 	A	461	 
1	17	A	461	 	A	459	 
1	17	A	459	 	A	464	 
1	17	A	464	 	A	459	 
1	31	A	460	 	A	461	 
1	31	A	461	 	A	460	 
1	36891	A	460	 	A	464	 
1	36893	A	464	 	A	460	 
1	19	A	461	 	A	464	 
1	21	A	464	 	A	461	 
1	31	A	461	 	A	466	 
1	31	A	466	 	A	461	 
1	36874	A	461	 	A	468	 
1	36876	A	468	 	A	461	 
1	31	A	464	 	A	466	 
1	31	A	466	 	A	464	 
1	83	A	466	 	A	468	 
1	277	A	468	 	A	466	 
1	27	A	516	 	A	544	 
1	29	A	544	 	A	516	 
1	17	A	457	 	A	462	 
1	17	A	462	 	A	457	 
1	27	A	459	 	A	462	 
1	29	A	462	 	A	459	 
1	46171	A	459	 	A	463	 
1	46365	A	463	 	A	459	 
1	17	A	460	 	A	462	 
1	17	A	462	 	A	460	 
1	19	A	460	 	A	463	 
1	21	A	463	 	A	460	 
1	23	A	461	 	A	462	 
1	23	A	462	 	A	461	 
1	17	A	461	 	A	463	 
1	17	A	463	 	A	461	 
1	17	A	461	 	A	465	 
1	17	A	465	 	A	461	 
1	17	A	464	 	A	462	 
1	17	A	462	 	A	464	 
1	23	A	464	 	A	463	 
1	23	A	463	 	A	464	 
1	21	A	464	 	A	465	 
1	19	A	465	 	A	464	 
1	19	A	466	 	A	462	 
1	21	A	462	 	A	466	 
1	21	A	466	 	A	465	 
1	19	A	465	 	A	466	 
1	23	A	466	 	A	467	 
1	23	A	467	 	A	466	 
1	268	A	468	 	A	462	 
1	74	A	462	 	A	468	 
1	279	A	468	 	A	467	 
1	87	A	467	 	A	468	 
1	64520	A	424	 	A	548	 
1	64520	A	548	 	A	424	 
1	2	A	544	 	A	549	 
1	4	A	549	 	A	544	 
1	36872	A	424	 	A	517	 
1	36872	A	517	 	A	424	 
1	55308	A	427	 	A	517	 
1	55306	A	517	 	A	427	 
1	46348	A	428	 	A	456	 
1	46154	A	456	 	A	428	 
1	36872	A	457	 	A	448	 
1	36872	A	448	 	A	457	 
1	17	A	457	 	A	452	 
1	17	A	452	 	A	457	 
1	21	A	457	 	A	453	 
1	19	A	453	 	A	457	 
1	21	A	457	 	A	454	 
1	19	A	454	 	A	457	 
1	17	A	457	 	A	455	 
1	17	A	455	 	A	457	 
1	87	A	457	 	A	456	 
1	279	A	456	 	A	457	 
1	23	A	457	 	A	458	 
1	23	A	458	 	A	457	 
1	36874	A	457	 	A	496	 
1	36876	A	496	 	A	457	 
1	17	A	459	 	A	454	 
1	17	A	454	 	A	459	 
1	21	A	459	 	A	455	 
1	19	A	455	 	A	459	 
1	21	A	459	 	A	456	 
1	19	A	456	 	A	459	 
1	23	A	459	 	A	458	 
1	23	A	458	 	A	459	 
1	21	A	460	 	A	456	 
1	19	A	456	 	A	460	 
1	17	A	460	 	A	458	 
1	17	A	458	 	A	460	 
1	21	A	461	 	A	458	 
1	19	A	458	 	A	461	 
1	36872	A	461	 	A	496	 
1	36872	A	496	 	A	461	 
1	46350	A	468	 	A	458	 
1	46158	A	458	 	A	468	 
1	343	A	468	 	A	469	 
1	343	A	469	 	A	468	 
1	1	A	468	 	A	470	 
1	1	A	470	 	A	468	 
1	8	A	468	 	A	496	 
1	8	A	496	 	A	468	 
1	12	A	516	 	A	448	 
1	10	A	448	 	A	516	 
1	31	A	516	 	A	517	 
1	31	A	517	 	A	516	 
1	1	A	544	 	A	517	 
1	1	A	517	 	A	544	 
1	36872	A	430	 	A	420	 
1	36872	A	420	 	A	430	 
1	31	A	544	 	A	420	 
1	31	A	420	 	A	544	 
1	19	A	429	 	A	433	 
1	21	A	433	 	A	429	 
1	19	A	430	 	A	433	 
1	21	A	433	 	A	430	 
1	27	A	430	 	A	434	 
1	29	A	434	 	A	430	 
1	17	A	431	 	A	433	 
1	17	A	433	 	A	431	 
1	36891	A	431	 	A	434	 
1	36893	A	434	 	A	431	 
1	36891	A	431	 	A	435	 
1	36893	A	435	 	A	431	 
1	17	A	431	 	A	436	 
1	17	A	436	 	A	431	 
1	36872	A	431	 	A	514	 
1	36872	A	514	 	A	431	 
1	23	A	432	 	A	433	 
1	23	A	433	 	A	432	 
1	17	A	432	 	A	434	 
1	17	A	434	 	A	432	 
1	36891	A	432	 	A	435	 
1	36893	A	435	 	A	432	 
1	91	A	432	 	A	436	 
1	285	A	436	 	A	432	 
1	36872	A	461	 	A	435	 
1	36872	A	435	 	A	461	 
1	36872	A	461	 	A	494	 
1	36872	A	494	 	A	461	 
1	12	A	466	 	A	435	 
1	10	A	435	 	A	466	 
1	46348	A	466	 	A	436	 
1	46154	A	436	 	A	466	 
1	8	A	466	 	A	494	 
1	8	A	494	 	A	466	 
1	287	A	468	 	A	494	 
1	95	A	494	 	A	468	 
1	31	A	516	 	A	514	 
1	31	A	514	 	A	516	 
1	36872	A	544	 	A	434	 
1	36872	A	434	 	A	544	 
1	8	A	544	 	A	514	 
1	8	A	514	 	A	544	 
1	25	A	544	 	A	542	 
1	25	A	542	 	A	544	 
1	87	A	544	 	A	543	 
1	279	A	543	 	A	544	 
1	17	A	516	 	A	518	 
1	17	A	518	 	A	516	 
1	19	A	544	 	A	518	 
1	21	A	518	 	A	544	 
1	36872	A	431	 	A	446	 
1	36872	A	446	 	A	431	 
1	36872	A	457	 	A	446	 
1	36872	A	446	 	A	457	 
1	10	A	516	 	A	446	 
1	12	A	446	 	A	516	 
1	21	A	516	 	A	447	 
1	19	A	447	 	A	516	 
1	23	A	516	 	A	515	 
1	23	A	515	 	A	516	 
1	23	A	544	 	A	515	 
1	23	A	515	 	A	544	 
1	66	A	468	 	A	486	 
1	260	A	486	 	A	468	 
1	67	A	468	 	A	492	 
1	261	A	492	 	A	468	 
1	31	A	462	 	A	463	 
1	31	A	463	 	A	462	 
1	17	A	462	 	A	465	 
1	17	A	465	 	A	462	 
1	17	A	463	 	A	465	 
1	17	A	465	 	A	463	 
1	17	A	465	 	A	467	 
1	17	A	467	 	A	465	 
1	21	A	462	 	A	458	 
1	19	A	458	 	A	462	 
1	1	A	467	 	A	469	 
1	1	A	469	 	A	467	 
1	27	A	467	 	A	493	 
1	29	A	493	 	A	467	 
1	19	A	467	 	A	494	 
1	21	A	494	 	A	467	 
1	5	A	467	 	A	491	 
1	3	A	491	 	A	467	 
1	36959	A	467	 	A	492	 
1	37151	A	492	 	A	467	 
1	95	A	548	 	A	549	 
1	287	A	549	 	A	548	 
1	17	A	548	 	A	550	 
1	17	A	550	 	A	548	 
1	66	A	548	 	A	551	 
1	260	A	551	 	A	548	 
1	23	A	549	 	A	550	 
1	23	A	550	 	A	549	 
1	19	A	549	 	A	551	 
1	21	A	551	 	A	549	 
1	31	A	550	 	A	551	 
1	31	A	551	 	A	550	 
1	55304	A	548	 	A	517	 
1	55304	A	517	 	A	548	 
1	83	A	549	 	A	553	 
1	277	A	553	 	A	549	 
1	91	A	550	 	A	553	 
1	285	A	553	 	A	550	 
1	36874	A	550	 	A	574	 
1	36876	A	574	 	A	550	 
1	83	A	551	 	A	553	 
1	277	A	553	 	A	551	 
1	17	A	520	 	A	518	 
1	17	A	518	 	A	520	 
1	279	A	520	 	A	519	 
1	87	A	519	 	A	520	 
1	46367	A	520	 	A	521	 
1	46175	A	521	 	A	520	 
1	17	A	520	 	A	522	 
1	17	A	522	 	A	520	 
1	2	A	520	 	A	552	 
1	4	A	552	 	A	520	 
1	37132	A	549	 	A	518	 
1	36938	A	518	 	A	549	 
1	260	A	549	 	A	519	 
1	66	A	519	 	A	549	 
1	27	A	549	 	A	552	 
1	29	A	552	 	A	549	 
1	17	A	550	 	A	552	 
1	17	A	552	 	A	550	 
1	23	A	551	 	A	552	 
1	23	A	552	 	A	551	 
1	66	A	520	 	A	524	 
1	260	A	524	 	A	520	 
1	23	A	448	 	A	449	 
1	23	A	449	 	A	448	 
1	21	A	448	 	A	450	 
1	19	A	450	 	A	448	 
1	4	A	448	 	A	453	 
1	2	A	453	 	A	448	 
1	36876	A	448	 	A	454	 
1	36874	A	454	 	A	448	 
1	36872	A	448	 	A	496	 
1	36872	A	496	 	A	448	 
1	21	A	448	 	A	497	 
1	19	A	497	 	A	448	 
1	36895	A	448	 	A	498	 
1	36895	A	498	 	A	448	 
1	36939	A	448	 	A	517	 
1	37133	A	517	 	A	448	 
1	95	A	449	 	A	450	 
1	287	A	450	 	A	449	 
1	17	A	449	 	A	451	 
1	17	A	451	 	A	449	 
1	2	A	449	 	A	498	 
1	4	A	498	 	A	449	 
1	74	A	449	 	A	517	 
1	268	A	517	 	A	449	 
1	279	A	450	 	A	451	 
1	87	A	451	 	A	450	 
1	285	A	450	 	A	452	 
1	91	A	452	 	A	450	 
1	277	A	450	 	A	453	 
1	83	A	453	 	A	450	 
1	279	A	450	 	A	454	 
1	87	A	454	 	A	450	 
1	2	A	450	 	A	498	 
1	4	A	498	 	A	450	 
1	23	A	451	 	A	452	 
1	23	A	452	 	A	451	 
1	17	A	451	 	A	453	 
1	17	A	453	 	A	451	 
1	19	A	451	 	A	454	 
1	21	A	454	 	A	451	 
1	19	A	451	 	A	455	 
1	21	A	455	 	A	451	 
1	78	A	451	 	A	472	 
1	270	A	472	 	A	451	 
1	4	A	451	 	A	473	 
1	2	A	473	 	A	451	 
1	55308	A	451	 	A	474	 
1	55306	A	474	 	A	451	 
1	10	A	451	 	A	498	 
1	12	A	498	 	A	451	 
1	21	A	452	 	A	453	 
1	19	A	453	 	A	452	 
1	17	A	452	 	A	454	 
1	17	A	454	 	A	452	 
1	19	A	452	 	A	455	 
1	21	A	455	 	A	452	 
1	83	A	452	 	A	456	 
1	277	A	456	 	A	452	 
1	19	A	453	 	A	454	 
1	21	A	454	 	A	453	 
1	17	A	453	 	A	455	 
1	17	A	455	 	A	453	 
1	83	A	453	 	A	456	 
1	277	A	456	 	A	453	 
1	17	A	453	 	A	458	 
1	17	A	458	 	A	453	 
1	23	A	454	 	A	455	 
1	23	A	455	 	A	454	 
1	17	A	454	 	A	456	 
1	17	A	456	 	A	454	 
1	19	A	454	 	A	458	 
1	21	A	458	 	A	454	 
1	36938	A	454	 	A	470	 
1	37132	A	470	 	A	454	 
1	4	A	454	 	A	471	 
1	2	A	471	 	A	454	 
1	36874	A	454	 	A	472	 
1	36876	A	472	 	A	454	 
1	36878	A	454	 	A	496	 
1	36878	A	496	 	A	454	 
1	36876	A	454	 	A	498	 
1	36874	A	498	 	A	454	 
1	23	A	455	 	A	456	 
1	23	A	456	 	A	455	 
1	36891	A	455	 	A	458	 
1	36893	A	458	 	A	455	 
1	46088	A	455	 	A	470	 
1	46088	A	470	 	A	455	 
1	46154	A	455	 	A	472	 
1	46348	A	472	 	A	455	 
1	64522	A	455	 	A	475	 
1	64524	A	475	 	A	455	 
1	17	A	456	 	A	458	 
1	17	A	458	 	A	456	 
1	46348	A	458	 	A	469	 
1	46154	A	469	 	A	458	 
1	46348	A	458	 	A	470	 
1	46154	A	470	 	A	458	 
1	55304	A	458	 	A	475	 
1	55304	A	475	 	A	458	 
1	10	A	458	 	A	496	 
1	12	A	496	 	A	458	 
1	343	A	469	 	A	470	 
1	343	A	470	 	A	469	 
1	17	A	469	 	A	471	 
1	17	A	471	 	A	469	 
1	19	A	469	 	A	496	 
1	21	A	496	 	A	469	 
1	279	A	470	 	A	471	 
1	87	A	471	 	A	470	 
1	25	A	470	 	A	472	 
1	25	A	472	 	A	470	 
1	46154	A	470	 	A	475	 
1	46348	A	475	 	A	470	 
1	287	A	470	 	A	496	 
1	95	A	496	 	A	470	 
1	23	A	471	 	A	472	 
1	23	A	472	 	A	471	 
1	1	A	471	 	A	473	 
1	1	A	473	 	A	471	 
1	2	A	471	 	A	475	 
1	4	A	475	 	A	471	 
1	21	A	471	 	A	496	 
1	19	A	496	 	A	471	 
1	27	A	471	 	A	497	 
1	29	A	497	 	A	471	 
1	83	A	471	 	A	498	 
1	277	A	498	 	A	471	 
1	277	A	472	 	A	473	 
1	83	A	473	 	A	472	 
1	285	A	472	 	A	474	 
1	91	A	474	 	A	472	 
1	46367	A	472	 	A	475	 
1	46175	A	475	 	A	472	 
1	14	A	472	 	A	498	 
1	14	A	498	 	A	472	 
1	19	A	473	 	A	474	 
1	21	A	474	 	A	473	 
1	17	A	473	 	A	475	 
1	17	A	475	 	A	473	 
1	66	A	473	 	A	498	 
1	260	A	498	 	A	473	 
1	23	A	474	 	A	475	 
1	23	A	475	 	A	474	 
1	23	A	496	 	A	497	 
1	23	A	497	 	A	496	 
1	17	A	496	 	A	498	 
1	17	A	498	 	A	496	 
1	23	A	497	 	A	498	 
1	23	A	498	 	A	497	 
1	17	A	474	 	A	476	 
1	17	A	476	 	A	474	 
1	2	A	474	 	A	479	 
1	4	A	479	 	A	474	 
1	87	A	475	 	A	476	 
1	279	A	476	 	A	475	 
1	17	A	475	 	A	477	 
1	17	A	477	 	A	475	 
1	9290	A	475	 	A	479	 
1	9484	A	479	 	A	475	 
1	21	A	469	 	A	494	 
1	19	A	494	 	A	469	 
1	27	A	496	 	A	494	 
1	29	A	494	 	A	496	 
1	4	A	449	 	A	518	 
1	2	A	518	 	A	449	 
1	260	A	449	 	A	519	 
1	66	A	519	 	A	449	 
1	23	A	517	 	A	518	 
1	23	A	518	 	A	517	 
1	19	A	517	 	A	519	 
1	21	A	519	 	A	517	 
1	36893	A	448	 	A	446	 
1	36891	A	446	 	A	448	 
1	23	A	448	 	A	447	 
1	23	A	447	 	A	448	 
1	17	A	448	 	A	499	 
1	17	A	499	 	A	448	 
1	66	A	448	 	A	528	 
1	260	A	528	 	A	448	 
1	17	A	449	 	A	447	 
1	17	A	447	 	A	449	 
1	55304	A	449	 	A	528	 
1	55304	A	528	 	A	449	 
1	12	A	469	 	A	487	 
1	10	A	487	 	A	469	 
1	36895	A	469	 	A	495	 
1	36895	A	495	 	A	469	 
1	2	A	470	 	A	495	 
1	4	A	495	 	A	470	 
1	12	A	471	 	A	480	 
1	10	A	480	 	A	471	 
1	36874	A	471	 	A	495	 
1	36876	A	495	 	A	471	 
1	14	A	471	 	A	501	 
1	14	A	501	 	A	471	 
1	11	A	472	 	A	501	 
1	13	A	501	 	A	472	 
1	3	A	473	 	A	501	 
1	5	A	501	 	A	473	 
1	12	A	475	 	A	480	 
1	10	A	480	 	A	475	 
1	36895	A	496	 	A	446	 
1	36895	A	446	 	A	496	 
1	23	A	496	 	A	495	 
1	23	A	495	 	A	496	 
1	36872	A	497	 	A	445	 
1	36872	A	445	 	A	497	 
1	21	A	497	 	A	446	 
1	19	A	446	 	A	497	 
1	27	A	497	 	A	447	 
1	29	A	447	 	A	497	 
1	36895	A	497	 	A	495	 
1	36895	A	495	 	A	497	 
1	17	A	497	 	A	499	 
1	17	A	499	 	A	497	 
1	36876	A	497	 	A	502	 
1	36874	A	502	 	A	497	 
1	2	A	498	 	A	447	 
1	4	A	447	 	A	498	 
1	279	A	498	 	A	499	 
1	87	A	499	 	A	498	 
1	37151	A	498	 	A	500	 
1	36959	A	500	 	A	498	 
1	37151	A	498	 	A	501	 
1	36959	A	501	 	A	498	 
1	19	A	498	 	A	502	 
1	21	A	502	 	A	498	 
1	23	A	517	 	A	447	 
1	23	A	447	 	A	517	 
1	19	A	517	 	A	515	 
1	21	A	515	 	A	517	 
1	66	A	517	 	A	528	 
1	260	A	528	 	A	517	 
1	37132	A	469	 	A	483	 
1	36938	A	483	 	A	469	 
1	46088	A	469	 	A	486	 
1	46088	A	486	 	A	469	 
1	95	A	469	 	A	492	 
1	287	A	492	 	A	469	 
1	2	A	470	 	A	483	 
1	4	A	483	 	A	470	 
1	36876	A	471	 	A	483	 
1	36874	A	483	 	A	471	 
1	36876	A	471	 	A	484	 
1	36874	A	484	 	A	471	 
1	279	A	476	 	A	477	 
1	87	A	477	 	A	476	 
1	285	A	476	 	A	478	 
1	91	A	478	 	A	476	 
1	46431	A	476	 	A	479	 
1	46431	A	479	 	A	476	 
1	23	A	477	 	A	478	 
1	23	A	478	 	A	477	 
1	17	A	477	 	A	479	 
1	17	A	479	 	A	477	 
1	64543	A	478	 	A	479	 
1	64543	A	479	 	A	478	 
1	64539	A	478	 	A	482	 
1	64541	A	482	 	A	478	 
1	36955	A	479	 	A	482	 
1	37149	A	482	 	A	479	 
1	279	A	476	 	A	480	 
1	87	A	480	 	A	476	 
1	9243	A	477	 	A	480	 
1	9245	A	480	 	A	477	 
1	19	A	478	 	A	480	 
1	21	A	480	 	A	478	 
1	23	A	479	 	A	480	 
1	23	A	480	 	A	479	 
1	17	A	482	 	A	480	 
1	17	A	480	 	A	482	 
1	46111	A	477	 	A	481	 
1	46111	A	481	 	A	477	 
1	19	A	478	 	A	481	 
1	21	A	481	 	A	478	 
1	17	A	478	 	A	483	 
1	17	A	483	 	A	478	 
1	17	A	479	 	A	481	 
1	17	A	481	 	A	479	 
1	19	A	479	 	A	483	 
1	21	A	483	 	A	479	 
1	23	A	482	 	A	481	 
1	23	A	481	 	A	482	 
1	23	A	482	 	A	483	 
1	23	A	483	 	A	482	 
1	17	A	482	 	A	484	 
1	17	A	484	 	A	482	 
1	19	A	482	 	A	485	 
1	21	A	485	 	A	482	 
1	27	A	482	 	A	486	 
1	29	A	486	 	A	482	 
1	17	A	417	 	A	419	 
1	17	A	419	 	A	417	 
1	36874	A	417	 	A	560	 
1	36876	A	560	 	A	417	 
1	36872	A	417	 	A	563	 
1	36872	A	563	 	A	417	 
1	46154	A	417	 	A	565	 
1	46348	A	565	 	A	417	 
1	17	A	417	 	A	566	 
1	17	A	566	 	A	417	 
1	23	A	419	 	A	420	 
1	23	A	420	 	A	419	 
1	36872	A	419	 	A	560	 
1	36872	A	560	 	A	419	 
1	36874	A	419	 	A	568	 
1	36876	A	568	 	A	419	 
1	36938	A	419	 	A	570	 
1	37132	A	570	 	A	419	 
1	2	A	420	 	A	570	 
1	4	A	570	 	A	420	 
1	19	A	553	 	A	557	 
1	21	A	557	 	A	553	 
1	36878	A	553	 	A	571	 
1	36878	A	571	 	A	553	 
1	36876	A	553	 	A	574	 
1	36874	A	574	 	A	553	 
1	36876	A	553	 	A	575	 
1	36874	A	575	 	A	553	 
1	19	A	557	 	A	560	 
1	21	A	560	 	A	557	 
1	36891	A	557	 	A	561	 
1	36893	A	561	 	A	557	 
1	36874	A	557	 	A	567	 
1	36876	A	567	 	A	557	 
1	36878	A	557	 	A	571	 
1	36878	A	571	 	A	557	 
1	12	A	557	 	A	572	 
1	10	A	572	 	A	557	 
1	36872	A	557	 	A	575	 
1	36872	A	575	 	A	557	 
1	36872	A	557	 	A	576	 
1	36872	A	576	 	A	557	 
1	23	A	560	 	A	561	 
1	23	A	561	 	A	560	 
1	19	A	560	 	A	563	 
1	21	A	563	 	A	560	 
1	17	A	560	 	A	564	 
1	17	A	564	 	A	560	 
1	31	A	560	 	A	565	 
1	31	A	565	 	A	560	 
1	4	A	560	 	A	566	 
1	2	A	566	 	A	560	 
1	36878	A	560	 	A	567	 
1	36878	A	567	 	A	560	 
1	8	A	560	 	A	568	 
1	8	A	568	 	A	560	 
1	36872	A	560	 	A	571	 
1	36872	A	571	 	A	560	 
1	17	A	561	 	A	563	 
1	17	A	563	 	A	561	 
1	19	A	561	 	A	564	 
1	21	A	564	 	A	561	 
1	17	A	561	 	A	565	 
1	17	A	565	 	A	561	 
1	36874	A	561	 	A	567	 
1	36876	A	567	 	A	561	 
1	23	A	563	 	A	564	 
1	23	A	564	 	A	563	 
1	36959	A	563	 	A	565	 
1	37151	A	565	 	A	563	 
1	87	A	564	 	A	565	 
1	279	A	565	 	A	564	 
1	17	A	564	 	A	566	 
1	17	A	566	 	A	564	 
1	279	A	565	 	A	566	 
1	87	A	566	 	A	565	 
1	19	A	565	 	A	567	 
1	21	A	567	 	A	565	 
1	279	A	566	 	A	567	 
1	87	A	567	 	A	566	 
1	19	A	566	 	A	568	 
1	21	A	568	 	A	566	 
1	31	A	567	 	A	568	 
1	31	A	568	 	A	567	 
1	83	A	567	 	A	569	 
1	277	A	569	 	A	567	 
1	36872	A	567	 	A	571	 
1	36872	A	571	 	A	567	 
1	36878	A	567	 	A	572	 
1	36878	A	572	 	A	567	 
1	87	A	568	 	A	569	 
1	279	A	569	 	A	568	 
1	36895	A	568	 	A	570	 
1	36895	A	570	 	A	568	 
1	36895	A	568	 	A	571	 
1	36895	A	571	 	A	568	 
1	19	A	568	 	A	572	 
1	21	A	572	 	A	568	 
1	279	A	569	 	A	570	 
1	87	A	570	 	A	569	 
1	17	A	569	 	A	571	 
1	17	A	571	 	A	569	 
1	46107	A	569	 	A	572	 
1	46109	A	572	 	A	569	 
1	91	A	569	 	A	573	 
1	285	A	573	 	A	569	 
1	36895	A	570	 	A	571	 
1	36895	A	571	 	A	570	 
1	17	A	570	 	A	572	 
1	17	A	572	 	A	570	 
1	83	A	570	 	A	573	 
1	277	A	573	 	A	570	 
1	27	A	570	 	A	574	 
1	29	A	574	 	A	570	 
1	23	A	571	 	A	572	 
1	23	A	572	 	A	571	 
1	19	A	571	 	A	573	 
1	21	A	573	 	A	571	 
1	19	A	571	 	A	574	 
1	21	A	574	 	A	571	 
1	19	A	571	 	A	575	 
1	21	A	575	 	A	571	 
1	36895	A	572	 	A	573	 
1	36895	A	573	 	A	572	 
1	17	A	572	 	A	574	 
1	17	A	574	 	A	572	 
1	19	A	572	 	A	575	 
1	21	A	575	 	A	572	 
1	27	A	572	 	A	576	 
1	29	A	576	 	A	572	 
1	23	A	573	 	A	574	 
1	23	A	574	 	A	573	 
1	19	A	573	 	A	575	 
1	21	A	575	 	A	573	 
1	19	A	573	 	A	576	 
1	21	A	576	 	A	573	 
1	23	A	574	 	A	575	 
1	23	A	575	 	A	574	 
1	17	A	574	 	A	576	 
1	17	A	576	 	A	574	 
1	31	A	575	 	A	576	 
1	31	A	576	 	A	575	 
1	31	A	417	 	A	415	 
1	31	A	415	 	A	417	 
1	87	A	417	 	A	416	 
1	279	A	416	 	A	417	 
1	23	A	417	 	A	418	 
1	23	A	418	 	A	417	 
1	31	A	417	 	A	541	 
1	31	A	541	 	A	417	 
1	23	A	419	 	A	418	 
1	23	A	418	 	A	419	 
1	36895	A	419	 	A	543	 
1	36895	A	543	 	A	419	 
1	17	A	420	 	A	418	 
1	17	A	418	 	A	420	 
1	36872	A	420	 	A	542	 
1	36872	A	542	 	A	420	 
1	21	A	420	 	A	543	 
1	19	A	543	 	A	420	 
1	260	A	565	 	A	415	 
1	66	A	415	 	A	565	 
1	46348	A	565	 	A	416	 
1	46154	A	416	 	A	565	 
1	36872	A	417	 	A	413	 
1	36872	A	413	 	A	417	 
1	46090	A	417	 	A	525	 
1	46092	A	525	 	A	417	 
1	36872	A	417	 	A	559	 
1	36872	A	559	 	A	417	 
1	36872	A	419	 	A	525	 
1	36872	A	525	 	A	419	 
1	36872	A	419	 	A	556	 
1	36872	A	556	 	A	419	 
1	279	A	553	 	A	552	 
1	87	A	552	 	A	553	 
1	287	A	553	 	A	554	 
1	95	A	554	 	A	553	 
1	17	A	553	 	A	555	 
1	17	A	555	 	A	553	 
1	19	A	553	 	A	556	 
1	21	A	556	 	A	553	 
1	17	A	553	 	A	558	 
1	17	A	558	 	A	553	 
1	17	A	557	 	A	552	 
1	17	A	552	 	A	557	 
1	21	A	557	 	A	554	 
1	19	A	554	 	A	557	 
1	17	A	557	 	A	555	 
1	17	A	555	 	A	557	 
1	23	A	557	 	A	556	 
1	23	A	556	 	A	557	 
1	36895	A	557	 	A	558	 
1	36895	A	558	 	A	557	 
1	17	A	557	 	A	559	 
1	17	A	559	 	A	557	 
1	17	A	557	 	A	562	 
1	17	A	562	 	A	557	 
1	36872	A	560	 	A	525	 
1	36872	A	525	 	A	560	 
1	36893	A	560	 	A	556	 
1	36891	A	556	 	A	560	 
1	17	A	560	 	A	558	 
1	17	A	558	 	A	560	 
1	23	A	560	 	A	559	 
1	23	A	559	 	A	560	 
1	17	A	560	 	A	562	 
1	17	A	562	 	A	560	 
1	17	A	561	 	A	556	 
1	17	A	556	 	A	561	 
1	21	A	561	 	A	558	 
1	19	A	558	 	A	561	 
1	17	A	561	 	A	559	 
1	17	A	559	 	A	561	 
1	23	A	561	 	A	562	 
1	23	A	562	 	A	561	 
1	36938	A	563	 	A	413	 
1	37132	A	413	 	A	563	 
1	21	A	563	 	A	559	 
1	19	A	559	 	A	563	 
1	23	A	563	 	A	562	 
1	23	A	562	 	A	563	 
1	21	A	564	 	A	562	 
1	19	A	562	 	A	564	 
1	36876	A	571	 	A	556	 
1	36874	A	556	 	A	571	 
1	36942	A	575	 	A	554	 
1	37134	A	554	 	A	575	 
1	46090	A	576	 	A	554	 
1	46092	A	554	 	A	576	 
1	36872	A	417	 	A	529	 
1	36872	A	529	 	A	417	 
1	31	A	414	 	A	415	 
1	31	A	415	 	A	414	 
1	17	A	414	 	A	416	 
1	17	A	416	 	A	414	 
1	21	A	414	 	A	538	 
1	19	A	538	 	A	414	 
1	17	A	414	 	A	539	 
1	17	A	539	 	A	414	 
1	87	A	415	 	A	416	 
1	279	A	416	 	A	415	 
1	21	A	415	 	A	539	 
1	19	A	539	 	A	415	 
1	5	A	415	 	A	540	 
1	3	A	540	 	A	415	 
1	12	A	415	 	A	541	 
1	10	A	541	 	A	415	 
1	36889	A	416	 	A	418	 
1	36889	A	418	 	A	416	 
1	277	A	416	 	A	539	 
1	83	A	539	 	A	416	 
1	36895	A	416	 	A	540	 
1	36895	A	540	 	A	416	 
1	19	A	416	 	A	541	 
1	21	A	541	 	A	416	 
1	36874	A	418	 	A	540	 
1	36876	A	540	 	A	418	 
1	21	A	418	 	A	541	 
1	19	A	541	 	A	418	 
1	95	A	418	 	A	542	 
1	287	A	542	 	A	418	 
1	83	A	418	 	A	543	 
1	277	A	543	 	A	418	 
1	279	A	433	 	A	434	 
1	87	A	434	 	A	433	 
1	17	A	433	 	A	435	 
1	17	A	435	 	A	433	 
1	83	A	433	 	A	436	 
1	277	A	436	 	A	433	 
1	19	A	433	 	A	437	 
1	21	A	437	 	A	433	 
1	23	A	434	 	A	435	 
1	23	A	435	 	A	434	 
1	17	A	434	 	A	436	 
1	17	A	436	 	A	434	 
1	19	A	434	 	A	437	 
1	21	A	437	 	A	434	 
1	83	A	434	 	A	438	 
1	277	A	438	 	A	434	 
1	36872	A	434	 	A	512	 
1	36872	A	512	 	A	434	 
1	36872	A	434	 	A	514	 
1	36872	A	514	 	A	434	 
1	36872	A	434	 	A	542	 
1	36872	A	542	 	A	434	 
1	87	A	435	 	A	436	 
1	279	A	436	 	A	435	 
1	17	A	435	 	A	437	 
1	17	A	437	 	A	435	 
1	36955	A	435	 	A	438	 
1	37149	A	438	 	A	435	 
1	36872	A	435	 	A	444	 
1	36872	A	444	 	A	435	 
1	36872	A	435	 	A	494	 
1	36872	A	494	 	A	435	 
1	36872	A	435	 	A	514	 
1	36872	A	514	 	A	435	 
1	23	A	436	 	A	437	 
1	23	A	437	 	A	436	 
1	83	A	436	 	A	438	 
1	277	A	438	 	A	436	 
1	87	A	437	 	A	438	 
1	279	A	438	 	A	437	 
1	17	A	437	 	A	439	 
1	17	A	439	 	A	437	 
1	277	A	438	 	A	439	 
1	83	A	439	 	A	438	 
1	17	A	438	 	A	440	 
1	17	A	440	 	A	438	 
1	36876	A	438	 	A	442	 
1	36874	A	442	 	A	438	 
1	46088	A	438	 	A	444	 
1	46088	A	444	 	A	438	 
1	19	A	439	 	A	440	 
1	21	A	440	 	A	439	 
1	83	A	439	 	A	442	 
1	277	A	442	 	A	439	 
1	46175	A	440	 	A	442	 
1	46367	A	442	 	A	440	 
1	8	A	440	 	A	511	 
1	8	A	511	 	A	440	 
1	279	A	442	 	A	443	 
1	87	A	443	 	A	442	 
1	83	A	442	 	A	444	 
1	277	A	444	 	A	442	 
1	3	A	442	 	A	493	 
1	5	A	493	 	A	442	 
1	10	A	442	 	A	511	 
1	12	A	511	 	A	442	 
1	87	A	443	 	A	444	 
1	279	A	444	 	A	443	 
1	31	A	443	 	A	493	 
1	31	A	493	 	A	443	 
1	23	A	443	 	A	511	 
1	23	A	511	 	A	443	 
1	19	A	443	 	A	512	 
1	21	A	512	 	A	443	 
1	277	A	444	 	A	493	 
1	83	A	493	 	A	444	 
1	31	A	444	 	A	494	 
1	31	A	494	 	A	444	 
1	9503	A	444	 	A	512	 
1	9311	A	512	 	A	444	 
1	36872	A	444	 	A	514	 
1	36872	A	514	 	A	444	 
1	31	A	493	 	A	494	 
1	31	A	494	 	A	493	 
1	31	A	511	 	A	512	 
1	31	A	512	 	A	511	 
1	17	A	511	 	A	513	 
1	17	A	513	 	A	511	 
1	5	A	511	 	A	538	 
1	3	A	538	 	A	511	 
1	1	A	511	 	A	539	 
1	1	A	539	 	A	511	 
1	19	A	511	 	A	540	 
1	21	A	540	 	A	511	 
1	279	A	512	 	A	513	 
1	87	A	513	 	A	512	 
1	36895	A	512	 	A	514	 
1	36895	A	514	 	A	512	 
1	37151	A	512	 	A	540	 
1	36959	A	540	 	A	512	 
1	260	A	512	 	A	541	 
1	66	A	541	 	A	512	 
1	46348	A	512	 	A	542	 
1	46154	A	542	 	A	512	 
1	23	A	513	 	A	514	 
1	23	A	514	 	A	513	 
1	21	A	513	 	A	540	 
1	19	A	540	 	A	513	 
1	36895	A	513	 	A	541	 
1	36895	A	541	 	A	513	 
1	83	A	513	 	A	542	 
1	277	A	542	 	A	513	 
1	29	A	514	 	A	542	 
1	27	A	542	 	A	514	 
1	21	A	538	 	A	539	 
1	19	A	539	 	A	538	 
1	17	A	538	 	A	540	 
1	17	A	540	 	A	538	 
1	19	A	539	 	A	540	 
1	21	A	540	 	A	539	 
1	17	A	539	 	A	541	 
1	17	A	541	 	A	539	 
1	23	A	540	 	A	541	 
1	23	A	541	 	A	540	 
1	36893	A	540	 	A	542	 
1	36891	A	542	 	A	540	 
1	87	A	541	 	A	542	 
1	279	A	542	 	A	541	 
1	83	A	541	 	A	543	 
1	277	A	543	 	A	541	 
1	343	A	542	 	A	543	 
1	343	A	543	 	A	542	 
1	17	A	439	 	A	441	 
1	17	A	441	 	A	439	 
1	23	A	440	 	A	441	 
1	23	A	441	 	A	440	 
1	343	A	442	 	A	441	 
1	343	A	441	 	A	442	 
1	36955	A	443	 	A	441	 
1	37149	A	441	 	A	443	 
1	4	A	443	 	A	490	 
1	2	A	490	 	A	443	 
1	36874	A	493	 	A	441	 
1	36876	A	441	 	A	493	 
1	21	A	493	 	A	490	 
1	19	A	490	 	A	493	 
1	21	A	493	 	A	491	 
1	19	A	491	 	A	493	 
1	260	A	511	 	A	441	 
1	66	A	441	 	A	511	 
1	23	A	414	 	A	413	 
1	23	A	413	 	A	414	 
1	21	A	415	 	A	413	 
1	19	A	413	 	A	415	 
1	36874	A	543	 	A	518	 
1	36876	A	518	 	A	543	 
1	46088	A	543	 	A	525	 
1	46088	A	525	 	A	543	 
1	17	A	414	 	A	412	 
1	17	A	412	 	A	414	 
1	261	A	414	 	A	533	 
1	67	A	533	 	A	414	 
1	260	A	414	 	A	534	 
1	66	A	534	 	A	414	 
1	12	A	415	 	A	411	 
1	10	A	411	 	A	415	 
1	21	A	415	 	A	412	 
1	19	A	412	 	A	415	 
1	36876	A	415	 	A	529	 
1	36874	A	529	 	A	415	 
1	4	A	415	 	A	530	 
1	2	A	530	 	A	415	 
1	36876	A	415	 	A	532	 
1	36874	A	532	 	A	415	 
1	4	A	415	 	A	533	 
1	2	A	533	 	A	415	 
1	17	A	443	 	A	445	 
1	17	A	445	 	A	443	 
1	36878	A	443	 	A	487	 
1	36878	A	487	 	A	443	 
1	36893	A	443	 	A	509	 
1	36891	A	509	 	A	443	 
1	15	A	443	 	A	510	 
1	15	A	510	 	A	443	 
1	279	A	444	 	A	445	 
1	87	A	445	 	A	444	 
1	36895	A	444	 	A	446	 
1	36895	A	446	 	A	444	 
1	2	A	444	 	A	487	 
1	4	A	487	 	A	444	 
1	19	A	444	 	A	495	 
1	21	A	495	 	A	444	 
1	2	A	444	 	A	510	 
1	4	A	510	 	A	444	 
1	19	A	493	 	A	487	 
1	21	A	487	 	A	493	 
1	17	A	493	 	A	495	 
1	17	A	495	 	A	493	 
1	8	A	494	 	A	446	 
1	8	A	446	 	A	494	 
1	2	A	494	 	A	487	 
1	4	A	487	 	A	494	 
1	23	A	494	 	A	495	 
1	23	A	495	 	A	494	 
1	21	A	511	 	A	509	 
1	19	A	509	 	A	511	 
1	23	A	511	 	A	510	 
1	23	A	510	 	A	511	 
1	66	A	511	 	A	532	 
1	260	A	532	 	A	511	 
1	19	A	512	 	A	445	 
1	21	A	445	 	A	512	 
1	19	A	512	 	A	510	 
1	21	A	510	 	A	512	 
1	66	A	512	 	A	532	 
1	260	A	532	 	A	512	 
1	36895	A	513	 	A	445	 
1	36895	A	445	 	A	513	 
1	8	A	513	 	A	447	 
1	8	A	447	 	A	513	 
1	36874	A	513	 	A	510	 
1	36876	A	510	 	A	513	 
1	36893	A	513	 	A	515	 
1	36891	A	515	 	A	513	 
1	12	A	513	 	A	528	 
1	10	A	528	 	A	513	 
1	12	A	513	 	A	529	 
1	10	A	529	 	A	513	 
1	12	A	513	 	A	531	 
1	10	A	531	 	A	513	 
1	36942	A	513	 	A	532	 
1	37134	A	532	 	A	513	 
1	21	A	514	 	A	445	 
1	19	A	445	 	A	514	 
1	36895	A	514	 	A	446	 
1	36895	A	446	 	A	514	 
1	19	A	514	 	A	447	 
1	21	A	447	 	A	514	 
1	23	A	514	 	A	515	 
1	23	A	515	 	A	514	 
1	66	A	538	 	A	532	 
1	260	A	532	 	A	538	 
1	17	A	538	 	A	533	 
1	17	A	533	 	A	538	 
1	67	A	539	 	A	532	 
1	261	A	532	 	A	539	 
1	1	A	539	 	A	533	 
1	1	A	533	 	A	539	 
1	66	A	540	 	A	532	 
1	260	A	532	 	A	540	 
1	36878	A	541	 	A	529	 
1	36878	A	529	 	A	541	 
1	36874	A	541	 	A	532	 
1	36876	A	532	 	A	541	 
1	83	A	542	 	A	515	 
1	277	A	515	 	A	542	 
1	46367	A	543	 	A	515	 
1	46175	A	515	 	A	543	 
1	17	A	493	 	A	486	 
1	17	A	486	 	A	493	 
1	95	A	493	 	A	492	 
1	287	A	492	 	A	493	 
1	19	A	494	 	A	492	 
1	21	A	492	 	A	494	 
1	37133	A	414	 	A	537	 
1	36939	A	537	 	A	414	 
1	23	A	538	 	A	537	 
1	23	A	537	 	A	538	 
1	17	A	539	 	A	537	 
1	17	A	537	 	A	539	 
1	260	A	441	 	A	490	 
1	66	A	490	 	A	441	 
1	19	A	490	 	A	491	 
1	21	A	491	 	A	490	 
1	17	A	490	 	A	487	 
1	17	A	487	 	A	490	 
1	17	A	491	 	A	487	 
1	17	A	487	 	A	491	 
1	4	A	441	 	A	489	 
1	2	A	489	 	A	441	 
1	17	A	490	 	A	485	 
1	17	A	485	 	A	490	 
1	17	A	490	 	A	486	 
1	17	A	486	 	A	490	 
1	17	A	490	 	A	488	 
1	17	A	488	 	A	490	 
1	83	A	490	 	A	489	 
1	277	A	489	 	A	490	 
1	17	A	490	 	A	492	 
1	17	A	492	 	A	490	 
1	29	A	491	 	A	486	 
1	27	A	486	 	A	491	 
1	91	A	491	 	A	489	 
1	285	A	489	 	A	491	 
1	95	A	491	 	A	492	 
1	287	A	492	 	A	491	 
1	23	A	199	 	A	200	 
1	23	A	200	 	A	199	 
1	19	A	199	 	A	201	 
1	21	A	201	 	A	199	 
1	23	A	200	 	A	201	 
1	23	A	201	 	A	200	 
1	4	A	413	 	A	562	 
1	2	A	562	 	A	413	 
1	36895	A	518	 	A	519	 
1	36895	A	519	 	A	518	 
1	8	A	518	 	A	525	 
1	8	A	525	 	A	518	 
1	36872	A	518	 	A	552	 
1	36872	A	552	 	A	518	 
1	36872	A	518	 	A	556	 
1	36872	A	556	 	A	518	 
1	21	A	519	 	A	521	 
1	19	A	521	 	A	519	 
1	12	A	519	 	A	525	 
1	10	A	525	 	A	519	 
1	2	A	519	 	A	552	 
1	4	A	552	 	A	519	 
1	23	A	521	 	A	522	 
1	23	A	522	 	A	521	 
1	36895	A	521	 	A	523	 
1	36895	A	523	 	A	521	 
1	19	A	521	 	A	525	 
1	21	A	525	 	A	521	 
1	2	A	521	 	A	552	 
1	4	A	552	 	A	521	 
1	95	A	522	 	A	523	 
1	287	A	523	 	A	522	 
1	27	A	522	 	A	525	 
1	29	A	525	 	A	522	 
1	27	A	522	 	A	526	 
1	29	A	526	 	A	522	 
1	2	A	522	 	A	552	 
1	4	A	552	 	A	522	 
1	12	A	522	 	A	555	 
1	10	A	555	 	A	522	 
1	36876	A	522	 	A	556	 
1	36874	A	556	 	A	522	 
1	36872	A	522	 	A	559	 
1	36872	A	559	 	A	522	 
1	17	A	523	 	A	525	 
1	17	A	525	 	A	523	 
1	19	A	523	 	A	526	 
1	21	A	526	 	A	523	 
1	31	A	525	 	A	526	 
1	31	A	526	 	A	525	 
1	36872	A	525	 	A	556	 
1	36872	A	556	 	A	525	 
1	8	A	525	 	A	559	 
1	8	A	559	 	A	525	 
1	36872	A	526	 	A	559	 
1	36872	A	559	 	A	526	 
1	17	A	552	 	A	554	 
1	17	A	554	 	A	552	 
1	19	A	552	 	A	555	 
1	21	A	555	 	A	552	 
1	36895	A	552	 	A	556	 
1	36895	A	556	 	A	552	 
1	23	A	554	 	A	555	 
1	23	A	555	 	A	554	 
1	17	A	554	 	A	556	 
1	17	A	556	 	A	554	 
1	19	A	554	 	A	558	 
1	21	A	558	 	A	554	 
1	17	A	554	 	A	559	 
1	17	A	559	 	A	554	 
1	23	A	555	 	A	556	 
1	23	A	556	 	A	555	 
1	36955	A	555	 	A	558	 
1	37149	A	558	 	A	555	 
1	19	A	555	 	A	559	 
1	21	A	559	 	A	555	 
1	17	A	556	 	A	558	 
1	17	A	558	 	A	556	 
1	36891	A	556	 	A	559	 
1	36893	A	559	 	A	556	 
1	23	A	558	 	A	559	 
1	23	A	559	 	A	558	 
1	19	A	558	 	A	562	 
1	21	A	562	 	A	558	 
1	36955	A	559	 	A	562	 
1	37149	A	562	 	A	559	 
1	21	A	200	 	A	202	 
1	19	A	202	 	A	200	 
1	287	A	201	 	A	202	 
1	95	A	202	 	A	201	 
1	17	A	413	 	A	411	 
1	17	A	411	 	A	413	 
1	95	A	413	 	A	412	 
1	287	A	412	 	A	413	 
1	36895	A	518	 	A	515	 
1	36895	A	515	 	A	518	 
1	66	A	518	 	A	528	 
1	260	A	528	 	A	518	 
1	8	A	519	 	A	515	 
1	8	A	515	 	A	519	 
1	36878	A	519	 	A	524	 
1	36878	A	524	 	A	519	 
1	36874	A	519	 	A	528	 
1	36876	A	528	 	A	519	 
1	31	A	521	 	A	524	 
1	31	A	524	 	A	521	 
1	17	A	522	 	A	524	 
1	17	A	524	 	A	522	 
1	279	A	523	 	A	524	 
1	87	A	524	 	A	523	 
1	91	A	523	 	A	527	 
1	285	A	527	 	A	523	 
1	8	A	525	 	A	515	 
1	8	A	515	 	A	525	 
1	23	A	525	 	A	524	 
1	23	A	524	 	A	525	 
1	17	A	525	 	A	527	 
1	17	A	527	 	A	525	 
1	19	A	525	 	A	528	 
1	21	A	528	 	A	525	 
1	36891	A	525	 	A	529	 
1	36893	A	529	 	A	525	 
1	17	A	525	 	A	530	 
1	17	A	530	 	A	525	 
1	17	A	526	 	A	524	 
1	17	A	524	 	A	526	 
1	36895	A	526	 	A	527	 
1	36895	A	527	 	A	526	 
1	17	A	526	 	A	528	 
1	17	A	528	 	A	526	 
1	19	A	526	 	A	529	 
1	21	A	529	 	A	526	 
1	17	A	526	 	A	530	 
1	17	A	530	 	A	526	 
1	17	A	199	 	A	194	 
1	17	A	194	 	A	199	 
1	17	A	199	 	A	195	 
1	17	A	195	 	A	199	 
1	21	A	199	 	A	196	 
1	19	A	196	 	A	199	 
1	277	A	199	 	A	197	 
1	83	A	197	 	A	199	 
1	87	A	199	 	A	198	 
1	279	A	198	 	A	199	 
1	10	A	200	 	A	182	 
1	12	A	182	 	A	200	 
1	31	A	200	 	A	195	 
1	31	A	195	 	A	200	 
1	2	A	200	 	A	196	 
1	4	A	196	 	A	200	 
1	36895	A	200	 	A	198	 
1	36895	A	198	 	A	200	 
1	36872	A	200	 	A	232	 
1	36872	A	232	 	A	200	 
1	36872	A	200	 	A	289	 
1	36872	A	289	 	A	200	 
1	2	A	201	 	A	182	 
1	4	A	182	 	A	201	 
1	19	A	201	 	A	203	 
1	21	A	203	 	A	201	 
1	46088	A	200	 	A	285	 
1	46088	A	285	 	A	200	 
1	19	A	167	 	A	405	 
1	21	A	405	 	A	167	 
1	17	A	167	 	A	406	 
1	17	A	406	 	A	167	 
1	21	A	167	 	A	504	 
1	19	A	504	 	A	167	 
1	4	A	167	 	A	505	 
1	2	A	505	 	A	167	 
1	19	A	202	 	A	204	 
1	21	A	204	 	A	202	 
1	36872	A	202	 	A	503	 
1	36872	A	503	 	A	202	 
1	9224	A	202	 	A	527	 
1	9224	A	527	 	A	202	 
1	287	A	204	 	A	205	 
1	95	A	205	 	A	204	 
1	261	A	204	 	A	228	 
1	67	A	228	 	A	204	 
1	260	A	204	 	A	229	 
1	66	A	229	 	A	204	 
1	19	A	227	 	A	228	 
1	21	A	228	 	A	227	 
1	17	A	227	 	A	229	 
1	17	A	229	 	A	227	 
1	277	A	228	 	A	229	 
1	83	A	229	 	A	228	 
1	36872	A	228	 	A	405	 
1	36872	A	405	 	A	228	 
1	21	A	405	 	A	406	 
1	19	A	406	 	A	405	 
1	87	A	411	 	A	412	 
1	279	A	412	 	A	411	 
1	4	A	411	 	A	529	 
1	2	A	529	 	A	411	 
1	21	A	411	 	A	530	 
1	19	A	530	 	A	411	 
1	5	A	411	 	A	532	 
1	3	A	532	 	A	411	 
1	21	A	411	 	A	533	 
1	19	A	533	 	A	411	 
1	15	A	411	 	A	534	 
1	15	A	534	 	A	411	 
1	23	A	445	 	A	446	 
1	23	A	446	 	A	445	 
1	36891	A	445	 	A	447	 
1	36893	A	447	 	A	445	 
1	10	A	445	 	A	487	 
1	12	A	487	 	A	445	 
1	36895	A	445	 	A	495	 
1	36895	A	495	 	A	445	 
1	36872	A	445	 	A	507	 
1	36872	A	507	 	A	445	 
1	36874	A	445	 	A	510	 
1	36876	A	510	 	A	445	 
1	8	A	445	 	A	531	 
1	8	A	531	 	A	445	 
1	23	A	446	 	A	447	 
1	23	A	447	 	A	446	 
1	21	A	446	 	A	495	 
1	19	A	495	 	A	446	 
1	12	A	447	 	A	499	 
1	10	A	499	 	A	447	 
1	36872	A	447	 	A	502	 
1	36872	A	502	 	A	447	 
1	29	A	447	 	A	515	 
1	27	A	515	 	A	447	 
1	78	A	447	 	A	528	 
1	270	A	528	 	A	447	 
1	8	A	447	 	A	531	 
1	8	A	531	 	A	447	 
1	37132	A	480	 	A	501	 
1	36938	A	501	 	A	480	 
1	260	A	480	 	A	502	 
1	66	A	502	 	A	480	 
1	260	A	480	 	A	503	 
1	66	A	503	 	A	480	 
1	36876	A	480	 	A	505	 
1	36874	A	505	 	A	480	 
1	36876	A	487	 	A	495	 
1	36874	A	495	 	A	487	 
1	8	A	487	 	A	507	 
1	8	A	507	 	A	487	 
1	36872	A	487	 	A	510	 
1	36872	A	510	 	A	487	 
1	36872	A	495	 	A	507	 
1	36872	A	507	 	A	495	 
1	23	A	499	 	A	500	 
1	23	A	500	 	A	499	 
1	17	A	499	 	A	501	 
1	17	A	501	 	A	499	 
1	19	A	499	 	A	502	 
1	21	A	502	 	A	499	 
1	36955	A	499	 	A	503	 
1	37149	A	503	 	A	499	 
1	36938	A	499	 	A	524	 
1	37132	A	524	 	A	499	 
1	36874	A	499	 	A	528	 
1	36876	A	528	 	A	499	 
1	23	A	500	 	A	501	 
1	23	A	501	 	A	500	 
1	17	A	500	 	A	502	 
1	17	A	502	 	A	500	 
1	36955	A	500	 	A	503	 
1	37149	A	503	 	A	500	 
1	23	A	501	 	A	502	 
1	23	A	502	 	A	501	 
1	17	A	501	 	A	503	 
1	17	A	503	 	A	501	 
1	23	A	502	 	A	503	 
1	23	A	503	 	A	502	 
1	17	A	502	 	A	504	 
1	17	A	504	 	A	502	 
1	19	A	502	 	A	505	 
1	21	A	505	 	A	502	 
1	36874	A	502	 	A	507	 
1	36876	A	507	 	A	502	 
1	36938	A	502	 	A	531	 
1	37132	A	531	 	A	502	 
1	21	A	503	 	A	504	 
1	19	A	504	 	A	503	 
1	17	A	503	 	A	505	 
1	17	A	505	 	A	503	 
1	55304	A	503	 	A	524	 
1	55304	A	524	 	A	503	 
1	10	A	503	 	A	531	 
1	12	A	531	 	A	503	 
1	19	A	504	 	A	505	 
1	21	A	505	 	A	504	 
1	17	A	504	 	A	506	 
1	17	A	506	 	A	504	 
1	2	A	504	 	A	531	 
1	4	A	531	 	A	504	 
1	31	A	505	 	A	506	 
1	31	A	506	 	A	505	 
1	19	A	505	 	A	507	 
1	21	A	507	 	A	505	 
1	66	A	505	 	A	531	 
1	260	A	531	 	A	505	 
1	279	A	506	 	A	507	 
1	87	A	507	 	A	506	 
1	46367	A	506	 	A	508	 
1	46175	A	508	 	A	506	 
1	55306	A	506	 	A	534	 
1	55308	A	534	 	A	506	 
1	87	A	507	 	A	508	 
1	279	A	508	 	A	507	 
1	17	A	507	 	A	509	 
1	17	A	509	 	A	507	 
1	10	A	507	 	A	510	 
1	12	A	510	 	A	507	 
1	36939	A	507	 	A	531	 
1	37133	A	531	 	A	507	 
1	66	A	507	 	A	534	 
1	260	A	534	 	A	507	 
1	46431	A	508	 	A	509	 
1	46431	A	509	 	A	508	 
1	19	A	508	 	A	510	 
1	21	A	510	 	A	508	 
1	17	A	508	 	A	531	 
1	17	A	531	 	A	508	 
1	17	A	508	 	A	532	 
1	17	A	532	 	A	508	 
1	17	A	508	 	A	533	 
1	17	A	533	 	A	508	 
1	46171	A	508	 	A	534	 
1	46365	A	534	 	A	508	 
1	23	A	509	 	A	510	 
1	23	A	510	 	A	509	 
1	29	A	510	 	A	531	 
1	27	A	531	 	A	510	 
1	36959	A	510	 	A	532	 
1	37151	A	532	 	A	510	 
1	17	A	510	 	A	533	 
1	17	A	533	 	A	510	 
1	46090	A	515	 	A	528	 
1	46092	A	528	 	A	515	 
1	8	A	515	 	A	529	 
1	8	A	529	 	A	515	 
1	19	A	524	 	A	527	 
1	21	A	527	 	A	524	 
1	64603	A	524	 	A	528	 
1	64797	A	528	 	A	524	 
1	23	A	527	 	A	528	 
1	23	A	528	 	A	527	 
1	17	A	527	 	A	529	 
1	17	A	529	 	A	527	 
1	17	A	527	 	A	530	 
1	17	A	530	 	A	527	 
1	83	A	527	 	A	531	 
1	277	A	531	 	A	527	 
1	31	A	528	 	A	529	 
1	31	A	529	 	A	528	 
1	17	A	528	 	A	530	 
1	17	A	530	 	A	528	 
1	83	A	528	 	A	531	 
1	277	A	531	 	A	528	 
1	17	A	528	 	A	532	 
1	17	A	532	 	A	528	 
1	21	A	529	 	A	530	 
1	19	A	530	 	A	529	 
1	19	A	529	 	A	531	 
1	21	A	531	 	A	529	 
1	19	A	529	 	A	532	 
1	21	A	532	 	A	529	 
1	19	A	530	 	A	531	 
1	21	A	531	 	A	530	 
1	17	A	530	 	A	532	 
1	17	A	532	 	A	530	 
1	66	A	530	 	A	534	 
1	260	A	534	 	A	530	 
1	87	A	531	 	A	532	 
1	279	A	532	 	A	531	 
1	17	A	531	 	A	533	 
1	17	A	533	 	A	531	 
1	66	A	531	 	A	534	 
1	260	A	534	 	A	531	 
1	277	A	532	 	A	533	 
1	83	A	533	 	A	532	 
1	19	A	532	 	A	534	 
1	21	A	534	 	A	532	 
1	19	A	533	 	A	534	 
1	21	A	534	 	A	533	 
1	31	A	480	 	A	481	 
1	31	A	481	 	A	480	 
1	19	A	480	 	A	483	 
1	21	A	483	 	A	480	 
1	27	A	480	 	A	484	 
1	29	A	484	 	A	480	 
1	17	A	480	 	A	485	 
1	17	A	485	 	A	480	 
1	21	A	487	 	A	483	 
1	19	A	483	 	A	487	 
1	29	A	487	 	A	484	 
1	27	A	484	 	A	487	 
1	17	A	487	 	A	485	 
1	17	A	485	 	A	487	 
1	23	A	487	 	A	486	 
1	23	A	486	 	A	487	 
1	23	A	487	 	A	488	 
1	23	A	488	 	A	487	 
1	83	A	487	 	A	489	 
1	277	A	489	 	A	487	 
1	23	A	487	 	A	492	 
1	23	A	492	 	A	487	 
1	36872	A	495	 	A	483	 
1	36872	A	483	 	A	495	 
1	36872	A	495	 	A	484	 
1	36872	A	484	 	A	495	 
1	17	A	495	 	A	492	 
1	17	A	492	 	A	495	 
1	36872	A	505	 	A	481	 
1	36872	A	481	 	A	505	 
1	36872	A	505	 	A	484	 
1	36872	A	484	 	A	505	 
1	36872	A	505	 	A	488	 
1	36872	A	488	 	A	505	 
1	74	A	506	 	A	488	 
1	268	A	488	 	A	506	 
1	36872	A	507	 	A	484	 
1	36872	A	484	 	A	507	 
1	8	A	507	 	A	488	 
1	8	A	488	 	A	507	 
1	2	A	202	 	A	182	 
1	4	A	182	 	A	202	 
1	19	A	229	 	A	232	 
1	21	A	232	 	A	229	 
1	31	A	167	 	A	168	 
1	31	A	168	 	A	167	 
1	17	A	167	 	A	169	 
1	17	A	169	 	A	167	 
1	4	A	202	 	A	180	 
1	2	A	180	 	A	202	 
1	31	A	202	 	A	203	 
1	31	A	203	 	A	202	 
1	2	A	202	 	A	207	 
1	4	A	207	 	A	202	 
1	279	A	204	 	A	203	 
1	87	A	203	 	A	204	 
1	37149	A	204	 	A	206	 
1	36955	A	206	 	A	204	 
1	46431	A	204	 	A	207	 
1	46431	A	207	 	A	204	 
1	19	A	204	 	A	208	 
1	21	A	208	 	A	204	 
1	36874	A	205	 	A	168	 
1	36876	A	168	 	A	205	 
1	21	A	205	 	A	203	 
1	19	A	203	 	A	205	 
1	23	A	205	 	A	206	 
1	23	A	206	 	A	205	 
1	17	A	205	 	A	207	 
1	17	A	207	 	A	205	 
1	27	A	205	 	A	208	 
1	29	A	208	 	A	205	 
1	83	A	205	 	A	209	 
1	277	A	209	 	A	205	 
1	37151	A	228	 	A	206	 
1	36959	A	206	 	A	228	 
1	66	A	228	 	A	207	 
1	260	A	207	 	A	228	 
1	2	A	229	 	A	206	 
1	4	A	206	 	A	229	 
1	66	A	229	 	A	207	 
1	260	A	207	 	A	229	 
1	19	A	229	 	A	233	 
1	21	A	233	 	A	229	 
1	36875	A	405	 	A	168	 
1	36877	A	168	 	A	405	 
1	36876	A	405	 	A	206	 
1	36874	A	206	 	A	405	 
1	1	A	406	 	A	168	 
1	1	A	168	 	A	406	 
1	17	A	533	 	A	537	 
1	17	A	537	 	A	533	 
1	83	A	534	 	A	537	 
1	277	A	537	 	A	534	 
1	17	A	227	 	A	225	 
1	17	A	225	 	A	227	 
1	83	A	227	 	A	226	 
1	277	A	226	 	A	227	 
1	36876	A	228	 	A	224	 
1	36874	A	224	 	A	228	 
1	277	A	228	 	A	225	 
1	83	A	225	 	A	228	 
1	21	A	228	 	A	226	 
1	19	A	226	 	A	228	 
1	17	A	229	 	A	225	 
1	17	A	225	 	A	229	 
1	36876	A	405	 	A	224	 
1	36874	A	224	 	A	405	 
1	4	A	405	 	A	225	 
1	2	A	225	 	A	405	 
1	17	A	229	 	A	231	 
1	17	A	231	 	A	229	 
1	1	A	167	 	A	404	 
1	1	A	404	 	A	167	 
1	285	A	228	 	A	230	 
1	91	A	230	 	A	228	 
1	19	A	229	 	A	230	 
1	21	A	230	 	A	229	 
1	21	A	405	 	A	223	 
1	19	A	223	 	A	405	 
1	36891	A	405	 	A	403	 
1	36893	A	403	 	A	405	 
1	23	A	405	 	A	404	 
1	23	A	404	 	A	405	 
1	17	A	406	 	A	404	 
1	17	A	404	 	A	406	 
1	17	A	481	 	A	483	 
1	17	A	483	 	A	481	 
1	36891	A	481	 	A	484	 
1	36893	A	484	 	A	481	 
1	19	A	481	 	A	485	 
1	21	A	485	 	A	481	 
1	55304	A	481	 	A	488	 
1	55304	A	488	 	A	481	 
1	23	A	483	 	A	484	 
1	23	A	484	 	A	483	 
1	17	A	483	 	A	485	 
1	17	A	485	 	A	483	 
1	83	A	483	 	A	486	 
1	277	A	486	 	A	483	 
1	23	A	484	 	A	485	 
1	23	A	485	 	A	484	 
1	17	A	484	 	A	486	 
1	17	A	486	 	A	484	 
1	36955	A	484	 	A	488	 
1	37149	A	488	 	A	484	 
1	17	A	484	 	A	489	 
1	17	A	489	 	A	484	 
1	279	A	485	 	A	486	 
1	87	A	486	 	A	485	 
1	19	A	485	 	A	488	 
1	21	A	488	 	A	485	 
1	9307	A	485	 	A	489	 
1	9501	A	489	 	A	485	 
1	17	A	486	 	A	488	 
1	17	A	488	 	A	486	 
1	91	A	486	 	A	489	 
1	285	A	489	 	A	486	 
1	46175	A	486	 	A	492	 
1	46367	A	492	 	A	486	 
1	23	A	488	 	A	489	 
1	23	A	489	 	A	488	 
1	87	A	182	 	A	183	 
1	279	A	183	 	A	182	 
1	10	A	182	 	A	187	 
1	12	A	187	 	A	182	 
1	10	A	182	 	A	192	 
1	12	A	192	 	A	182	 
1	36872	A	182	 	A	195	 
1	36872	A	195	 	A	182	 
1	36872	A	182	 	A	236	 
1	36872	A	236	 	A	182	 
1	17	A	183	 	A	186	 
1	17	A	186	 	A	183	 
1	10	A	183	 	A	192	 
1	12	A	192	 	A	183	 
1	23	A	186	 	A	187	 
1	23	A	187	 	A	186	 
1	21	A	186	 	A	188	 
1	19	A	188	 	A	186	 
1	66	A	186	 	A	240	 
1	260	A	240	 	A	186	 
1	21	A	187	 	A	188	 
1	19	A	188	 	A	187	 
1	17	A	187	 	A	189	 
1	17	A	189	 	A	187	 
1	27	A	187	 	A	191	 
1	29	A	191	 	A	187	 
1	10	A	187	 	A	192	 
1	12	A	192	 	A	187	 
1	36872	A	187	 	A	195	 
1	36872	A	195	 	A	187	 
1	36876	A	187	 	A	236	 
1	36874	A	236	 	A	187	 
1	4	A	187	 	A	237	 
1	2	A	237	 	A	187	 
1	75	A	187	 	A	240	 
1	269	A	240	 	A	187	 
1	19	A	188	 	A	189	 
1	21	A	189	 	A	188	 
1	17	A	188	 	A	190	 
1	17	A	190	 	A	188	 
1	19	A	188	 	A	191	 
1	21	A	191	 	A	188	 
1	19	A	188	 	A	192	 
1	21	A	192	 	A	188	 
1	17	A	188	 	A	193	 
1	17	A	193	 	A	188	 
1	66	A	188	 	A	240	 
1	260	A	240	 	A	188	 
1	23	A	189	 	A	190	 
1	23	A	190	 	A	189	 
1	17	A	189	 	A	191	 
1	17	A	191	 	A	189	 
1	19	A	189	 	A	192	 
1	21	A	192	 	A	189	 
1	17	A	189	 	A	193	 
1	17	A	193	 	A	189	 
1	17	A	189	 	A	194	 
1	17	A	194	 	A	189	 
1	66	A	189	 	A	292	 
1	260	A	292	 	A	189	 
1	23	A	190	 	A	191	 
1	23	A	191	 	A	190	 
1	17	A	190	 	A	192	 
1	17	A	192	 	A	190	 
1	17	A	190	 	A	193	 
1	17	A	193	 	A	190	 
1	91	A	190	 	A	194	 
1	285	A	194	 	A	190	 
1	17	A	190	 	A	195	 
1	17	A	195	 	A	190	 
1	10	A	190	 	A	243	 
1	12	A	243	 	A	190	 
1	4	A	190	 	A	289	 
1	2	A	289	 	A	190	 
1	4	A	190	 	A	291	 
1	2	A	291	 	A	190	 
1	78	A	190	 	A	292	 
1	270	A	292	 	A	190	 
1	12	A	190	 	A	293	 
1	10	A	293	 	A	190	 
1	31	A	191	 	A	192	 
1	31	A	192	 	A	191	 
1	17	A	191	 	A	193	 
1	17	A	193	 	A	191	 
1	19	A	191	 	A	194	 
1	21	A	194	 	A	191	 
1	27	A	191	 	A	195	 
1	29	A	195	 	A	191	 
1	36876	A	191	 	A	236	 
1	36874	A	236	 	A	191	 
1	12	A	191	 	A	239	 
1	10	A	239	 	A	191	 
1	12	A	191	 	A	240	 
1	10	A	240	 	A	191	 
1	36874	A	191	 	A	243	 
1	36876	A	243	 	A	191	 
1	12	A	191	 	A	289	 
1	10	A	289	 	A	191	 
1	21	A	192	 	A	193	 
1	19	A	193	 	A	192	 
1	17	A	192	 	A	194	 
1	17	A	194	 	A	192	 
1	27	A	192	 	A	195	 
1	29	A	195	 	A	192	 
1	19	A	192	 	A	196	 
1	21	A	196	 	A	192	 
1	19	A	193	 	A	194	 
1	21	A	194	 	A	193	 
1	17	A	193	 	A	195	 
1	17	A	195	 	A	193	 
1	19	A	193	 	A	196	 
1	21	A	196	 	A	193	 
1	19	A	193	 	A	197	 
1	21	A	197	 	A	193	 
1	66	A	193	 	A	292	 
1	260	A	292	 	A	193	 
1	23	A	194	 	A	195	 
1	23	A	195	 	A	194	 
1	17	A	194	 	A	196	 
1	17	A	196	 	A	194	 
1	36891	A	194	 	A	197	 
1	36893	A	197	 	A	194	 
1	83	A	194	 	A	198	 
1	277	A	198	 	A	194	 
1	46088	A	194	 	A	243	 
1	46088	A	243	 	A	194	 
1	261	A	194	 	A	288	 
1	67	A	288	 	A	194	 
1	270	A	194	 	A	289	 
1	78	A	289	 	A	194	 
1	260	A	194	 	A	290	 
1	66	A	290	 	A	194	 
1	268	A	194	 	A	291	 
1	74	A	291	 	A	194	 
1	46090	A	194	 	A	292	 
1	46092	A	292	 	A	194	 
1	31	A	195	 	A	196	 
1	31	A	196	 	A	195	 
1	17	A	195	 	A	197	 
1	17	A	197	 	A	195	 
1	83	A	195	 	A	198	 
1	277	A	198	 	A	195	 
1	36872	A	195	 	A	236	 
1	36872	A	236	 	A	195	 
1	10	A	195	 	A	289	 
1	12	A	289	 	A	195	 
1	23	A	196	 	A	197	 
1	23	A	197	 	A	196	 
1	17	A	196	 	A	198	 
1	17	A	198	 	A	196	 
1	95	A	197	 	A	198	 
1	287	A	198	 	A	197	 
1	8	A	197	 	A	291	 
1	8	A	291	 	A	197	 
1	36872	A	197	 	A	292	 
1	36872	A	292	 	A	197	 
1	37132	A	198	 	A	288	 
1	36938	A	288	 	A	198	 
1	36872	A	198	 	A	289	 
1	36872	A	289	 	A	198	 
1	36891	A	232	 	A	236	 
1	36893	A	236	 	A	232	 
1	19	A	232	 	A	237	 
1	21	A	237	 	A	232	 
1	36874	A	232	 	A	289	 
1	36876	A	289	 	A	232	 
1	31	A	236	 	A	237	 
1	31	A	237	 	A	236	 
1	19	A	236	 	A	239	 
1	21	A	239	 	A	236	 
1	83	A	236	 	A	240	 
1	277	A	240	 	A	236	 
1	36872	A	236	 	A	289	 
1	36872	A	289	 	A	236	 
1	17	A	237	 	A	239	 
1	17	A	239	 	A	237	 
1	83	A	237	 	A	240	 
1	277	A	240	 	A	237	 
1	83	A	237	 	A	241	 
1	277	A	241	 	A	237	 
1	23	A	239	 	A	240	 
1	23	A	240	 	A	239	 
1	17	A	239	 	A	241	 
1	17	A	241	 	A	239	 
1	36955	A	239	 	A	243	 
1	37149	A	243	 	A	239	 
1	12	A	239	 	A	289	 
1	10	A	289	 	A	239	 
1	12	A	239	 	A	290	 
1	10	A	290	 	A	239	 
1	287	A	240	 	A	241	 
1	95	A	241	 	A	240	 
1	19	A	240	 	A	243	 
1	21	A	243	 	A	240	 
1	17	A	241	 	A	243	 
1	17	A	243	 	A	241	 
1	260	A	243	 	A	289	 
1	66	A	289	 	A	243	 
1	268	A	243	 	A	290	 
1	74	A	290	 	A	243	 
1	260	A	243	 	A	291	 
1	66	A	291	 	A	243	 
1	46092	A	243	 	A	293	 
1	46090	A	293	 	A	243	 
1	31	A	288	 	A	289	 
1	31	A	289	 	A	288	 
1	17	A	288	 	A	290	 
1	17	A	290	 	A	288	 
1	19	A	288	 	A	291	 
1	21	A	291	 	A	288	 
1	87	A	289	 	A	290	 
1	279	A	290	 	A	289	 
1	17	A	289	 	A	291	 
1	17	A	291	 	A	289	 
1	66	A	289	 	A	293	 
1	260	A	293	 	A	289	 
1	279	A	290	 	A	291	 
1	87	A	291	 	A	290	 
1	17	A	290	 	A	292	 
1	17	A	292	 	A	290	 
1	46171	A	290	 	A	293	 
1	46365	A	293	 	A	290	 
1	95	A	291	 	A	292	 
1	287	A	292	 	A	291	 
1	83	A	291	 	A	293	 
1	277	A	293	 	A	291	 
1	87	A	292	 	A	293	 
1	279	A	293	 	A	292	 
1	2	A	182	 	A	179	 
1	4	A	179	 	A	182	 
1	17	A	182	 	A	180	 
1	17	A	180	 	A	182	 
1	87	A	182	 	A	181	 
1	279	A	181	 	A	182	 
1	19	A	182	 	A	184	 
1	21	A	184	 	A	182	 
1	19	A	182	 	A	185	 
1	21	A	185	 	A	182	 
1	36878	A	182	 	A	203	 
1	36878	A	203	 	A	182	 
1	36872	A	182	 	A	207	 
1	36872	A	207	 	A	182	 
1	8	A	182	 	A	211	 
1	8	A	211	 	A	182	 
1	46431	A	183	 	A	181	 
1	46431	A	181	 	A	183	 
1	46367	A	183	 	A	184	 
1	46175	A	184	 	A	183	 
1	17	A	183	 	A	185	 
1	17	A	185	 	A	183	 
1	17	A	186	 	A	184	 
1	17	A	184	 	A	186	 
1	23	A	186	 	A	185	 
1	23	A	185	 	A	186	 
1	66	A	186	 	A	215	 
1	260	A	215	 	A	186	 
1	36893	A	187	 	A	185	 
1	36891	A	185	 	A	187	 
1	8	A	187	 	A	211	 
1	8	A	211	 	A	187	 
1	10	A	187	 	A	215	 
1	12	A	215	 	A	187	 
1	36874	A	232	 	A	207	 
1	36876	A	207	 	A	232	 
1	2	A	232	 	A	211	 
1	4	A	211	 	A	232	 
1	23	A	232	 	A	233	 
1	23	A	233	 	A	232	 
1	36872	A	236	 	A	211	 
1	36872	A	211	 	A	236	 
1	17	A	236	 	A	233	 
1	17	A	233	 	A	236	 
1	4	A	237	 	A	210	 
1	2	A	210	 	A	237	 
1	12	A	237	 	A	211	 
1	10	A	211	 	A	237	 
1	36878	A	237	 	A	214	 
1	36878	A	214	 	A	237	 
1	78	A	237	 	A	215	 
1	270	A	215	 	A	237	 
1	21	A	237	 	A	233	 
1	19	A	233	 	A	237	 
1	46154	A	240	 	A	215	 
1	46348	A	215	 	A	240	 
1	268	A	241	 	A	214	 
1	74	A	214	 	A	241	 
1	46350	A	241	 	A	215	 
1	46158	A	215	 	A	241	 
1	4	A	241	 	A	216	 
1	2	A	216	 	A	241	 
1	46092	A	241	 	A	217	 
1	46090	A	217	 	A	241	 
1	17	A	239	 	A	244	 
1	17	A	244	 	A	239	 
1	83	A	240	 	A	244	 
1	277	A	244	 	A	240	 
1	17	A	240	 	A	245	 
1	17	A	245	 	A	240	 
1	83	A	241	 	A	244	 
1	277	A	244	 	A	241	 
1	36891	A	241	 	A	245	 
1	36893	A	245	 	A	241	 
1	23	A	243	 	A	244	 
1	23	A	244	 	A	243	 
1	17	A	243	 	A	245	 
1	17	A	245	 	A	243	 
1	21	A	288	 	A	284	 
1	19	A	284	 	A	288	 
1	36872	A	198	 	A	285	 
1	36872	A	285	 	A	198	 
1	87	A	232	 	A	231	 
1	279	A	231	 	A	232	 
1	17	A	232	 	A	234	 
1	17	A	234	 	A	232	 
1	19	A	232	 	A	235	 
1	21	A	235	 	A	232	 
1	36938	A	232	 	A	285	 
1	37132	A	285	 	A	232	 
1	17	A	236	 	A	231	 
1	17	A	231	 	A	236	 
1	17	A	236	 	A	234	 
1	17	A	234	 	A	236	 
1	23	A	236	 	A	235	 
1	23	A	235	 	A	236	 
1	17	A	236	 	A	238	 
1	17	A	238	 	A	236	 
1	21	A	237	 	A	234	 
1	19	A	234	 	A	237	 
1	21	A	237	 	A	235	 
1	19	A	235	 	A	237	 
1	23	A	237	 	A	238	 
1	23	A	238	 	A	237	 
1	17	A	239	 	A	234	 
1	17	A	234	 	A	239	 
1	36893	A	239	 	A	235	 
1	36891	A	235	 	A	239	 
1	23	A	239	 	A	238	 
1	23	A	238	 	A	239	 
1	36891	A	239	 	A	242	 
1	36893	A	242	 	A	239	 
1	4	A	239	 	A	286	 
1	2	A	286	 	A	239	 
1	36872	A	239	 	A	295	 
1	36872	A	295	 	A	239	 
1	36872	A	239	 	A	319	 
1	36872	A	319	 	A	239	 
1	17	A	240	 	A	235	 
1	17	A	235	 	A	240	 
1	21	A	240	 	A	238	 
1	19	A	238	 	A	240	 
1	17	A	240	 	A	242	 
1	17	A	242	 	A	240	 
1	21	A	241	 	A	238	 
1	19	A	238	 	A	241	 
1	23	A	241	 	A	242	 
1	23	A	242	 	A	241	 
1	74	A	241	 	A	343	 
1	268	A	343	 	A	241	 
1	31	A	243	 	A	242	 
1	31	A	242	 	A	243	 
1	12	A	243	 	A	295	 
1	10	A	295	 	A	243	 
1	55325	A	288	 	A	285	 
1	55323	A	285	 	A	288	 
1	17	A	288	 	A	286	 
1	17	A	286	 	A	288	 
1	23	A	288	 	A	287	 
1	23	A	287	 	A	288	 
1	8	A	289	 	A	235	 
1	8	A	235	 	A	289	 
1	36893	A	289	 	A	285	 
1	36891	A	285	 	A	289	 
1	21	A	289	 	A	286	 
1	19	A	286	 	A	289	 
1	17	A	289	 	A	287	 
1	17	A	287	 	A	289	 
1	277	A	290	 	A	286	 
1	83	A	286	 	A	290	 
1	285	A	290	 	A	287	 
1	91	A	287	 	A	290	 
1	37133	A	290	 	A	295	 
1	36939	A	295	 	A	290	 
1	37132	A	290	 	A	297	 
1	36938	A	297	 	A	290	 
1	17	A	291	 	A	286	 
1	17	A	286	 	A	291	 
1	21	A	291	 	A	287	 
1	19	A	287	 	A	291	 
1	17	A	292	 	A	294	 
1	17	A	294	 	A	292	 
1	279	A	293	 	A	294	 
1	87	A	294	 	A	293	 
1	37149	A	293	 	A	295	 
1	36955	A	295	 	A	293	 
1	17	A	232	 	A	230	 
1	17	A	230	 	A	232	 
1	8	A	241	 	A	377	 
1	8	A	377	 	A	241	 
1	17	A	241	 	A	246	 
1	17	A	246	 	A	241	 
1	17	A	243	 	A	246	 
1	17	A	246	 	A	243	 
1	23	A	168	 	A	169	 
1	23	A	169	 	A	168	 
1	17	A	168	 	A	170	 
1	17	A	170	 	A	168	 
1	4	A	168	 	A	206	 
1	2	A	206	 	A	168	 
1	36938	A	168	 	A	209	 
1	37132	A	209	 	A	168	 
1	23	A	169	 	A	170	 
1	23	A	170	 	A	169	 
1	83	A	169	 	A	171	 
1	277	A	171	 	A	169	 
1	87	A	170	 	A	171	 
1	279	A	171	 	A	170	 
1	17	A	170	 	A	172	 
1	17	A	172	 	A	170	 
1	36938	A	170	 	A	175	 
1	37132	A	175	 	A	170	 
1	36874	A	170	 	A	209	 
1	36876	A	209	 	A	170	 
1	36872	A	170	 	A	213	 
1	36872	A	213	 	A	170	 
1	277	A	171	 	A	172	 
1	83	A	172	 	A	171	 
1	1	A	171	 	A	173	 
1	1	A	173	 	A	171	 
1	66	A	171	 	A	175	 
1	260	A	175	 	A	171	 
1	19	A	172	 	A	173	 
1	21	A	173	 	A	172	 
1	17	A	172	 	A	174	 
1	17	A	174	 	A	172	 
1	19	A	172	 	A	175	 
1	21	A	175	 	A	172	 
1	46431	A	173	 	A	174	 
1	46431	A	174	 	A	173	 
1	19	A	173	 	A	175	 
1	21	A	175	 	A	173	 
1	74	A	173	 	A	218	 
1	268	A	218	 	A	173	 
1	23	A	174	 	A	175	 
1	23	A	175	 	A	174	 
1	19	A	174	 	A	176	 
1	21	A	176	 	A	174	 
1	74	A	174	 	A	218	 
1	268	A	218	 	A	174	 
1	37151	A	175	 	A	176	 
1	36959	A	176	 	A	175	 
1	19	A	175	 	A	177	 
1	21	A	177	 	A	175	 
1	36872	A	175	 	A	213	 
1	36872	A	213	 	A	175	 
1	2	A	175	 	A	218	 
1	4	A	218	 	A	175	 
1	31	A	176	 	A	177	 
1	31	A	177	 	A	176	 
1	17	A	176	 	A	178	 
1	17	A	178	 	A	176	 
1	12	A	176	 	A	212	 
1	10	A	212	 	A	176	 
1	14	A	176	 	A	213	 
1	14	A	213	 	A	176	 
1	8	A	176	 	A	216	 
1	8	A	216	 	A	176	 
1	8	A	176	 	A	218	 
1	8	A	218	 	A	176	 
1	23	A	177	 	A	178	 
1	23	A	178	 	A	177	 
1	19	A	177	 	A	179	 
1	21	A	179	 	A	177	 
1	1	A	177	 	A	208	 
1	1	A	208	 	A	177	 
1	2	A	177	 	A	212	 
1	4	A	212	 	A	177	 
1	279	A	178	 	A	179	 
1	87	A	179	 	A	178	 
1	46109	A	178	 	A	180	 
1	46107	A	180	 	A	178	 
1	29	A	178	 	A	208	 
1	27	A	208	 	A	178	 
1	9231	A	178	 	A	209	 
1	9231	A	209	 	A	178	 
1	2	A	178	 	A	212	 
1	4	A	212	 	A	178	 
1	23	A	179	 	A	180	 
1	23	A	180	 	A	179	 
1	21	A	179	 	A	181	 
1	19	A	181	 	A	179	 
1	14	A	179	 	A	184	 
1	14	A	184	 	A	179	 
1	36876	A	179	 	A	185	 
1	36874	A	185	 	A	179	 
1	36874	A	179	 	A	203	 
1	36876	A	203	 	A	179	 
1	4	A	179	 	A	207	 
1	2	A	207	 	A	179	 
1	31	A	179	 	A	208	 
1	31	A	208	 	A	179	 
1	36872	A	179	 	A	211	 
1	36872	A	211	 	A	179	 
1	10	A	179	 	A	212	 
1	12	A	212	 	A	179	 
1	95	A	180	 	A	181	 
1	287	A	181	 	A	180	 
1	74	A	180	 	A	184	 
1	268	A	184	 	A	180	 
1	19	A	180	 	A	203	 
1	21	A	203	 	A	180	 
1	55306	A	180	 	A	208	 
1	55308	A	208	 	A	180	 
1	46431	A	181	 	A	184	 
1	46431	A	184	 	A	181	 
1	17	A	181	 	A	185	 
1	17	A	185	 	A	181	 
1	10	A	181	 	A	203	 
1	12	A	203	 	A	181	 
1	23	A	184	 	A	185	 
1	23	A	185	 	A	184	 
1	8	A	185	 	A	211	 
1	8	A	211	 	A	185	 
1	12	A	185	 	A	212	 
1	10	A	212	 	A	185	 
1	8	A	185	 	A	215	 
1	8	A	215	 	A	185	 
1	78	A	203	 	A	207	 
1	270	A	207	 	A	203	 
1	15	A	203	 	A	208	 
1	15	A	208	 	A	203	 
1	8	A	203	 	A	211	 
1	8	A	211	 	A	203	 
1	31	A	206	 	A	207	 
1	31	A	207	 	A	206	 
1	17	A	206	 	A	208	 
1	17	A	208	 	A	206	 
1	19	A	206	 	A	209	 
1	21	A	209	 	A	206	 
1	36891	A	206	 	A	210	 
1	36893	A	210	 	A	206	 
1	17	A	206	 	A	211	 
1	17	A	211	 	A	206	 
1	36874	A	206	 	A	233	 
1	36876	A	233	 	A	206	 
1	23	A	207	 	A	208	 
1	23	A	208	 	A	207	 
1	17	A	207	 	A	209	 
1	17	A	209	 	A	207	 
1	19	A	207	 	A	210	 
1	21	A	210	 	A	207	 
1	27	A	207	 	A	211	 
1	29	A	211	 	A	207	 
1	19	A	207	 	A	212	 
1	21	A	212	 	A	207	 
1	36879	A	207	 	A	233	 
1	36879	A	233	 	A	207	 
1	95	A	208	 	A	209	 
1	287	A	209	 	A	208	 
1	17	A	208	 	A	210	 
1	17	A	210	 	A	208	 
1	17	A	208	 	A	211	 
1	17	A	211	 	A	208	 
1	19	A	208	 	A	212	 
1	21	A	212	 	A	208	 
1	23	A	209	 	A	210	 
1	23	A	210	 	A	209	 
1	17	A	209	 	A	211	 
1	17	A	211	 	A	209	 
1	19	A	209	 	A	212	 
1	21	A	212	 	A	209	 
1	27	A	209	 	A	213	 
1	29	A	213	 	A	209	 
1	23	A	210	 	A	211	 
1	23	A	211	 	A	210	 
1	19	A	210	 	A	212	 
1	21	A	212	 	A	210	 
1	19	A	210	 	A	213	 
1	21	A	213	 	A	210	 
1	36891	A	210	 	A	214	 
1	36893	A	214	 	A	210	 
1	17	A	210	 	A	215	 
1	17	A	215	 	A	210	 
1	36877	A	210	 	A	233	 
1	36875	A	233	 	A	210	 
1	31	A	211	 	A	212	 
1	31	A	212	 	A	211	 
1	17	A	211	 	A	213	 
1	17	A	213	 	A	211	 
1	19	A	211	 	A	214	 
1	21	A	214	 	A	211	 
1	19	A	211	 	A	215	 
1	21	A	215	 	A	211	 
1	17	A	211	 	A	216	 
1	17	A	216	 	A	211	 
1	29	A	211	 	A	233	 
1	27	A	233	 	A	211	 
1	23	A	212	 	A	213	 
1	23	A	213	 	A	212	 
1	17	A	212	 	A	214	 
1	17	A	214	 	A	212	 
1	19	A	212	 	A	215	 
1	21	A	215	 	A	212	 
1	19	A	212	 	A	216	 
1	21	A	216	 	A	212	 
1	31	A	213	 	A	214	 
1	31	A	214	 	A	213	 
1	17	A	213	 	A	215	 
1	17	A	215	 	A	213	 
1	19	A	213	 	A	216	 
1	21	A	216	 	A	213	 
1	17	A	213	 	A	217	 
1	17	A	217	 	A	213	 
1	31	A	213	 	A	218	 
1	31	A	218	 	A	213	 
1	23	A	214	 	A	215	 
1	23	A	215	 	A	214	 
1	17	A	214	 	A	216	 
1	17	A	216	 	A	214	 
1	19	A	214	 	A	217	 
1	21	A	217	 	A	214	 
1	21	A	214	 	A	218	 
1	19	A	218	 	A	214	 
1	4	A	214	 	A	233	 
1	2	A	233	 	A	214	 
1	31	A	215	 	A	216	 
1	31	A	216	 	A	215	 
1	83	A	215	 	A	217	 
1	277	A	217	 	A	215	 
1	23	A	216	 	A	217	 
1	23	A	217	 	A	216	 
1	31	A	216	 	A	218	 
1	31	A	218	 	A	216	 
1	23	A	217	 	A	218	 
1	23	A	218	 	A	217	 
1	8	A	215	 	A	244	 
1	8	A	244	 	A	215	 
1	55304	A	217	 	A	245	 
1	55304	A	245	 	A	217	 
1	36872	A	206	 	A	224	 
1	36872	A	224	 	A	206	 
1	12	A	214	 	A	234	 
1	10	A	234	 	A	214	 
1	12	A	214	 	A	238	 
1	10	A	238	 	A	214	 
1	21	A	233	 	A	231	 
1	19	A	231	 	A	233	 
1	23	A	233	 	A	234	 
1	23	A	234	 	A	233	 
1	17	A	233	 	A	235	 
1	17	A	235	 	A	233	 
1	36872	A	168	 	A	403	 
1	36872	A	403	 	A	168	 
1	21	A	168	 	A	404	 
1	19	A	404	 	A	168	 
1	1	A	169	 	A	402	 
1	1	A	402	 	A	169	 
1	19	A	169	 	A	403	 
1	21	A	403	 	A	169	 
1	23	A	169	 	A	404	 
1	23	A	404	 	A	169	 
1	10	A	170	 	A	401	 
1	12	A	401	 	A	170	 
1	21	A	170	 	A	402	 
1	19	A	402	 	A	170	 
1	15	A	170	 	A	403	 
1	15	A	403	 	A	170	 
1	1	A	171	 	A	400	 
1	1	A	400	 	A	171	 
1	19	A	171	 	A	401	 
1	21	A	401	 	A	171	 
1	287	A	171	 	A	402	 
1	95	A	402	 	A	171	 
1	1	A	171	 	A	403	 
1	1	A	403	 	A	171	 
1	1	A	172	 	A	400	 
1	1	A	400	 	A	172	 
1	3	A	172	 	A	401	 
1	5	A	401	 	A	172	 
1	2	A	173	 	A	401	 
1	4	A	401	 	A	173	 
1	36874	A	175	 	A	401	 
1	36876	A	401	 	A	175	 
1	8	A	176	 	A	401	 
1	8	A	401	 	A	176	 
1	12	A	206	 	A	230	 
1	10	A	230	 	A	206	 
1	8	A	206	 	A	381	 
1	8	A	381	 	A	206	 
1	36874	A	206	 	A	403	 
1	36876	A	403	 	A	206	 
1	4	A	207	 	A	230	 
1	2	A	230	 	A	207	 
1	10	A	209	 	A	403	 
1	12	A	403	 	A	209	 
1	36874	A	210	 	A	220	 
1	36876	A	220	 	A	210	 
1	36872	A	210	 	A	381	 
1	36872	A	381	 	A	210	 
1	36874	A	210	 	A	403	 
1	36876	A	403	 	A	210	 
1	4	A	213	 	A	219	 
1	2	A	219	 	A	213	 
1	36876	A	213	 	A	220	 
1	36874	A	220	 	A	213	 
1	66	A	213	 	A	377	 
1	260	A	377	 	A	213	 
1	8	A	213	 	A	401	 
1	8	A	401	 	A	213	 
1	36872	A	213	 	A	403	 
1	36872	A	403	 	A	213	 
1	36872	A	214	 	A	220	 
1	36872	A	220	 	A	214	 
1	74	A	214	 	A	377	 
1	268	A	377	 	A	214	 
1	8	A	214	 	A	379	 
1	8	A	379	 	A	214	 
1	36872	A	214	 	A	381	 
1	36872	A	381	 	A	214	 
1	19	A	217	 	A	219	 
1	21	A	219	 	A	217	 
1	74	A	217	 	A	377	 
1	268	A	377	 	A	217	 
1	23	A	218	 	A	219	 
1	23	A	219	 	A	218	 
1	19	A	218	 	A	220	 
1	21	A	220	 	A	218	 
1	66	A	218	 	A	377	 
1	260	A	377	 	A	218	 
1	1	A	218	 	A	378	 
1	1	A	378	 	A	218	 
1	2	A	218	 	A	379	 
1	4	A	379	 	A	218	 
1	9484	A	218	 	A	399	 
1	9290	A	399	 	A	218	 
1	260	A	218	 	A	400	 
1	66	A	400	 	A	218	 
1	36872	A	218	 	A	401	 
1	36872	A	401	 	A	218	 
1	29	A	233	 	A	230	 
1	27	A	230	 	A	233	 
1	36872	A	233	 	A	381	 
1	36872	A	381	 	A	233	 
1	287	A	244	 	A	245	 
1	95	A	245	 	A	244	 
1	17	A	244	 	A	242	 
1	17	A	242	 	A	244	 
1	277	A	245	 	A	242	 
1	83	A	242	 	A	245	 
1	46088	A	245	 	A	343	 
1	46088	A	343	 	A	245	 
1	17	A	244	 	A	246	 
1	17	A	246	 	A	244	 
1	277	A	245	 	A	246	 
1	83	A	246	 	A	245	 
1	19	A	245	 	A	247	 
1	21	A	247	 	A	245	 
1	36959	A	274	 	A	275	 
1	37151	A	275	 	A	274	 
1	17	A	274	 	A	276	 
1	17	A	276	 	A	274	 
1	36872	A	274	 	A	278	 
1	36872	A	278	 	A	274	 
1	279	A	275	 	A	276	 
1	87	A	276	 	A	275	 
1	285	A	275	 	A	277	 
1	91	A	277	 	A	275	 
1	287	A	275	 	A	278	 
1	95	A	278	 	A	275	 
1	17	A	275	 	A	280	 
1	17	A	280	 	A	275	 
1	31	A	276	 	A	277	 
1	31	A	277	 	A	276	 
1	17	A	276	 	A	278	 
1	17	A	278	 	A	276	 
1	27	A	276	 	A	280	 
1	29	A	280	 	A	276	 
1	23	A	277	 	A	278	 
1	23	A	278	 	A	277	 
1	19	A	277	 	A	280	 
1	21	A	280	 	A	277	 
1	91	A	277	 	A	281	 
1	285	A	281	 	A	277	 
1	17	A	278	 	A	280	 
1	17	A	280	 	A	278	 
1	36955	A	278	 	A	281	 
1	37149	A	281	 	A	278	 
1	23	A	280	 	A	281	 
1	23	A	281	 	A	280	 
1	36891	A	280	 	A	284	 
1	36893	A	284	 	A	280	 
1	83	A	281	 	A	284	 
1	277	A	284	 	A	281	 
1	36876	A	274	 	A	348	 
1	36874	A	348	 	A	274	 
1	36876	A	274	 	A	351	 
1	36874	A	351	 	A	274	 
1	46088	A	275	 	A	351	 
1	46088	A	351	 	A	275	 
1	36872	A	278	 	A	348	 
1	36872	A	348	 	A	278	 
1	21	A	274	 	A	272	 
1	19	A	272	 	A	274	 
1	36895	A	274	 	A	273	 
1	36895	A	273	 	A	274	 
1	2	A	274	 	A	323	 
1	4	A	323	 	A	274	 
1	2	A	274	 	A	324	 
1	4	A	324	 	A	274	 
1	19	A	275	 	A	273	 
1	21	A	273	 	A	275	 
1	279	A	275	 	A	279	 
1	87	A	279	 	A	275	 
1	2	A	275	 	A	323	 
1	4	A	323	 	A	275	 
1	19	A	276	 	A	279	 
1	21	A	279	 	A	276	 
1	46090	A	276	 	A	301	 
1	46092	A	301	 	A	276	 
1	2	A	276	 	A	323	 
1	4	A	323	 	A	276	 
1	17	A	277	 	A	279	 
1	17	A	279	 	A	277	 
1	36874	A	278	 	A	273	 
1	36876	A	273	 	A	278	 
1	23	A	278	 	A	279	 
1	23	A	279	 	A	278	 
1	36895	A	278	 	A	282	 
1	36895	A	282	 	A	278	 
1	17	A	278	 	A	283	 
1	17	A	283	 	A	278	 
1	23	A	280	 	A	279	 
1	23	A	279	 	A	280	 
1	17	A	280	 	A	282	 
1	17	A	282	 	A	280	 
1	19	A	280	 	A	283	 
1	21	A	283	 	A	280	 
1	17	A	280	 	A	285	 
1	17	A	285	 	A	280	 
1	36874	A	280	 	A	299	 
1	36876	A	299	 	A	280	 
1	36872	A	280	 	A	301	 
1	36872	A	301	 	A	280	 
1	2	A	281	 	A	231	 
1	4	A	231	 	A	281	 
1	17	A	281	 	A	279	 
1	17	A	279	 	A	281	 
1	23	A	281	 	A	282	 
1	23	A	282	 	A	281	 
1	17	A	281	 	A	283	 
1	17	A	283	 	A	281	 
1	19	A	281	 	A	285	 
1	21	A	285	 	A	281	 
1	17	A	284	 	A	279	 
1	17	A	279	 	A	284	 
1	17	A	284	 	A	282	 
1	17	A	282	 	A	284	 
1	31	A	284	 	A	283	 
1	31	A	283	 	A	284	 
1	23	A	284	 	A	285	 
1	23	A	285	 	A	284	 
1	17	A	284	 	A	286	 
1	17	A	286	 	A	284	 
1	19	A	284	 	A	287	 
1	21	A	287	 	A	284	 
1	21	A	274	 	A	347	 
1	19	A	347	 	A	274	 
1	14	A	274	 	A	352	 
1	14	A	352	 	A	274	 
1	36872	A	278	 	A	230	 
1	36872	A	230	 	A	278	 
1	36876	A	278	 	A	347	 
1	36874	A	347	 	A	278	 
1	260	A	276	 	A	303	 
1	66	A	303	 	A	276	 
1	10	A	274	 	A	355	 
1	12	A	355	 	A	274	 
1	36872	A	275	 	A	355	 
1	36872	A	355	 	A	275	 
1	4	A	276	 	A	302	 
1	2	A	302	 	A	276	 
1	36876	A	276	 	A	304	 
1	36874	A	304	 	A	276	 
1	10	A	274	 	A	357	 
1	12	A	357	 	A	274	 
1	23	A	224	 	A	225	 
1	23	A	225	 	A	224	 
1	17	A	224	 	A	226	 
1	17	A	226	 	A	224	 
1	19	A	224	 	A	383	 
1	21	A	383	 	A	224	 
1	351	A	225	 	A	226	 
1	351	A	226	 	A	225	 
1	36879	A	225	 	A	383	 
1	36879	A	383	 	A	225	 
1	46088	A	226	 	A	348	 
1	46088	A	348	 	A	226	 
1	27	A	348	 	A	350	 
1	29	A	350	 	A	348	 
1	64543	A	348	 	A	351	 
1	64543	A	351	 	A	348	 
1	287	A	350	 	A	351	 
1	95	A	351	 	A	350	 
1	19	A	350	 	A	354	 
1	21	A	354	 	A	350	 
1	37132	A	350	 	A	383	 
1	36938	A	383	 	A	350	 
1	46350	A	350	 	A	384	 
1	46158	A	384	 	A	350	 
1	83	A	351	 	A	354	 
1	277	A	354	 	A	351	 
1	36959	A	383	 	A	384	 
1	37151	A	384	 	A	383	 
1	36893	A	224	 	A	222	 
1	36891	A	222	 	A	224	 
1	87	A	224	 	A	223	 
1	279	A	223	 	A	224	 
1	74	A	224	 	A	230	 
1	268	A	230	 	A	224	 
1	9	A	224	 	A	381	 
1	9	A	381	 	A	224	 
1	17	A	224	 	A	382	 
1	17	A	382	 	A	224	 
1	1	A	225	 	A	223	 
1	1	A	223	 	A	225	 
1	2	A	225	 	A	230	 
1	4	A	230	 	A	225	 
1	10	A	226	 	A	230	 
1	12	A	230	 	A	226	 
1	55306	A	348	 	A	230	 
1	55308	A	230	 	A	348	 
1	17	A	348	 	A	346	 
1	17	A	346	 	A	348	 
1	36959	A	348	 	A	347	 
1	37151	A	347	 	A	348	 
1	23	A	348	 	A	349	 
1	23	A	349	 	A	348	 
1	19	A	348	 	A	352	 
1	21	A	352	 	A	348	 
1	23	A	348	 	A	381	 
1	23	A	381	 	A	348	 
1	3	A	348	 	A	382	 
1	5	A	382	 	A	348	 
1	279	A	350	 	A	349	 
1	87	A	349	 	A	350	 
1	17	A	350	 	A	352	 
1	17	A	352	 	A	350	 
1	19	A	350	 	A	353	 
1	21	A	353	 	A	350	 
1	17	A	350	 	A	381	 
1	17	A	381	 	A	350	 
1	46159	A	350	 	A	382	 
1	46351	A	382	 	A	350	 
1	8	A	350	 	A	386	 
1	8	A	386	 	A	350	 
1	2	A	350	 	A	388	 
1	4	A	388	 	A	350	 
1	10	A	350	 	A	389	 
1	12	A	389	 	A	350	 
1	17	A	351	 	A	349	 
1	17	A	349	 	A	351	 
1	23	A	351	 	A	352	 
1	23	A	352	 	A	351	 
1	17	A	351	 	A	353	 
1	17	A	353	 	A	351	 
1	17	A	354	 	A	352	 
1	17	A	352	 	A	354	 
1	31	A	354	 	A	353	 
1	31	A	353	 	A	354	 
1	36938	A	354	 	A	388	 
1	37132	A	388	 	A	354	 
1	66	A	383	 	A	223	 
1	260	A	223	 	A	383	 
1	17	A	383	 	A	381	 
1	17	A	381	 	A	383	 
1	87	A	383	 	A	382	 
1	279	A	382	 	A	383	 
1	17	A	383	 	A	385	 
1	17	A	385	 	A	383	 
1	66	A	384	 	A	223	 
1	260	A	223	 	A	384	 
1	83	A	384	 	A	382	 
1	277	A	382	 	A	384	 
1	279	A	384	 	A	385	 
1	87	A	385	 	A	384	 
1	37151	A	384	 	A	386	 
1	36959	A	386	 	A	384	 
1	2	A	384	 	A	389	 
1	4	A	389	 	A	384	 
1	27	A	351	 	A	355	 
1	29	A	355	 	A	351	 
1	31	A	354	 	A	355	 
1	31	A	355	 	A	354	 
1	17	A	354	 	A	356	 
1	17	A	356	 	A	354	 
1	9226	A	263	 	A	314	 
1	9228	A	314	 	A	263	 
1	91	A	308	 	A	311	 
1	285	A	311	 	A	308	 
1	19	A	311	 	A	314	 
1	21	A	314	 	A	311	 
1	91	A	311	 	A	315	 
1	285	A	315	 	A	311	 
1	23	A	314	 	A	315	 
1	23	A	315	 	A	314	 
1	83	A	263	 	A	265	 
1	277	A	265	 	A	263	 
1	23	A	308	 	A	309	 
1	23	A	309	 	A	308	 
1	17	A	308	 	A	310	 
1	17	A	310	 	A	308	 
1	19	A	308	 	A	312	 
1	21	A	312	 	A	308	 
1	17	A	311	 	A	309	 
1	17	A	309	 	A	311	 
1	23	A	311	 	A	310	 
1	23	A	310	 	A	311	 
1	23	A	311	 	A	312	 
1	23	A	312	 	A	311	 
1	17	A	311	 	A	313	 
1	17	A	313	 	A	311	 
1	74	A	314	 	A	265	 
1	268	A	265	 	A	314	 
1	29	A	314	 	A	310	 
1	27	A	310	 	A	314	 
1	17	A	314	 	A	312	 
1	17	A	312	 	A	314	 
1	23	A	314	 	A	313	 
1	23	A	313	 	A	314	 
1	17	A	314	 	A	316	 
1	17	A	316	 	A	314	 
1	74	A	315	 	A	296	 
1	268	A	296	 	A	315	 
1	64797	A	315	 	A	312	 
1	64603	A	312	 	A	315	 
1	17	A	315	 	A	313	 
1	17	A	313	 	A	315	 
1	21	A	315	 	A	316	 
1	19	A	316	 	A	315	 
1	1	A	315	 	A	317	 
1	1	A	317	 	A	315	 
1	21	A	263	 	A	261	 
1	19	A	261	 	A	263	 
1	17	A	263	 	A	256	 
1	17	A	256	 	A	263	 
1	23	A	263	 	A	262	 
1	23	A	262	 	A	263	 
1	23	A	263	 	A	264	 
1	23	A	264	 	A	263	 
1	5	A	314	 	A	262	 
1	3	A	262	 	A	314	 
1	21	A	308	 	A	307	 
1	19	A	307	 	A	308	 
1	277	A	311	 	A	307	 
1	83	A	307	 	A	311	 
1	1	A	263	 	A	334	 
1	1	A	334	 	A	263	 
1	3	A	263	 	A	335	 
1	5	A	335	 	A	263	 
1	36959	A	308	 	A	305	 
1	37151	A	305	 	A	308	 
1	17	A	308	 	A	306	 
1	17	A	306	 	A	308	 
1	55304	A	311	 	A	305	 
1	55304	A	305	 	A	311	 
1	17	A	311	 	A	306	 
1	17	A	306	 	A	311	 
1	268	A	263	 	A	260	 
1	74	A	260	 	A	263	 
1	36891	A	231	 	A	234	 
1	36893	A	234	 	A	231	 
1	36891	A	231	 	A	235	 
1	36893	A	235	 	A	231	 
1	12	A	231	 	A	282	 
1	10	A	282	 	A	231	 
1	10	A	231	 	A	285	 
1	12	A	285	 	A	231	 
1	36895	A	234	 	A	235	 
1	36895	A	235	 	A	234	 
1	27	A	234	 	A	238	 
1	29	A	238	 	A	234	 
1	36872	A	234	 	A	271	 
1	36872	A	271	 	A	234	 
1	36872	A	234	 	A	282	 
1	36872	A	282	 	A	234	 
1	19	A	235	 	A	238	 
1	21	A	238	 	A	235	 
1	36872	A	235	 	A	271	 
1	36872	A	271	 	A	235	 
1	12	A	235	 	A	282	 
1	10	A	282	 	A	235	 
1	12	A	235	 	A	285	 
1	10	A	285	 	A	235	 
1	36876	A	235	 	A	286	 
1	36874	A	286	 	A	235	 
1	36872	A	235	 	A	319	 
1	36872	A	319	 	A	235	 
1	27	A	238	 	A	242	 
1	29	A	242	 	A	238	 
1	36872	A	238	 	A	269	 
1	36872	A	269	 	A	238	 
1	8	A	238	 	A	319	 
1	8	A	319	 	A	238	 
1	74	A	238	 	A	343	 
1	268	A	343	 	A	238	 
1	36872	A	242	 	A	268	 
1	36872	A	268	 	A	242	 
1	36872	A	242	 	A	269	 
1	36872	A	269	 	A	242	 
1	74	A	242	 	A	294	 
1	268	A	294	 	A	242	 
1	36872	A	242	 	A	295	 
1	36872	A	295	 	A	242	 
1	74	A	242	 	A	343	 
1	268	A	343	 	A	242	 
1	31	A	265	 	A	267	 
1	31	A	267	 	A	265	 
1	268	A	265	 	A	313	 
1	74	A	313	 	A	265	 
1	260	A	265	 	A	316	 
1	66	A	316	 	A	265	 
1	46350	A	265	 	A	317	 
1	46158	A	317	 	A	265	 
1	27	A	265	 	A	336	 
1	29	A	336	 	A	265	 
1	17	A	265	 	A	337	 
1	17	A	337	 	A	265	 
1	23	A	267	 	A	268	 
1	23	A	268	 	A	267	 
1	21	A	267	 	A	269	 
1	19	A	269	 	A	267	 
1	36893	A	267	 	A	317	 
1	36891	A	317	 	A	267	 
1	5	A	267	 	A	318	 
1	3	A	318	 	A	267	 
1	4	A	267	 	A	319	 
1	2	A	319	 	A	267	 
1	36876	A	267	 	A	320	 
1	36874	A	320	 	A	267	 
1	36872	A	267	 	A	336	 
1	36872	A	336	 	A	267	 
1	21	A	267	 	A	337	 
1	19	A	337	 	A	267	 
1	36872	A	267	 	A	338	 
1	36872	A	338	 	A	267	 
1	83	A	267	 	A	341	 
1	277	A	341	 	A	267	 
1	95	A	268	 	A	269	 
1	287	A	269	 	A	268	 
1	17	A	268	 	A	270	 
1	17	A	270	 	A	268	 
1	36872	A	268	 	A	294	 
1	36872	A	294	 	A	268	 
1	17	A	268	 	A	317	 
1	17	A	317	 	A	268	 
1	29	A	268	 	A	318	 
1	27	A	318	 	A	268	 
1	1	A	268	 	A	319	 
1	1	A	319	 	A	268	 
1	83	A	268	 	A	341	 
1	277	A	341	 	A	268	 
1	27	A	268	 	A	343	 
1	29	A	343	 	A	268	 
1	279	A	269	 	A	270	 
1	87	A	270	 	A	269	 
1	36889	A	269	 	A	271	 
1	36889	A	271	 	A	269	 
1	21	A	269	 	A	318	 
1	19	A	318	 	A	269	 
1	36895	A	269	 	A	319	 
1	36895	A	319	 	A	269	 
1	19	A	269	 	A	320	 
1	21	A	320	 	A	269	 
1	67	A	269	 	A	341	 
1	261	A	341	 	A	269	 
1	287	A	269	 	A	343	 
1	95	A	343	 	A	269	 
1	23	A	270	 	A	271	 
1	23	A	271	 	A	270	 
1	36893	A	270	 	A	272	 
1	36891	A	272	 	A	270	 
1	36893	A	270	 	A	320	 
1	36891	A	320	 	A	270	 
1	36876	A	270	 	A	322	 
1	36874	A	322	 	A	270	 
1	36872	A	270	 	A	327	 
1	36872	A	327	 	A	270	 
1	36872	A	270	 	A	338	 
1	36872	A	338	 	A	270	 
1	74	A	270	 	A	341	 
1	268	A	341	 	A	270	 
1	21	A	270	 	A	343	 
1	19	A	343	 	A	270	 
1	8	A	270	 	A	364	 
1	8	A	364	 	A	270	 
1	36872	A	270	 	A	370	 
1	36872	A	370	 	A	270	 
1	23	A	271	 	A	272	 
1	23	A	272	 	A	271	 
1	17	A	271	 	A	273	 
1	17	A	273	 	A	271	 
1	36872	A	271	 	A	282	 
1	36872	A	282	 	A	271	 
1	36872	A	271	 	A	319	 
1	36872	A	319	 	A	271	 
1	21	A	271	 	A	320	 
1	19	A	320	 	A	271	 
1	36895	A	271	 	A	321	 
1	36895	A	321	 	A	271	 
1	19	A	271	 	A	322	 
1	21	A	322	 	A	271	 
1	23	A	272	 	A	273	 
1	23	A	273	 	A	272	 
1	36893	A	272	 	A	322	 
1	36891	A	322	 	A	272	 
1	4	A	272	 	A	323	 
1	2	A	323	 	A	272	 
1	36876	A	272	 	A	324	 
1	36874	A	324	 	A	272	 
1	36872	A	272	 	A	327	 
1	36872	A	327	 	A	272	 
1	36872	A	272	 	A	364	 
1	36872	A	364	 	A	272	 
1	36876	A	273	 	A	279	 
1	36874	A	279	 	A	273	 
1	36872	A	273	 	A	282	 
1	36872	A	282	 	A	273	 
1	36872	A	273	 	A	321	 
1	36872	A	321	 	A	273	 
1	21	A	273	 	A	322	 
1	19	A	322	 	A	273	 
1	19	A	273	 	A	323	 
1	21	A	323	 	A	273	 
1	19	A	273	 	A	324	 
1	21	A	324	 	A	273	 
1	19	A	279	 	A	282	 
1	21	A	282	 	A	279	 
1	19	A	279	 	A	283	 
1	21	A	283	 	A	279	 
1	36874	A	279	 	A	299	 
1	36876	A	299	 	A	279	 
1	4	A	279	 	A	300	 
1	2	A	300	 	A	279	 
1	8	A	279	 	A	301	 
1	8	A	301	 	A	279	 
1	36878	A	279	 	A	321	 
1	36878	A	321	 	A	279	 
1	4	A	279	 	A	322	 
1	2	A	322	 	A	279	 
1	36876	A	279	 	A	323	 
1	36874	A	323	 	A	279	 
1	23	A	282	 	A	283	 
1	23	A	283	 	A	282	 
1	19	A	282	 	A	285	 
1	21	A	285	 	A	282	 
1	19	A	282	 	A	286	 
1	21	A	286	 	A	282	 
1	36874	A	282	 	A	321	 
1	36876	A	321	 	A	282	 
1	17	A	283	 	A	285	 
1	17	A	285	 	A	283	 
1	19	A	283	 	A	286	 
1	21	A	286	 	A	283	 
1	9243	A	283	 	A	287	 
1	9245	A	287	 	A	283	 
1	270	A	283	 	A	297	 
1	78	A	297	 	A	283	 
1	4	A	283	 	A	298	 
1	2	A	298	 	A	283	 
1	12	A	283	 	A	299	 
1	10	A	299	 	A	283	 
1	46088	A	283	 	A	312	 
1	46088	A	312	 	A	283	 
1	10	A	283	 	A	321	 
1	12	A	321	 	A	283	 
1	23	A	285	 	A	286	 
1	23	A	286	 	A	285	 
1	17	A	285	 	A	287	 
1	17	A	287	 	A	285	 
1	23	A	286	 	A	287	 
1	23	A	287	 	A	286	 
1	36874	A	286	 	A	297	 
1	36876	A	297	 	A	286	 
1	36872	A	286	 	A	319	 
1	36872	A	319	 	A	286	 
1	10	A	287	 	A	297	 
1	12	A	297	 	A	287	 
1	31	A	294	 	A	295	 
1	31	A	295	 	A	294	 
1	17	A	294	 	A	296	 
1	17	A	296	 	A	294	 
1	74	A	294	 	A	318	 
1	268	A	318	 	A	294	 
1	23	A	295	 	A	296	 
1	23	A	296	 	A	295	 
1	36895	A	295	 	A	297	 
1	36895	A	297	 	A	295	 
1	78	A	295	 	A	318	 
1	270	A	318	 	A	295	 
1	12	A	295	 	A	319	 
1	10	A	319	 	A	295	 
1	287	A	296	 	A	297	 
1	95	A	297	 	A	296	 
1	46107	A	296	 	A	298	 
1	46109	A	298	 	A	296	 
1	64780	A	296	 	A	312	 
1	64586	A	312	 	A	296	 
1	261	A	296	 	A	316	 
1	67	A	316	 	A	296	 
1	23	A	296	 	A	317	 
1	23	A	317	 	A	296	 
1	95	A	296	 	A	318	 
1	287	A	318	 	A	296	 
1	19	A	296	 	A	319	 
1	21	A	319	 	A	296	 
1	87	A	297	 	A	298	 
1	279	A	298	 	A	297	 
1	17	A	297	 	A	299	 
1	17	A	299	 	A	297	 
1	1	A	297	 	A	316	 
1	1	A	316	 	A	297	 
1	3	A	297	 	A	317	 
1	5	A	317	 	A	297	 
1	31	A	297	 	A	319	 
1	31	A	319	 	A	297	 
1	279	A	298	 	A	299	 
1	87	A	299	 	A	298	 
1	17	A	298	 	A	300	 
1	17	A	300	 	A	298	 
1	46348	A	298	 	A	312	 
1	46154	A	312	 	A	298	 
1	37132	A	298	 	A	313	 
1	36938	A	313	 	A	298	 
1	277	A	298	 	A	316	 
1	83	A	316	 	A	298	 
1	15	A	298	 	A	317	 
1	15	A	317	 	A	298	 
1	21	A	298	 	A	319	 
1	19	A	319	 	A	298	 
1	36895	A	298	 	A	320	 
1	36895	A	320	 	A	298	 
1	19	A	298	 	A	321	 
1	21	A	321	 	A	298	 
1	23	A	299	 	A	300	 
1	23	A	300	 	A	299	 
1	27	A	299	 	A	301	 
1	29	A	301	 	A	299	 
1	66	A	299	 	A	309	 
1	260	A	309	 	A	299	 
1	2	A	299	 	A	320	 
1	4	A	320	 	A	299	 
1	36895	A	299	 	A	321	 
1	36895	A	321	 	A	299	 
1	23	A	300	 	A	301	 
1	23	A	301	 	A	300	 
1	36878	A	300	 	A	309	 
1	36878	A	309	 	A	300	 
1	36872	A	300	 	A	313	 
1	36872	A	313	 	A	300	 
1	36874	A	300	 	A	320	 
1	36876	A	320	 	A	300	 
1	21	A	300	 	A	321	 
1	19	A	321	 	A	300	 
1	36895	A	300	 	A	322	 
1	36895	A	322	 	A	300	 
1	83	A	300	 	A	323	 
1	277	A	323	 	A	300	 
1	4	A	300	 	A	327	 
1	2	A	327	 	A	300	 
1	46154	A	301	 	A	309	 
1	46348	A	309	 	A	301	 
1	79	A	301	 	A	323	 
1	271	A	323	 	A	301	 
1	23	A	309	 	A	310	 
1	23	A	310	 	A	309	 
1	19	A	309	 	A	312	 
1	21	A	312	 	A	309	 
1	19	A	309	 	A	313	 
1	21	A	313	 	A	309	 
1	17	A	310	 	A	312	 
1	17	A	312	 	A	310	 
1	27	A	310	 	A	313	 
1	29	A	313	 	A	310	 
1	279	A	312	 	A	313	 
1	87	A	313	 	A	312	 
1	17	A	312	 	A	316	 
1	17	A	316	 	A	312	 
1	17	A	313	 	A	316	 
1	17	A	316	 	A	313	 
1	36955	A	313	 	A	317	 
1	37149	A	317	 	A	313	 
1	36872	A	313	 	A	320	 
1	36872	A	320	 	A	313	 
1	36872	A	313	 	A	336	 
1	36872	A	336	 	A	313	 
1	83	A	316	 	A	317	 
1	277	A	317	 	A	316	 
1	19	A	316	 	A	318	 
1	21	A	318	 	A	316	 
1	343	A	317	 	A	318	 
1	343	A	318	 	A	317	 
1	21	A	317	 	A	319	 
1	19	A	319	 	A	317	 
1	36877	A	317	 	A	320	 
1	36875	A	320	 	A	317	 
1	36872	A	317	 	A	336	 
1	36872	A	336	 	A	317	 
1	279	A	318	 	A	319	 
1	87	A	319	 	A	318	 
1	17	A	318	 	A	320	 
1	17	A	320	 	A	318	 
1	23	A	319	 	A	320	 
1	23	A	320	 	A	319	 
1	36893	A	319	 	A	321	 
1	36891	A	321	 	A	319	 
1	23	A	320	 	A	321	 
1	23	A	321	 	A	320	 
1	36893	A	320	 	A	322	 
1	36891	A	322	 	A	320	 
1	36872	A	320	 	A	327	 
1	36872	A	327	 	A	320	 
1	36872	A	320	 	A	336	 
1	36872	A	336	 	A	320	 
1	23	A	321	 	A	322	 
1	23	A	322	 	A	321	 
1	17	A	321	 	A	323	 
1	17	A	323	 	A	321	 
1	23	A	322	 	A	323	 
1	23	A	323	 	A	322	 
1	19	A	322	 	A	324	 
1	21	A	324	 	A	322	 
1	36876	A	322	 	A	327	 
1	36874	A	327	 	A	322	 
1	287	A	323	 	A	324	 
1	95	A	324	 	A	323	 
1	19	A	323	 	A	327	 
1	21	A	327	 	A	323	 
1	19	A	324	 	A	327	 
1	21	A	327	 	A	324	 
1	10	A	324	 	A	364	 
1	12	A	364	 	A	324	 
1	8	A	327	 	A	336	 
1	8	A	336	 	A	327	 
1	36872	A	327	 	A	338	 
1	36872	A	338	 	A	327	 
1	36872	A	327	 	A	364	 
1	36872	A	364	 	A	327	 
1	21	A	336	 	A	337	 
1	19	A	337	 	A	336	 
1	29	A	336	 	A	338	 
1	27	A	338	 	A	336	 
1	19	A	337	 	A	338	 
1	21	A	338	 	A	337	 
1	36955	A	338	 	A	341	 
1	37149	A	341	 	A	338	 
1	12	A	338	 	A	364	 
1	10	A	364	 	A	338	 
1	36895	A	338	 	A	370	 
1	36895	A	370	 	A	338	 
1	277	A	341	 	A	343	 
1	83	A	343	 	A	341	 
1	36874	A	341	 	A	370	 
1	36876	A	370	 	A	341	 
1	27	A	364	 	A	370	 
1	29	A	370	 	A	364	 
1	287	A	231	 	A	230	 
1	95	A	230	 	A	231	 
1	46088	A	231	 	A	347	 
1	46088	A	347	 	A	231	 
1	21	A	234	 	A	230	 
1	19	A	230	 	A	234	 
1	36872	A	234	 	A	345	 
1	36872	A	345	 	A	234	 
1	36872	A	234	 	A	347	 
1	36872	A	347	 	A	234	 
1	8	A	234	 	A	379	 
1	8	A	379	 	A	234	 
1	10	A	234	 	A	381	 
1	12	A	381	 	A	234	 
1	36872	A	238	 	A	345	 
1	36872	A	345	 	A	238	 
1	36872	A	238	 	A	379	 
1	36872	A	379	 	A	238	 
1	36891	A	270	 	A	344	 
1	36893	A	344	 	A	270	 
1	19	A	270	 	A	345	 
1	21	A	345	 	A	270	 
1	36895	A	271	 	A	345	 
1	36895	A	345	 	A	271	 
1	8	A	271	 	A	347	 
1	8	A	347	 	A	271	 
1	36872	A	272	 	A	344	 
1	36872	A	344	 	A	272	 
1	21	A	272	 	A	345	 
1	19	A	345	 	A	272	 
1	36895	A	272	 	A	346	 
1	36895	A	346	 	A	272	 
1	19	A	272	 	A	347	 
1	21	A	347	 	A	272	 
1	10	A	272	 	A	352	 
1	12	A	352	 	A	272	 
1	12	A	272	 	A	361	 
1	10	A	361	 	A	272	 
1	36872	A	272	 	A	365	 
1	36872	A	365	 	A	272	 
1	31	A	273	 	A	347	 
1	31	A	347	 	A	273	 
1	2	A	273	 	A	352	 
1	4	A	352	 	A	273	 
1	36872	A	282	 	A	347	 
1	36872	A	347	 	A	282	 
1	8	A	324	 	A	352	 
1	8	A	352	 	A	324	 
1	36876	A	324	 	A	361	 
1	36874	A	361	 	A	324	 
1	260	A	341	 	A	344	 
1	66	A	344	 	A	341	 
1	3	A	341	 	A	376	 
1	5	A	376	 	A	341	 
1	23	A	343	 	A	344	 
1	23	A	344	 	A	343	 
1	17	A	343	 	A	345	 
1	17	A	345	 	A	343	 
1	2	A	343	 	A	376	 
1	4	A	376	 	A	343	 
1	31	A	343	 	A	377	 
1	31	A	377	 	A	343	 
1	10	A	343	 	A	379	 
1	12	A	379	 	A	343	 
1	21	A	364	 	A	361	 
1	19	A	361	 	A	364	 
1	31	A	364	 	A	365	 
1	31	A	365	 	A	364	 
1	17	A	364	 	A	366	 
1	17	A	366	 	A	364	 
1	36872	A	370	 	A	344	 
1	36872	A	344	 	A	370	 
1	36893	A	370	 	A	365	 
1	36891	A	365	 	A	370	 
1	74	A	370	 	A	376	 
1	268	A	376	 	A	370	 
1	21	A	242	 	A	246	 
1	19	A	246	 	A	242	 
1	268	A	265	 	A	262	 
1	74	A	262	 	A	265	 
1	279	A	265	 	A	264	 
1	87	A	264	 	A	265	 
1	279	A	265	 	A	266	 
1	87	A	266	 	A	265	 
1	31	A	267	 	A	266	 
1	31	A	266	 	A	267	 
1	3	A	267	 	A	340	 
1	5	A	340	 	A	267	 
1	17	A	267	 	A	342	 
1	17	A	342	 	A	267	 
1	36872	A	268	 	A	247	 
1	36872	A	247	 	A	268	 
1	36874	A	268	 	A	252	 
1	36876	A	252	 	A	268	 
1	21	A	268	 	A	266	 
1	19	A	266	 	A	268	 
1	21	A	268	 	A	340	 
1	19	A	340	 	A	268	 
1	31	A	268	 	A	342	 
1	31	A	342	 	A	268	 
1	1	A	269	 	A	342	 
1	1	A	342	 	A	269	 
1	260	A	294	 	A	246	 
1	66	A	246	 	A	294	 
1	37132	A	294	 	A	247	 
1	36938	A	247	 	A	294	 
1	17	A	317	 	A	266	 
1	17	A	266	 	A	317	 
1	67	A	336	 	A	264	 
1	261	A	264	 	A	336	 
1	2	A	337	 	A	264	 
1	4	A	264	 	A	337	 
1	19	A	337	 	A	266	 
1	21	A	266	 	A	337	 
1	19	A	337	 	A	339	 
1	21	A	339	 	A	337	 
1	2	A	337	 	A	369	 
1	4	A	369	 	A	337	 
1	2	A	338	 	A	266	 
1	4	A	266	 	A	338	 
1	87	A	338	 	A	339	 
1	279	A	339	 	A	338	 
1	17	A	338	 	A	340	 
1	17	A	340	 	A	338	 
1	15	A	338	 	A	369	 
1	15	A	369	 	A	338	 
1	17	A	341	 	A	339	 
1	17	A	339	 	A	341	 
1	23	A	341	 	A	340	 
1	23	A	340	 	A	341	 
1	279	A	341	 	A	342	 
1	87	A	342	 	A	341	 
1	31	A	343	 	A	342	 
1	31	A	342	 	A	343	 
1	1	A	370	 	A	339	 
1	1	A	339	 	A	370	 
1	87	A	370	 	A	369	 
1	279	A	369	 	A	370	 
1	19	A	338	 	A	371	 
1	21	A	371	 	A	338	 
1	27	A	341	 	A	371	 
1	29	A	371	 	A	341	 
1	31	A	370	 	A	371	 
1	31	A	371	 	A	370	 
1	19	A	370	 	A	372	 
1	21	A	372	 	A	370	 
1	17	A	301	 	A	303	 
1	17	A	303	 	A	301	 
1	17	A	309	 	A	307	 
1	17	A	307	 	A	309	 
1	21	A	310	 	A	307	 
1	19	A	307	 	A	310	 
1	21	A	265	 	A	335	 
1	19	A	335	 	A	265	 
1	1	A	300	 	A	302	 
1	1	A	302	 	A	300	 
1	14	A	300	 	A	326	 
1	14	A	326	 	A	300	 
1	36872	A	300	 	A	330	 
1	36872	A	330	 	A	300	 
1	21	A	301	 	A	302	 
1	19	A	302	 	A	301	 
1	36891	A	301	 	A	304	 
1	36893	A	304	 	A	301	 
1	66	A	301	 	A	326	 
1	260	A	326	 	A	301	 
1	37132	A	309	 	A	304	 
1	36938	A	304	 	A	309	 
1	277	A	309	 	A	305	 
1	83	A	305	 	A	309	 
1	29	A	309	 	A	306	 
1	27	A	306	 	A	309	 
1	46088	A	309	 	A	326	 
1	46088	A	326	 	A	309	 
1	36874	A	309	 	A	330	 
1	36876	A	330	 	A	309	 
1	36893	A	310	 	A	306	 
1	36891	A	306	 	A	310	 
1	36874	A	310	 	A	330	 
1	36876	A	330	 	A	310	 
1	36872	A	310	 	A	333	 
1	36872	A	333	 	A	310	 
1	8	A	310	 	A	335	 
1	8	A	335	 	A	310	 
1	36872	A	313	 	A	330	 
1	36872	A	330	 	A	313	 
1	12	A	313	 	A	335	 
1	10	A	335	 	A	313	 
1	260	A	323	 	A	302	 
1	66	A	302	 	A	323	 
1	277	A	323	 	A	325	 
1	83	A	325	 	A	323	 
1	287	A	323	 	A	326	 
1	95	A	326	 	A	323	 
1	21	A	324	 	A	325	 
1	19	A	325	 	A	324	 
1	17	A	324	 	A	326	 
1	17	A	326	 	A	324	 
1	19	A	324	 	A	328	 
1	21	A	328	 	A	324	 
1	17	A	327	 	A	325	 
1	17	A	325	 	A	327	 
1	23	A	327	 	A	326	 
1	23	A	326	 	A	327	 
1	23	A	327	 	A	328	 
1	23	A	328	 	A	327	 
1	19	A	327	 	A	329	 
1	21	A	329	 	A	327	 
1	27	A	327	 	A	330	 
1	29	A	330	 	A	327	 
1	27	A	327	 	A	331	 
1	29	A	331	 	A	327	 
1	17	A	327	 	A	332	 
1	17	A	332	 	A	327	 
1	31	A	336	 	A	330	 
1	31	A	330	 	A	336	 
1	31	A	336	 	A	331	 
1	31	A	331	 	A	336	 
1	17	A	336	 	A	334	 
1	17	A	334	 	A	336	 
1	31	A	336	 	A	335	 
1	31	A	335	 	A	336	 
1	17	A	337	 	A	335	 
1	17	A	335	 	A	337	 
1	36872	A	338	 	A	331	 
1	36872	A	331	 	A	338	 
1	36878	A	364	 	A	328	 
1	36878	A	328	 	A	364	 
1	10	A	364	 	A	331	 
1	12	A	331	 	A	364	 
1	23	A	364	 	A	363	 
1	23	A	363	 	A	364	 
1	19	A	364	 	A	368	 
1	21	A	368	 	A	364	 
1	19	A	370	 	A	368	 
1	21	A	368	 	A	370	 
1	36878	A	324	 	A	357	 
1	36878	A	357	 	A	324	 
1	14	A	324	 	A	360	 
1	14	A	360	 	A	324	 
1	29	A	364	 	A	360	 
1	27	A	360	 	A	364	 
1	17	A	364	 	A	362	 
1	17	A	362	 	A	364	 
1	17	A	364	 	A	367	 
1	17	A	367	 	A	364	 
1	279	A	219	 	A	220	 
1	87	A	220	 	A	219	 
1	17	A	219	 	A	221	 
1	17	A	221	 	A	219	 
1	8	A	219	 	A	373	 
1	8	A	373	 	A	219	 
1	4	A	219	 	A	376	 
1	2	A	376	 	A	219	 
1	46414	A	219	 	A	377	 
1	46414	A	377	 	A	219	 
1	46365	A	219	 	A	378	 
1	46171	A	378	 	A	219	 
1	4	A	219	 	A	396	 
1	2	A	396	 	A	219	 
1	37132	A	219	 	A	397	 
1	36938	A	397	 	A	219	 
1	285	A	219	 	A	398	 
1	91	A	398	 	A	219	 
1	21	A	219	 	A	399	 
1	19	A	399	 	A	219	 
1	31	A	219	 	A	400	 
1	31	A	400	 	A	219	 
1	19	A	219	 	A	401	 
1	21	A	401	 	A	219	 
1	23	A	220	 	A	221	 
1	23	A	221	 	A	220	 
1	36893	A	220	 	A	222	 
1	36891	A	222	 	A	220	 
1	21	A	220	 	A	378	 
1	19	A	378	 	A	220	 
1	31	A	220	 	A	379	 
1	31	A	379	 	A	220	 
1	19	A	220	 	A	380	 
1	21	A	380	 	A	220	 
1	36872	A	220	 	A	381	 
1	36872	A	381	 	A	220	 
1	2	A	220	 	A	397	 
1	4	A	397	 	A	220	 
1	3	A	220	 	A	400	 
1	5	A	400	 	A	220	 
1	29	A	220	 	A	401	 
1	27	A	401	 	A	220	 
1	36876	A	220	 	A	403	 
1	36874	A	403	 	A	220	 
1	23	A	221	 	A	222	 
1	23	A	222	 	A	221	 
1	21	A	221	 	A	223	 
1	19	A	223	 	A	221	 
1	36895	A	221	 	A	380	 
1	36895	A	380	 	A	221	 
1	4	A	221	 	A	381	 
1	2	A	381	 	A	221	 
1	36876	A	221	 	A	382	 
1	36874	A	382	 	A	221	 
1	8	A	221	 	A	385	 
1	8	A	385	 	A	221	 
1	12	A	221	 	A	389	 
1	10	A	389	 	A	221	 
1	8	A	221	 	A	393	 
1	8	A	393	 	A	221	 
1	10	A	221	 	A	397	 
1	12	A	397	 	A	221	 
1	10	A	221	 	A	400	 
1	12	A	400	 	A	221	 
1	21	A	221	 	A	401	 
1	19	A	401	 	A	221	 
1	31	A	221	 	A	402	 
1	31	A	402	 	A	221	 
1	19	A	221	 	A	403	 
1	21	A	403	 	A	221	 
1	23	A	222	 	A	223	 
1	23	A	223	 	A	222	 
1	21	A	222	 	A	380	 
1	19	A	380	 	A	222	 
1	36895	A	222	 	A	381	 
1	36895	A	381	 	A	222	 
1	83	A	222	 	A	382	 
1	277	A	382	 	A	222	 
1	36895	A	222	 	A	403	 
1	36895	A	403	 	A	222	 
1	277	A	223	 	A	382	 
1	83	A	382	 	A	223	 
1	268	A	223	 	A	385	 
1	74	A	385	 	A	223	 
1	8	A	223	 	A	402	 
1	8	A	402	 	A	223	 
1	23	A	223	 	A	403	 
1	23	A	403	 	A	223	 
1	31	A	223	 	A	404	 
1	31	A	404	 	A	223	 
1	55304	A	230	 	A	347	 
1	55304	A	347	 	A	230	 
1	10	A	230	 	A	381	 
1	12	A	381	 	A	230	 
1	23	A	344	 	A	345	 
1	23	A	345	 	A	344	 
1	36893	A	344	 	A	346	 
1	36891	A	346	 	A	344	 
1	36872	A	344	 	A	365	 
1	36872	A	365	 	A	344	 
1	36872	A	344	 	A	376	 
1	36872	A	376	 	A	344	 
1	21	A	344	 	A	377	 
1	19	A	377	 	A	344	 
1	36959	A	344	 	A	378	 
1	37151	A	378	 	A	344	 
1	19	A	344	 	A	379	 
1	21	A	379	 	A	344	 
1	8	A	344	 	A	396	 
1	8	A	396	 	A	344	 
1	23	A	345	 	A	346	 
1	23	A	346	 	A	345	 
1	29	A	345	 	A	347	 
1	27	A	347	 	A	345	 
1	36895	A	345	 	A	379	 
1	36895	A	379	 	A	345	 
1	8	A	345	 	A	381	 
1	8	A	381	 	A	345	 
1	23	A	346	 	A	347	 
1	23	A	347	 	A	346	 
1	36895	A	346	 	A	349	 
1	36895	A	349	 	A	346	 
1	36874	A	346	 	A	352	 
1	36876	A	352	 	A	346	 
1	36872	A	346	 	A	361	 
1	36872	A	361	 	A	346	 
1	36872	A	346	 	A	378	 
1	36872	A	378	 	A	346	 
1	21	A	346	 	A	379	 
1	19	A	379	 	A	346	 
1	36895	A	346	 	A	380	 
1	36895	A	380	 	A	346	 
1	19	A	346	 	A	381	 
1	21	A	381	 	A	346	 
1	36872	A	346	 	A	392	 
1	36872	A	392	 	A	346	 
1	8	A	346	 	A	396	 
1	8	A	396	 	A	346	 
1	19	A	347	 	A	349	 
1	21	A	349	 	A	347	 
1	2	A	347	 	A	352	 
1	4	A	352	 	A	347	 
1	31	A	347	 	A	381	 
1	31	A	381	 	A	347	 
1	36891	A	349	 	A	352	 
1	36893	A	352	 	A	349	 
1	19	A	349	 	A	353	 
1	21	A	353	 	A	349	 
1	36872	A	349	 	A	380	 
1	36872	A	380	 	A	349	 
1	21	A	349	 	A	381	 
1	19	A	381	 	A	349	 
1	36939	A	349	 	A	382	 
1	37133	A	382	 	A	349	 
1	36874	A	349	 	A	389	 
1	36876	A	389	 	A	349	 
1	36872	A	349	 	A	392	 
1	36872	A	392	 	A	349	 
1	23	A	352	 	A	353	 
1	23	A	353	 	A	352	 
1	36874	A	352	 	A	361	 
1	36876	A	361	 	A	352	 
1	36872	A	353	 	A	361	 
1	36872	A	361	 	A	353	 
1	36878	A	353	 	A	388	 
1	36878	A	388	 	A	353	 
1	36876	A	353	 	A	389	 
1	36874	A	389	 	A	353	 
1	36872	A	353	 	A	392	 
1	36872	A	392	 	A	353	 
1	27	A	361	 	A	365	 
1	29	A	365	 	A	361	 
1	17	A	361	 	A	366	 
1	17	A	366	 	A	361	 
1	10	A	361	 	A	396	 
1	12	A	396	 	A	361	 
1	31	A	365	 	A	366	 
1	31	A	366	 	A	365	 
1	36938	A	365	 	A	376	 
1	37132	A	376	 	A	365	 
1	36872	A	365	 	A	396	 
1	36872	A	396	 	A	365	 
1	36872	A	366	 	A	395	 
1	36872	A	395	 	A	366	 
1	36872	A	366	 	A	396	 
1	36872	A	396	 	A	366	 
1	11	A	373	 	A	376	 
1	13	A	376	 	A	373	 
1	10	A	373	 	A	378	 
1	12	A	378	 	A	373	 
1	260	A	373	 	A	394	 
1	66	A	394	 	A	373	 
1	260	A	373	 	A	395	 
1	66	A	395	 	A	373	 
1	5	A	373	 	A	396	 
1	3	A	396	 	A	373	 
1	260	A	373	 	A	397	 
1	66	A	397	 	A	373	 
1	14	A	373	 	A	398	 
1	14	A	398	 	A	373	 
1	23	A	376	 	A	377	 
1	23	A	377	 	A	376	 
1	46171	A	376	 	A	378	 
1	46365	A	378	 	A	376	 
1	268	A	376	 	A	396	 
1	74	A	396	 	A	376	 
1	343	A	377	 	A	378	 
1	343	A	378	 	A	377	 
1	36891	A	377	 	A	379	 
1	36893	A	379	 	A	377	 
1	279	A	378	 	A	379	 
1	87	A	379	 	A	378	 
1	25	A	378	 	A	380	 
1	25	A	380	 	A	378	 
1	268	A	378	 	A	396	 
1	74	A	396	 	A	378	 
1	36878	A	378	 	A	397	 
1	36878	A	397	 	A	378	 
1	23	A	379	 	A	380	 
1	23	A	380	 	A	379	 
1	27	A	379	 	A	381	 
1	29	A	381	 	A	379	 
1	2	A	379	 	A	397	 
1	4	A	397	 	A	379	 
1	23	A	380	 	A	381	 
1	23	A	381	 	A	380	 
1	17	A	380	 	A	382	 
1	17	A	382	 	A	380	 
1	36876	A	380	 	A	389	 
1	36874	A	389	 	A	380	 
1	36876	A	380	 	A	392	 
1	36874	A	392	 	A	380	 
1	36876	A	380	 	A	393	 
1	36874	A	393	 	A	380	 
1	8	A	380	 	A	396	 
1	8	A	396	 	A	380	 
1	10	A	380	 	A	397	 
1	12	A	397	 	A	380	 
1	87	A	381	 	A	382	 
1	279	A	382	 	A	381	 
1	36872	A	382	 	A	389	 
1	36872	A	389	 	A	382	 
1	31	A	385	 	A	386	 
1	31	A	386	 	A	385	 
1	17	A	385	 	A	387	 
1	17	A	387	 	A	385	 
1	14	A	385	 	A	389	 
1	14	A	389	 	A	385	 
1	36876	A	385	 	A	390	 
1	36874	A	390	 	A	385	 
1	36872	A	385	 	A	402	 
1	36872	A	402	 	A	385	 
1	23	A	386	 	A	387	 
1	23	A	387	 	A	386	 
1	36895	A	386	 	A	388	 
1	36895	A	388	 	A	386	 
1	31	A	386	 	A	389	 
1	31	A	389	 	A	386	 
1	19	A	386	 	A	390	 
1	21	A	390	 	A	386	 
1	23	A	387	 	A	388	 
1	23	A	388	 	A	387	 
1	17	A	387	 	A	389	 
1	17	A	389	 	A	387	 
1	27	A	387	 	A	390	 
1	29	A	390	 	A	387	 
1	27	A	387	 	A	391	 
1	29	A	391	 	A	387	 
1	17	A	387	 	A	392	 
1	17	A	392	 	A	387	 
1	31	A	388	 	A	389	 
1	31	A	389	 	A	388	 
1	17	A	388	 	A	390	 
1	17	A	390	 	A	388	 
1	19	A	388	 	A	391	 
1	21	A	391	 	A	388	 
1	19	A	388	 	A	392	 
1	21	A	392	 	A	388	 
1	23	A	389	 	A	390	 
1	23	A	390	 	A	389	 
1	17	A	389	 	A	391	 
1	17	A	391	 	A	389	 
1	36891	A	389	 	A	392	 
1	36893	A	392	 	A	389	 
1	19	A	389	 	A	393	 
1	21	A	393	 	A	389	 
1	279	A	390	 	A	391	 
1	87	A	391	 	A	390	 
1	17	A	390	 	A	392	 
1	17	A	392	 	A	390	 
1	19	A	390	 	A	393	 
1	21	A	393	 	A	390	 
1	46171	A	390	 	A	394	 
1	46365	A	394	 	A	390	 
1	74	A	390	 	A	400	 
1	268	A	400	 	A	390	 
1	23	A	391	 	A	392	 
1	23	A	392	 	A	391	 
1	17	A	391	 	A	393	 
1	17	A	393	 	A	391	 
1	19	A	391	 	A	394	 
1	21	A	394	 	A	391	 
1	19	A	391	 	A	395	 
1	21	A	395	 	A	391	 
1	23	A	392	 	A	393	 
1	23	A	393	 	A	392	 
1	17	A	392	 	A	394	 
1	17	A	394	 	A	392	 
1	83	A	392	 	A	395	 
1	277	A	395	 	A	392	 
1	36891	A	392	 	A	396	 
1	36893	A	396	 	A	392	 
1	17	A	392	 	A	397	 
1	17	A	397	 	A	392	 
1	31	A	393	 	A	394	 
1	31	A	394	 	A	393	 
1	17	A	393	 	A	395	 
1	17	A	395	 	A	393	 
1	19	A	393	 	A	396	 
1	21	A	396	 	A	393	 
1	36891	A	393	 	A	397	 
1	36893	A	397	 	A	393	 
1	36874	A	393	 	A	400	 
1	36876	A	400	 	A	393	 
1	31	A	394	 	A	395	 
1	31	A	395	 	A	394	 
1	17	A	394	 	A	396	 
1	17	A	396	 	A	394	 
1	17	A	394	 	A	397	 
1	17	A	397	 	A	394	 
1	46154	A	394	 	A	400	 
1	46348	A	400	 	A	394	 
1	31	A	395	 	A	396	 
1	31	A	396	 	A	395	 
1	17	A	395	 	A	397	 
1	17	A	397	 	A	395	 
1	31	A	396	 	A	397	 
1	31	A	397	 	A	396	 
1	17	A	396	 	A	398	 
1	17	A	398	 	A	396	 
1	23	A	397	 	A	398	 
1	23	A	398	 	A	397	 
1	17	A	397	 	A	399	 
1	17	A	399	 	A	397	 
1	10	A	397	 	A	400	 
1	12	A	400	 	A	397	 
1	37151	A	398	 	A	399	 
1	36959	A	399	 	A	398	 
1	19	A	398	 	A	400	 
1	21	A	400	 	A	398	 
1	23	A	399	 	A	400	 
1	23	A	400	 	A	399	 
1	19	A	399	 	A	401	 
1	21	A	401	 	A	399	 
1	23	A	400	 	A	401	 
1	23	A	401	 	A	400	 
1	29	A	400	 	A	402	 
1	27	A	402	 	A	400	 
1	23	A	401	 	A	402	 
1	23	A	402	 	A	401	 
1	21	A	401	 	A	403	 
1	19	A	403	 	A	401	 
1	23	A	402	 	A	403	 
1	23	A	403	 	A	402	 
1	36893	A	402	 	A	404	 
1	36891	A	404	 	A	402	 
1	23	A	403	 	A	404	 
1	23	A	404	 	A	403	 
1	17	A	344	 	A	342	 
1	17	A	342	 	A	344	 
1	23	A	376	 	A	342	 
1	23	A	342	 	A	376	 
1	21	A	377	 	A	342	 
1	19	A	342	 	A	377	 
1	260	A	219	 	A	374	 
1	66	A	374	 	A	219	 
1	17	A	373	 	A	371	 
1	17	A	371	 	A	373	 
1	23	A	373	 	A	372	 
1	23	A	372	 	A	373	 
1	21	A	373	 	A	374	 
1	19	A	374	 	A	373	 
1	19	A	373	 	A	375	 
1	21	A	375	 	A	373	 
1	287	A	376	 	A	371	 
1	95	A	371	 	A	376	 
1	285	A	376	 	A	372	 
1	91	A	372	 	A	376	 
1	17	A	376	 	A	374	 
1	17	A	374	 	A	376	 
1	23	A	376	 	A	375	 
1	23	A	375	 	A	376	 
1	17	A	377	 	A	375	 
1	17	A	375	 	A	377	 
1	260	A	398	 	A	374	 
1	66	A	374	 	A	398	 
1	19	A	352	 	A	355	 
1	21	A	355	 	A	352	 
1	17	A	353	 	A	355	 
1	17	A	355	 	A	353	 
1	17	A	361	 	A	363	 
1	17	A	363	 	A	361	 
1	17	A	365	 	A	363	 
1	17	A	363	 	A	365	 
1	17	A	365	 	A	368	 
1	17	A	368	 	A	365	 
1	17	A	366	 	A	363	 
1	17	A	363	 	A	366	 
1	17	A	366	 	A	368	 
1	17	A	368	 	A	366	 
1	17	A	352	 	A	356	 
1	17	A	356	 	A	352	 
1	27	A	352	 	A	357	 
1	29	A	357	 	A	352	 
1	17	A	352	 	A	358	 
1	17	A	358	 	A	352	 
1	17	A	353	 	A	356	 
1	17	A	356	 	A	353	 
1	17	A	353	 	A	357	 
1	17	A	357	 	A	353	 
1	36877	A	353	 	A	358	 
1	36875	A	358	 	A	353	 
1	29	A	361	 	A	357	 
1	27	A	357	 	A	361	 
1	21	A	361	 	A	358	 
1	19	A	358	 	A	361	 
1	17	A	361	 	A	359	 
1	17	A	359	 	A	361	 
1	87	A	361	 	A	360	 
1	279	A	360	 	A	361	 
1	23	A	361	 	A	362	 
1	23	A	362	 	A	361	 
1	21	A	365	 	A	362	 
1	19	A	362	 	A	365	 
1	17	A	365	 	A	367	 
1	17	A	367	 	A	365	 
1	64541	A	366	 	A	362	 
1	64539	A	362	 	A	366	 
1	31	A	366	 	A	367	 
1	31	A	367	 	A	366	 
1	36872	A	388	 	A	358	 
1	36872	A	358	 	A	388	 
1	36872	A	392	 	A	358	 
1	36872	A	358	 	A	392	 
1	36874	A	392	 	A	362	 
1	36876	A	362	 	A	392	 
1	64520	A	395	 	A	362	 
1	64520	A	362	 	A	395	 
1	36876	A	396	 	A	362	 
1	36874	A	362	 	A	396	 
1	17	A	258	 	A	261	 
1	17	A	261	 	A	258	 
1	17	A	258	 	A	256	 
1	17	A	256	 	A	258	 
1	83	A	258	 	A	257	 
1	277	A	257	 	A	258	 
1	1	A	258	 	A	262	 
1	1	A	262	 	A	258	 
1	1	A	261	 	A	256	 
1	1	A	256	 	A	261	 
1	3	A	261	 	A	257	 
1	5	A	257	 	A	261	 
1	19	A	261	 	A	262	 
1	21	A	262	 	A	261	 
1	19	A	258	 	A	259	 
1	21	A	259	 	A	258	 
1	17	A	258	 	A	260	 
1	17	A	260	 	A	258	 
1	17	A	261	 	A	259	 
1	17	A	259	 	A	261	 
1	19	A	261	 	A	260	 
1	21	A	260	 	A	261	 
1	19	A	246	 	A	247	 
1	21	A	247	 	A	246	 
1	17	A	246	 	A	248	 
1	17	A	248	 	A	246	 
1	21	A	247	 	A	248	 
1	19	A	248	 	A	247	 
1	17	A	247	 	A	249	 
1	17	A	249	 	A	247	 
1	36874	A	247	 	A	252	 
1	36876	A	252	 	A	247	 
1	19	A	248	 	A	249	 
1	21	A	249	 	A	248	 
1	17	A	248	 	A	250	 
1	17	A	250	 	A	248	 
1	19	A	248	 	A	251	 
1	21	A	251	 	A	248	 
1	19	A	248	 	A	252	 
1	21	A	252	 	A	248	 
1	37151	A	249	 	A	250	 
1	36959	A	250	 	A	249	 
1	17	A	249	 	A	251	 
1	17	A	251	 	A	249	 
1	19	A	249	 	A	252	 
1	21	A	252	 	A	249	 
1	36891	A	249	 	A	253	 
1	36893	A	253	 	A	249	 
1	23	A	250	 	A	251	 
1	23	A	251	 	A	250	 
1	17	A	250	 	A	252	 
1	17	A	252	 	A	250	 
1	19	A	250	 	A	253	 
1	21	A	253	 	A	250	 
1	19	A	250	 	A	254	 
1	21	A	254	 	A	250	 
1	23	A	251	 	A	252	 
1	23	A	252	 	A	251	 
1	17	A	251	 	A	253	 
1	17	A	253	 	A	251	 
1	36891	A	251	 	A	254	 
1	36893	A	254	 	A	251	 
1	27	A	251	 	A	255	 
1	29	A	255	 	A	251	 
1	23	A	252	 	A	253	 
1	23	A	253	 	A	252	 
1	17	A	252	 	A	254	 
1	17	A	254	 	A	252	 
1	36891	A	252	 	A	255	 
1	36893	A	255	 	A	252	 
1	64539	A	252	 	A	256	 
1	64541	A	256	 	A	252	 
1	66	A	252	 	A	262	 
1	260	A	262	 	A	252	 
1	268	A	252	 	A	266	 
1	74	A	266	 	A	252	 
1	268	A	252	 	A	340	 
1	74	A	340	 	A	252	 
1	23	A	253	 	A	254	 
1	23	A	254	 	A	253	 
1	17	A	253	 	A	255	 
1	17	A	255	 	A	253	 
1	19	A	253	 	A	256	 
1	21	A	256	 	A	253	 
1	36955	A	253	 	A	257	 
1	37149	A	257	 	A	253	 
1	36938	A	253	 	A	262	 
1	37132	A	262	 	A	253	 
1	31	A	254	 	A	255	 
1	31	A	255	 	A	254	 
1	17	A	254	 	A	256	 
1	17	A	256	 	A	254	 
1	19	A	254	 	A	257	 
1	21	A	257	 	A	254	 
1	31	A	255	 	A	256	 
1	31	A	256	 	A	255	 
1	17	A	255	 	A	257	 
1	17	A	257	 	A	255	 
1	66	A	255	 	A	266	 
1	260	A	266	 	A	255	 
1	36872	A	255	 	A	340	 
1	36872	A	340	 	A	255	 
1	87	A	256	 	A	257	 
1	279	A	257	 	A	256	 
1	64603	A	256	 	A	262	 
1	64797	A	262	 	A	256	 
1	5	A	256	 	A	264	 
1	3	A	264	 	A	256	 
1	270	A	256	 	A	266	 
1	78	A	266	 	A	256	 
1	8	A	256	 	A	340	 
1	8	A	340	 	A	256	 
1	37135	A	257	 	A	262	 
1	36943	A	262	 	A	257	 
1	21	A	262	 	A	264	 
1	19	A	264	 	A	262	 
1	46107	A	264	 	A	266	 
1	46109	A	266	 	A	264	 
1	12	A	266	 	A	339	 
1	10	A	339	 	A	266	 
1	10	A	266	 	A	340	 
1	12	A	340	 	A	266	 
1	287	A	339	 	A	340	 
1	95	A	340	 	A	339	 
1	46175	A	339	 	A	369	 
1	46367	A	369	 	A	339	 
1	19	A	340	 	A	342	 
1	21	A	342	 	A	340	 
1	19	A	339	 	A	371	 
1	21	A	371	 	A	339	 
1	2	A	340	 	A	371	 
1	4	A	371	 	A	340	 
1	8	A	342	 	A	371	 
1	8	A	371	 	A	342	 
1	37133	A	342	 	A	375	 
1	36939	A	375	 	A	342	 
1	19	A	369	 	A	371	 
1	21	A	371	 	A	369	 
1	277	A	264	 	A	334	 
1	83	A	334	 	A	264	 
1	21	A	264	 	A	335	 
1	19	A	335	 	A	264	 
1	46431	A	369	 	A	368	 
1	46431	A	368	 	A	369	 
1	17	A	369	 	A	367	 
1	17	A	367	 	A	369	 
1	17	A	257	 	A	259	 
1	17	A	259	 	A	257	 
1	17	A	262	 	A	260	 
1	17	A	260	 	A	262	 
1	31	A	371	 	A	372	 
1	31	A	372	 	A	371	 
1	36878	A	371	 	A	375	 
1	36878	A	375	 	A	371	 
1	17	A	372	 	A	374	 
1	17	A	374	 	A	372	 
1	36891	A	372	 	A	375	 
1	36893	A	375	 	A	372	 
1	19	A	374	 	A	375	 
1	21	A	375	 	A	374	 
1	17	A	303	 	A	302	 
1	17	A	302	 	A	303	 
1	19	A	303	 	A	304	 
1	21	A	304	 	A	303	 
1	17	A	303	 	A	305	 
1	17	A	305	 	A	303	 
1	2	A	303	 	A	326	 
1	4	A	326	 	A	303	 
1	21	A	355	 	A	356	 
1	19	A	356	 	A	355	 
1	36895	A	355	 	A	357	 
1	36895	A	357	 	A	355	 
1	83	A	307	 	A	305	 
1	277	A	305	 	A	307	 
1	19	A	307	 	A	306	 
1	21	A	306	 	A	307	 
1	19	A	302	 	A	304	 
1	21	A	304	 	A	302	 
1	3	A	302	 	A	326	 
1	5	A	326	 	A	302	 
1	23	A	304	 	A	305	 
1	23	A	305	 	A	304	 
1	19	A	304	 	A	306	 
1	21	A	306	 	A	304	 
1	66	A	304	 	A	326	 
1	260	A	326	 	A	304	 
1	279	A	305	 	A	306	 
1	87	A	306	 	A	305	 
1	66	A	305	 	A	326	 
1	260	A	326	 	A	305	 
1	36874	A	306	 	A	326	 
1	36876	A	326	 	A	306	 
1	36876	A	306	 	A	329	 
1	36874	A	329	 	A	306	 
1	36878	A	306	 	A	330	 
1	36878	A	330	 	A	306	 
1	36872	A	306	 	A	333	 
1	36872	A	333	 	A	306	 
1	19	A	325	 	A	326	 
1	21	A	326	 	A	325	 
1	19	A	325	 	A	328	 
1	21	A	328	 	A	325	 
1	19	A	325	 	A	329	 
1	21	A	329	 	A	325	 
1	17	A	326	 	A	328	 
1	17	A	328	 	A	326	 
1	64539	A	326	 	A	329	 
1	64541	A	329	 	A	326	 
1	27	A	326	 	A	330	 
1	29	A	330	 	A	326	 
1	23	A	328	 	A	329	 
1	23	A	329	 	A	328	 
1	17	A	328	 	A	330	 
1	17	A	330	 	A	328	 
1	19	A	328	 	A	331	 
1	21	A	331	 	A	328	 
1	36891	A	328	 	A	332	 
1	36893	A	332	 	A	328	 
1	17	A	328	 	A	333	 
1	17	A	333	 	A	328	 
1	36938	A	328	 	A	363	 
1	37132	A	363	 	A	328	 
1	279	A	329	 	A	330	 
1	87	A	330	 	A	329	 
1	17	A	329	 	A	331	 
1	17	A	331	 	A	329	 
1	36955	A	329	 	A	332	 
1	37149	A	332	 	A	329	 
1	64603	A	329	 	A	333	 
1	64797	A	333	 	A	329	 
1	23	A	330	 	A	331	 
1	23	A	331	 	A	330	 
1	17	A	330	 	A	332	 
1	17	A	332	 	A	330	 
1	19	A	330	 	A	333	 
1	21	A	333	 	A	330	 
1	17	A	330	 	A	334	 
1	17	A	334	 	A	330	 
1	27	A	330	 	A	335	 
1	29	A	335	 	A	330	 
1	23	A	331	 	A	332	 
1	23	A	332	 	A	331	 
1	17	A	331	 	A	333	 
1	17	A	333	 	A	331	 
1	17	A	331	 	A	334	 
1	17	A	334	 	A	331	 
1	17	A	331	 	A	335	 
1	17	A	335	 	A	331	 
1	36878	A	331	 	A	363	 
1	36878	A	363	 	A	331	 
1	36872	A	331	 	A	368	 
1	36872	A	368	 	A	331	 
1	23	A	332	 	A	333	 
1	23	A	333	 	A	332	 
1	17	A	332	 	A	334	 
1	17	A	334	 	A	332	 
1	55306	A	332	 	A	363	 
1	55308	A	363	 	A	332	 
1	21	A	333	 	A	334	 
1	19	A	334	 	A	333	 
1	95	A	333	 	A	335	 
1	287	A	335	 	A	333	 
1	19	A	334	 	A	335	 
1	21	A	335	 	A	334	 
1	64539	A	363	 	A	368	 
1	64541	A	368	 	A	363	 
1	2	A	325	 	A	357	 
1	4	A	357	 	A	325	 
1	2	A	325	 	A	360	 
1	4	A	360	 	A	325	 
1	12	A	328	 	A	360	 
1	10	A	360	 	A	328	 
1	17	A	363	 	A	358	 
1	17	A	358	 	A	363	 
1	21	A	363	 	A	359	 
1	19	A	359	 	A	363	 
1	21	A	363	 	A	360	 
1	19	A	360	 	A	363	 
1	23	A	363	 	A	362	 
1	23	A	362	 	A	363	 
1	91	A	363	 	A	367	 
1	285	A	367	 	A	363	 
1	23	A	368	 	A	367	 
1	23	A	367	 	A	368	 
1	19	A	356	 	A	357	 
1	21	A	357	 	A	356	 
1	17	A	356	 	A	358	 
1	17	A	358	 	A	356	 
1	19	A	356	 	A	359	 
1	21	A	359	 	A	356	 
1	66	A	356	 	A	360	 
1	260	A	360	 	A	356	 
1	23	A	357	 	A	358	 
1	23	A	358	 	A	357	 
1	19	A	357	 	A	359	 
1	21	A	359	 	A	357	 
1	91	A	357	 	A	360	 
1	285	A	360	 	A	357	 
1	17	A	357	 	A	362	 
1	17	A	362	 	A	357	 
1	31	A	358	 	A	359	 
1	31	A	359	 	A	358	 
1	83	A	358	 	A	360	 
1	277	A	360	 	A	358	 
1	64603	A	358	 	A	362	 
1	64797	A	362	 	A	358	 
1	36959	A	359	 	A	360	 
1	37151	A	360	 	A	359	 
1	19	A	359	 	A	362	 
1	21	A	362	 	A	359	 
1	66	A	359	 	A	367	 
1	260	A	367	 	A	359	 
1	17	A	360	 	A	362	 
1	17	A	362	 	A	360	 
1	91	A	362	 	A	367	 
1	285	A	367	 	A	362	 
1	31	A	259	 	A	260	 
1	31	A	260	 	A	259	 
2	36874	A	200	 	A	600	 
2	2	A	201	 	A	600	 
2	2	A	202	 	A	600	 
2	36874	A	204	 	A	600	 
2	2	A	227	 	A	600	 
2	10	A	228	 	A	600	 
2	2	A	229	 	A	600	 
2	36872	A	182	 	A	600	 
2	36874	A	232	 	A	600	 
2	2	A	203	 	A	600	 
2	36872	A	207	 	A	600	 
2	2	A	225	 	A	600	 
2	36874	A	226	 	A	600	 
2	36874	A	231	 	A	600	 
2	36872	A	285	 	A	600	 
2	10	A	230	 	A	600	 
3	36876	A	600	 	A	200	 
3	4	A	600	 	A	201	 
3	4	A	600	 	A	202	 
3	36876	A	600	 	A	204	 
3	4	A	600	 	A	227	 
3	12	A	600	 	A	228	 
3	4	A	600	 	A	229	 
3	36872	A	600	 	A	182	 
3	36876	A	600	 	A	232	 
3	4	A	600	 	A	203	 
3	36872	A	600	 	A	207	 
3	4	A	600	 	A	225	 
3	36876	A	600	 	A	226	 
3	36876	A	600	 	A	231	 
3	36872	A	600	 	A	285	 
3	12	A	600	 	A	230	 
