1	36872	A	1	 	A	2	 
1	36872	A	2	 	A	1	 
1	36872	A	2	 	A	3	 
1	36872	A	3	 	A	2	 
1	36872	A	10	 	A	9	 
1	36872	A	9	 	A	10	 
1	36872	A	5	 	A	6	 
1	36872	A	6	 	A	5	 
1	36872	A	6	 	A	7	 
1	36872	A	7	 	A	6	 
1	36872	A	7	 	A	8	 
1	36872	A	8	 	A	7	 
1	36872	A	8	 	A	9	 
1	36872	A	9	 	A	8	 
1	36872	A	5	 	A	4	 
1	36872	A	4	 	A	5	 
1	36872	A	3	 	A	4	 
1	36872	A	4	 	A	3	 
2	36872	B	16	 	B	17	 
2	36872	B	17	 	B	16	 
2	36872	B	17	 	B	18	 
2	36872	B	18	 	B	17	 
2	36872	B	18	 	B	19	 
2	36872	B	19	 	B	18	 
2	36872	B	16	 	B	15	 
2	36872	B	15	 	B	16	 
2	36872	B	19	 	B	20	 
2	36872	B	20	 	B	19	 
2	36872	B	13	 	B	14	 
2	36872	B	14	 	B	13	 
2	36872	B	14	 	B	15	 
2	36872	B	15	 	B	14	 
2	36872	B	13	 	B	12	 
2	36872	B	12	 	B	13	 
2	36872	B	11	 	B	12	 
2	36872	B	12	 	B	11	 
3	36872	A	1	 	B	19	 
3	36872	A	1	 	B	20	 
3	36872	A	2	 	B	19	 
3	36872	A	2	 	B	20	 
3	36872	A	2	 	B	13	 
3	36872	A	10	 	B	11	 
3	36872	A	10	 	B	12	 
3	36872	A	5	 	B	16	 
3	36872	A	5	 	B	17	 
3	36872	A	6	 	B	16	 
3	36872	A	5	 	B	15	 
3	36872	A	6	 	B	14	 
3	36872	A	6	 	B	15	 
3	36872	A	7	 	B	13	 
3	36872	A	7	 	B	14	 
3	36872	A	7	 	B	15	 
3	36872	A	8	 	B	13	 
3	36872	A	8	 	B	14	 
3	36872	A	9	 	B	13	 
3	36872	A	9	 	B	12	 
3	36872	A	3	 	B	17	 
3	36872	A	3	 	B	18	 
3	36872	A	4	 	B	16	 
3	36872	A	4	 	B	17	 
3	36872	A	4	 	B	18	 
3	36872	A	3	 	B	19	 
4	36872	B	19	 	A	1	 
4	36872	B	20	 	A	1	 
4	36872	B	19	 	A	2	 
4	36872	B	20	 	A	2	 
4	36872	B	13	 	A	2	 
4	36872	B	11	 	A	10	 
4	36872	B	12	 	A	10	 
4	36872	B	16	 	A	5	 
4	36872	B	17	 	A	5	 
4	36872	B	16	 	A	6	 
4	36872	B	15	 	A	5	 
4	36872	B	14	 	A	6	 
4	36872	B	15	 	A	6	 
4	36872	B	13	 	A	7	 
4	36872	B	14	 	A	7	 
4	36872	B	15	 	A	7	 
4	36872	B	13	 	A	8	 
4	36872	B	14	 	A	8	 
4	36872	B	13	 	A	9	 
4	36872	B	12	 	A	9	 
4	36872	B	17	 	A	3	 
4	36872	B	18	 	A	3	 
4	36872	B	16	 	A	4	 
4	36872	B	17	 	A	4	 
4	36872	B	18	 	A	4	 
4	36872	B	19	 	A	3	 
5	36872	A	10	 	A	22	 
5	36872	A	9	 	A	22	 
6	36872	A	22	 	A	10	 
6	36872	A	22	 	A	9	 
7	36872	A	2	 	A	21	 
7	36872	A	3	 	A	21	 
7	36872	A	4	 	A	21	 
8	36872	A	21	 	A	2	 
8	36872	A	21	 	A	3	 
8	36872	A	21	 	A	4	 
9	36872	B	13	 	A	21	 
9	36872	B	14	 	A	21	 
9	36872	B	12	 	A	21	 
10	36872	A	21	 	B	13	 
10	36872	A	21	 	B	14	 
10	36872	A	21	 	B	12	 
